OSPath,Mtime,Content,Upload
/Library/Preferences/.GlobalPreferences.plist,2026-08-27T19:48:28.00646257Z,"{
 ""AppleLanguages"": [
  ""en-US"",
  ""de-DE""
 ],
 ""AppleLocale"": ""en_US@rg=dezzzz"",
 ""AppleTextDirection"": false,
 ""Country"": ""DE"",
 ""com.apple.AppleModemSettingTool.LastCountryCode"": ""DE""
}",
/Library/Preferences/com.adobe.acrobat.DC.WebResource.plist,2026-09-11T11:33:03.120345851Z,"{
 ""iUpdateId"": 0,
 ""irandom"": 5718,
 ""tFullVersion"": ""26.002.21901.0"",
 ""tWebResourceInstallPath"": ""Resource0""
}",
/Library/Preferences/com.apple.AppleFileServer.plist,2024-07-28T10:02:41.128801791Z,"{
 ""kerberosPrincipal"": ""afpserver/LKDC:SHA1.351BE8AA51B950ED624D2D764302857FB00BA0FA@LKDC:SHA1.351BE8AA51B950ED624D2D764302857FB00BA0FA""
}",
/Library/Preferences/com.apple.AssetCache.plist,2024-10-08T11:18:17.18327806Z,"{
 ""Activated"": false,
 ""CacheLimit"": 0,
 ""DataPath"": ""/Library/Application Support/Apple/AssetCache/Data"",
 ""ListenWithPeersAndParents"": true,
 ""LocalSubnetsOnly"": true,
 ""PeerLocalSubnetsOnly"": true,
 ""Port"": 0,
 ""ReservedVolumeSpace"": 2000000000,
 ""ServerGUID"": ""17E4C948-A916-4F26-86E4-4FC599E84531"",
 ""Version"": 1
}",
/Library/Preferences/com.apple.BezelServices.plist,2024-08-27T11:46:17.423682624Z,"{
 ""BatteryHistory"": {},
 ""afActionHistory"": {}
}",
/Library/Preferences/com.apple.ByteRangeLocking.plist,2026-08-13T02:51:55Z,"{
 ""DB_HASH_TABLE_MAX"": 4096,
 ""DB_INIT_SIZE"": 2097152,
 ""DB_Location"": ""/var/db/BRLM.db"",
 ""DB_PROC_TABLE_MAX"": 1000
}",
/Library/Preferences/com.apple.FindMyMac.plist,2026-06-16T20:12:15.652474927Z,"{
 ""FMMEnabled"": true
}",
/Library/Preferences/com.apple.HIToolbox.plist,2024-08-27T11:46:37.392597749Z,"{
 ""AppleCurrentKeyboardLayoutInputSourceID"": ""com.apple.keylayout.ABC-QWERTZ"",
 ""AppleEnabledInputSources"": [
  {
   ""InputSourceKind"": ""Keyboard Layout"",
   ""KeyboardLayout ID"": 3,
   ""KeyboardLayout Name"": ""German""
  },
  {
   ""InputSourceKind"": ""Keyboard Layout"",
   ""KeyboardLayout ID"": 253,
   ""KeyboardLayout Name"": ""ABC-QWERTZ""
  }
 ],
 ""AppleInputSourceHistory"": [
  {
   ""InputSourceKind"": ""Keyboard Layout"",
   ""KeyboardLayout ID"": 253,
   ""KeyboardLayout Name"": ""ABC-QWERTZ""
  },
  {
   ""InputSourceKind"": ""Keyboard Layout"",
   ""KeyboardLayout ID"": 3,
   ""KeyboardLayout Name"": ""German""
  }
 ],
 ""AppleSelectedInputSources"": [
  {
   ""InputSourceKind"": ""Keyboard Layout"",
   ""KeyboardLayout ID"": 253,
   ""KeyboardLayout Name"": ""ABC-QWERTZ""
  }
 ]
}",
/Library/Preferences/com.apple.MCX.plist,2026-08-27T19:48:22.776573419Z,"{
 ""ComputerPrefsLastRemovedDate"": ""2026-08-27T19:48:22.776468038Z""
}",
/Library/Preferences/com.apple.PowerManagement.5E35EA44-EFDA-5763-ABC9-1AC45973A2DB.plist,2026-08-27T19:48:20.072866136Z,"{
 ""AC Power"": {
  ""Hibernate File"": ""/var/vm/sleepimage"",
  ""Hibernate Mode"": 3,
  ""LowPowerMode"": 0,
  ""PrioritizeNetworkReachabilityOverSleep"": 0,
  ""Sleep On Power Button"": 1,
  ""Standby Enabled"": 1,
  ""TCPKeepAlivePref"": 1,
  ""TTYSPreventSleep"": 1
 },
 ""Battery Power"": {
  ""Hibernate File"": ""/var/vm/sleepimage"",
  ""Hibernate Mode"": 3,
  ""LowPowerMode"": 0,
  ""PrioritizeNetworkReachabilityOverSleep"": 0,
  ""Sleep On Power Button"": 1,
  ""Standby Enabled"": 1,
  ""TCPKeepAlivePref"": 1,
  ""TTYSPreventSleep"": 1
 },
 ""BatteryWarn"": {
  ""F8Y42710CP913QFCE"": 1787860089
 }
}",
/Library/Preferences/com.apple.PowerManagement.plist,2026-09-12T04:43:36.172188159Z,"{
 ""AC Power"": {
  ""DarkWakeBackgroundTasks"": 1,
  ""Disk Sleep Timer"": 10,
  ""Display Sleep Timer"": 10,
  ""System Sleep Timer"": 1,
  ""Wake On LAN"": 1
 },
 ""Battery Power"": {
  ""DarkWakeBackgroundTasks"": 1,
  ""Disk Sleep Timer"": 10,
  ""Display Sleep Timer"": 2,
  ""ReduceBrightness"": false,
  ""System Sleep Timer"": 1,
  ""Wake On LAN"": 0
 },
 ""SystemPowerSettings"": {
  ""Update DarkWakeBG Setting"": true
 }
}",
/Library/Preferences/com.apple.SoftwareUpdate.plist,2026-09-12T04:47:50.91514Z,"{
 ""AutoInstallProductKeys"": [
  ""MSU_UPDATE_25G83_patch_26.6.2_minor""
 ],
 ""AutomaticDownload"": true,
 ""AutomaticallyInstallMacOSUpdates"": true,
 ""ConfigDataInstall"": true,
 ""CriticalUpdateInstall"": true,
 ""DDMPersistedErrorKey"": {},
 ""FirstInstallTonightDateDictionary"": {
  ""MSU_UPDATE_24G84_patch_15.6_minor"": ""2025-08-02T13:02:36Z"",
  ""MSU_UPDATE_25A362_patch_26.0.1_minor"": ""2025-10-04T11:45:42Z"",
  ""MSU_UPDATE_25F80_patch_26.5.1_minor"": ""2026-06-16T13:03:03Z"",
  ""MSU_UPDATE_25F84_patch_26.5.2_minor"": ""2026-07-15T16:34:25Z"",
  ""MSU_UPDATE_25G83_patch_26.6.2_minor"": ""2026-08-27T12:31:20Z""
 },
 ""FirstOfferDateDictionary"": {
  ""MSU_UPDATE_24G222_patch_15.7_minor"": ""2025-09-16T16:53:39Z"",
  ""MSU_UPDATE_24G84_patch_15.6_minor"": ""2025-07-31T17:11:32Z"",
  ""MSU_UPDATE_24G90_patch_15.6.1_minor"": ""2025-08-30T07:23:33Z"",
  ""MSU_UPDATE_25A354_patch_26.0_major"": ""2025-09-16T16:53:39Z"",
  ""MSU_UPDATE_25A362_patch_26.0.1_minor"": ""2025-10-04T04:29:27Z"",
  ""MSU_UPDATE_25B78_patch_26.1_minor"": ""2025-11-13T21:27:16Z"",
  ""MSU_UPDATE_25C56_patch_26.2_minor"": ""2025-12-25T20:50:11Z"",
  ""MSU_UPDATE_25D125_patch_26.3_minor"": ""2026-02-13T15:16:22Z"",
  ""MSU_UPDATE_25E246_patch_26.4_minor"": ""2026-03-26T18:35:18Z"",
  ""MSU_UPDATE_25E253_patch_26.4.1_minor"": ""2026-04-10T14:11:01Z"",
  ""MSU_UPDATE_25F71_patch_26.5_minor"": ""2026-05-12T04:58:02Z"",
  ""MSU_UPDATE_25F80_patch_26.5.1_minor"": ""2026-06-03T05:31:20Z"",
  ""MSU_UPDATE_25F84_patch_26.5.2_minor"": ""2026-07-03T21:55:21Z"",
  ""MSU_UPDATE_25G72_patch_26.6_minor"": ""2026-08-03T08:09:05Z"",
  ""MSU_UPDATE_25G76_patch_26.6.1_minor"": ""2026-08-09T09:54:01Z"",
  ""MSU_UPDATE_25G83_patch_26.6.2_minor"": ""2026-08-26T15:25:19Z""
 },
 ""InstallDateDictionary"": {
  ""25C56"": ""2025-12-25T21:16:48Z"",
  ""25D125"": ""2026-02-15T20:49:37Z"",
  ""25E253"": ""2026-04-16T15:22:32Z"",
  ""25F80"": ""2026-06-16T20:06:39Z"",
  ""25F84"": ""2026-07-17T17:51:04Z"",
  ""25G83"": ""2026-08-27T19:43:17Z""
 },
 ""LastAttemptBuildVersion"": ""26.6.2 (25G83)"",
 ""LastAttemptSystemVersion"": ""26.6.2 (25G83)"",
 ""LastBackgroundSuccessfulDate"": ""2026-09-06T13:14:35Z"",
 ""LastCollectedLoginCredentialDate"": ""2026-08-27T19:41:11Z"",
 ""LastFullSuccessfulDate"": ""2026-09-12T04:47:38Z"",
 ""LastLoginWindowHarvestDate"": ""2026-08-27T12:31:09Z"",
 ""LastLoginWindowHarvestMethod"": ""ReqAuto"",
 ""LastRecommendedMajorOSBundleIdentifier"": """",
 ""LastRecommendedUpdatesAvailable"": 1,
 ""LastResultCode"": 2,
 ""LastSessionSuccessful"": true,
 ""LastSuccessfulBackgroundMSUScanDate"": ""2026-09-06T13:14:36Z"",
 ""LastSuccessfulDate"": ""2026-09-12T04:47:42Z"",
 ""LastUpdatesAvailable"": 1,
 ""PostSuccessfulMinorUpdatePostLogOutNotification"": false,
 ""PrimaryLanguages"": [
  ""en-US"",
  ""en""
 ],
 ""RecommendedUpdates"": [],
 ""SplatEnabled"": true
}",
/Library/Preferences/com.apple.TimeMachine.plist,2026-09-12T04:42:03.93457592Z,,
/Library/Preferences/com.apple.apsd.plist,2026-09-14T08:12:24.726909603Z,"{
 ""APSEnvironments"": {
  ""development"": {
   ""APSLargeMessageSize"": 0,
   ""APSMessageSize"": 0
  },
  ""production"": {
   ""APSLargeMessageSize"": 51200,
   ""APSMessageSize"": 5120
  }
 },
 ""APSPersistentTopics"": {
  ""0"": {
   ""com.apple.aps.diagnosticpipeline.tasking"": {
    ""darkWakeEnabled"": false,
    ""enabled"": [
     ""com.apple.symptomsd-diag""
    ],
    ""environment"": ""production"",
    ""port"": ""com.apple.aps.diagnosticpipeline.tasking"",
    ""processName"": ""symptomsd-diag"",
    ""tokenAcked"": true,
    ""user"": ""0""
   },
   ""com.apple.aps.mobileassetd"": {
    ""darkWakeEnabled"": false,
    ""enabled"": [
     ""com.apple.mobileassetd""
    ],
    ""environment"": ""production"",
    ""opportunistic"": [],
    ""port"": ""com.apple.aps.mobileassetd"",
    ""processName"": ""mobileassetd"",
    ""tokenAcked"": true,
    ""user"": ""0""
   },
   ""com.apple.aps.system.triald"": {
    ""darkWakeEnabled"": false,
    ""environment"": ""production"",
    ""opportunistic"": [
     ""com.apple.triald""
    ],
    ""port"": ""com.apple.aps.system.triald"",
    ""processName"": ""triald_system"",
    ""tokenAcked"": true,
    ""user"": ""0""
   },
   ""com.apple.icloud.findmydeviced.aps-production"": {
    ""criticalWake"": [
     ""com.apple.mobileme.fmip""
    ],
    ""darkWake"": [
     ""com.apple.mobileme.fmip""
    ],
    ""darkWakeEnabled"": true,
    ""enabled"": [
     ""com.apple.mobileme.fmip""
    ],
    ""environment"": ""production"",
    ""port"": ""com.apple.icloud.findmydeviced.aps-production"",
    ""processName"": ""findmydeviced"",
    ""tokenAcked"": true,
    ""user"": ""0""
   }
  },
  ""248"": {
   ""com.apple.AdSheetPhone.push"": {
    ""darkWakeEnabled"": false,
    ""enabled"": [
     ""com.apple.icloud-container.com.apple.AdSheetPhone""
    ],
    ""environment"": ""production"",
    ""port"": ""com.apple.AdSheetPhone.push"",
    ""processName"": ""adprivacyd"",
    ""tokenAcked"": true,
    ""user"": ""248""
   },
   ""com.apple.CallHistorySyncHelper.aps"": {
    ""darkWakeEnabled"": false,
    ""enabled"": [
     ""com.apple.icloud-container.com.apple.callhistory.sync-helper""
    ],
    ""environment"": ""production"",
    ""port"": ""com.apple.CallHistorySyncHelper.aps"",
    ""processName"": ""CallHistorySyncHelper"",
    ""tokenAcked"": true,
    ""user"": ""248""
   },
   ""com.apple.SafariBookmarksSyncAgent.Push"": {
    ""darkWakeEnabled"": false,
    ""environment"": ""production"",
    ""ignored"": [
     ""com.apple.icloud-container.com.apple.SafariShared.WBSCloudBookmarksStore"",
     ""com.apple.icloud-container.com.apple.SafariShared.CloudTabs"",
     ""com.apple.icloud-container.com.apple.SafariShared.Settings""
    ],
    ""port"": ""com.apple.SafariBookmarksSyncAgent.Push"",
    ""processName"": ""SafariBookmarksSyncAgent"",
    ""tokenAcked"": true,
    ""user"": ""248""
   },
   ""com.apple.ak.aps"": {
    ""darkWakeEnabled"": false,
    ""enabled"": [
     ""com.apple.idmsauth""
    ],
    ""environment"": ""production"",
    ""port"": ""com.apple.ak.aps"",
    ""processName"": ""akd"",
    ""tokenAcked"": true,
    ""user"": ""248""
   },
   ""com.apple.aps.StatusKit"": {
    ""darkWakeEnabled"": false,
    ""environment"": ""production"",
    ""nonWaking"": [
     ""com.apple.icloud.presence.mode.status"",
     ""com.apple.icloud.presence.shared.experience""
    ],
    ""port"": ""com.apple.aps.StatusKit"",
    ""processName"": ""StatusKitAgent"",
    ""tokenAcked"": true,
    ""user"": ""248""
   },
   ""com.apple.aps.aa"": {
    ""darkWakeEnabled"": false,
    ""enabled"": [
     ""com.apple.aa.idms"",
     ""com.apple.aa.setupservice""
    ],
    ""environment"": ""production"",
    ""port"": ""com.apple.aps.aa"",
    ""processName"": ""appleaccountd"",
    ""tokenAcked"": true,
    ""user"": ""248""
   },
   ""com.apple.aps.amsaccountsd"": {
    ""darkWakeEnabled"": false,
    ""enabled"": [
     ""com.apple.amsaccountsd""
    ],
    ""environment"": ""production"",
    ""port"": ""com.apple.aps.amsaccountsd"",
    ""processName"": ""amsaccountsd"",
    ""tokenAcked"": true,
    ""user"": ""248""
   },
   ""com.apple.aps.amsengagementd"": {
    ""darkWakeEnabled"": false,
    ""enabled"": [
     ""com.apple.icloud-container.com.apple.amsengagementd""
    ],
    ""environment"": ""production"",
    ""port"": ""com.apple.aps.amsengagementd"",
    ""processName"": ""amsengagementd"",
    ""tokenAcked"": true,
    ""user"": ""248""
   },
   ""com.apple.aps.appstoreagent"": {
    ""darkWakeEnabled"": false,
    ""enabled"": [
     ""com.apple.appstored""
    ],
    ""environment"": ""production"",
    ""ignored"": [
     ""com.apple.appstored-testflight"",
     ""com.apple.storekit""
    ],
    ""port"": ""com.apple.aps.appstoreagent"",
    ""processName"": ""appstoreagent"",
    ""tokenAcked"": true,
    ""user"": ""248""
   },
   ""com.apple.aps.assistantd.fmip"": {
    ""darkWakeEnabled"": false,
    ""enabled"": [
     ""com.apple.icloud.fmip.voiceassistantsync""
    ],
    ""environment"": ""production"",
    ""port"": ""com.apple.aps.assistantd.fmip"",
    ""processName"": ""assistantd"",
    ""tokenAcked"": true,
    ""user"": ""248""
   },
   ""com.apple.aps.bluetoothuserd"": {
    ""darkWakeEnabled"": false,
    ""enabled"": [
     ""com.apple.icloud-container.com.apple.bluetoothuserd""
    ],
    ""environment"": ""production"",
    ""port"": ""com.apple.aps.bluetoothuserd"",
    ""processName"": ""bluetoothuserd"",
    ""tokenAcked"": true,
    ""user"": ""248""
   },
   ""com.apple.aps.family"": {
    ""darkWakeEnabled"": false,
    ""enabled"": [
     ""com.icloud.family""
    ],
    ""environment"": ""production"",
    ""port"": ""com.apple.aps.family"",
    ""processName"": ""familycircled"",
    ""tokenAcked"": true,
    ""user"": ""248""
   },
   ""com.apple.aps.imagent"": {
    ""darkWake"": [
     ""com.apple.icloud-container.com.apple.imagent""
    ],
    ""darkWakeEnabled"": true,
    ""enabled"": [
     ""com.apple.icloud-container.com.apple.imagent""
    ],
    ""environment"": ""production"",
    ""port"": ""com.apple.aps.imagent"",
    ""processName"": ""imagent"",
    ""tokenAcked"": true,
    ""user"": ""248""
   },
   ""com.apple.aps.itunescloudd"": {
    ""darkWakeEnabled"": false,
    ""enabled"": [
     ""com.apple.itunesstored""
    ],
    ""environment"": ""production"",
    ""port"": ""com.apple.aps.itunescloudd"",
    ""processName"": ""itunescloudd"",
    ""tokenAcked"": true,
    ""user"": ""248""
   },
   ""com.apple.aps.kvsd"": {
    ""darkWake"": [
     ""com.apple.icloud-container.com.apple.syncdefaultsd""
    ],
    ""darkWakeEnabled"": true,
    ""enabled"": [
     ""com.apple.icloud-container.com.apple.syncdefaultsd""
    ],
    ""environment"": ""production"",
    ""port"": ""com.apple.aps.kvsd"",
    ""processName"": ""syncdefaultsd"",
    ""tokenAcked"": true,
    ""user"": ""248""
   },
   ""com.apple.aps.searchpartyuseragent"": {
    ""darkWakeEnabled"": false,
    ""enabled"": [
     ""com.apple.icloud-container.com.apple.icloud.searchpartyuseragent""
    ],
    ""environment"": ""production"",
    ""port"": ""com.apple.aps.searchpartyuseragent"",
    ""processName"": ""searchpartyuseragent"",
    ""tokenAcked"": true,
    ""user"": ""248""
   },
   ""com.apple.aps.transparencyd"": {
    ""darkWakeEnabled"": false,
    ""enabled"": [
     ""com.apple.icloud-container.com.apple.transparencyd""
    ],
    ""environment"": ""production"",
    ""port"": ""com.apple.aps.transparencyd"",
    ""processName"": ""transparencyd"",
    ""tokenAcked"": true,
    ""user"": ""248""
   },
   ""com.apple.assistantd.aps"": {
    ""darkWakeEnabled"": false,
    ""enabled"": [
     ""com.apple.icloud-container.com.apple.assistant.assistantd""
    ],
    ""environment"": ""production"",
    ""port"": ""com.apple.assistantd.aps"",
    ""processName"": ""assistantd"",
    ""tokenAcked"": true,
    ""user"": ""248""
   },
   ""com.apple.coreservices.appleid.aps"": {
    ""darkWakeEnabled"": false,
    ""enabled"": [
     ""com.apple.idmsauthagent""
    ],
    ""environment"": ""production"",
    ""port"": ""com.apple.coreservices.appleid.aps"",
    ""processName"": ""sharingd"",
    ""tokenAcked"": true,
    ""user"": ""248""
   },
   ""com.apple.keyboardServices.textReplacementServer.aps"": {
    ""darkWakeEnabled"": false,
    ""enabled"": [
     ""com.apple.icloud-container.com.apple.keyboardservicesd""
    ],
    ""environment"": ""production"",
    ""port"": ""com.apple.keyboardServices.textReplacementServer.aps"",
    ""processName"": ""keyboardservicesd"",
    ""tokenAcked"": true,
    ""user"": ""248""
   },
   ""com.apple.passd.aps"": {
    ""darkWakeEnabled"": false,
    ""enabled"": [
     ""com.apple.wallet.sharing"",
     ""com.apple.apply.service"",
     ""com.apple.wallet.sharing.partners"",
     ""com.apple.passd"",
     ""com.apple.pay.auxiliary.registration.requirement.prod"",
     ""com.apple.account.service"",
     ""com.apple.peerpayment"",
     ""com.apple.wallet.sharing.qa""
    ],
    ""environment"": ""production"",
    ""port"": ""com.apple.passd.aps"",
    ""processName"": ""passd"",
    ""tokenAcked"": true,
    ""user"": ""248""
   },
   ""com.apple.securityd.aps"": {
    ""darkWake"": [
     ""com.apple.icloud-container.com.apple.security.cuttlefish"",
     ""com.apple.icloud-container.com.apple.TrustedPeersHelper"",
     ""com.apple.icloud-container.com.apple.securityd""
    ],
    ""darkWakeEnabled"": true,
    ""enabled"": [
     ""com.apple.icloud-container.com.apple.securityd"",
     ""com.apple.icloud-container.com.apple.TrustedPeersHelper"",
     ""com.apple.icloud-container.com.apple.security.cuttlefish""
    ],
    ""environment"": ""production"",
    ""port"": ""com.apple.securityd.aps"",
    ""processName"": ""secd"",
    ""tokenAcked"": true,
    ""user"": ""248""
   },
   ""com.apple.siriknowledged.aps"": {
    ""darkWakeEnabled"": false,
    ""enabled"": [
     ""com.apple.icloud-container.com.apple.siriknowledged""
    ],
    ""environment"": ""production"",
    ""port"": ""com.apple.siriknowledged.aps"",
    ""processName"": ""siriknowledged"",
    ""tokenAcked"": true,
    ""user"": ""248""
   }
  },
  ""260"": {
   ""com.apple.seld.aps"": {
    ""darkWakeEnabled"": false,
    ""enabled"": [
     ""com.apple.seld""
    ],
    ""environment"": ""production"",
    ""port"": ""com.apple.seld.aps"",
    ""processName"": ""seld"",
    ""tokenAcked"": true,
    ""user"": ""260""
   }
  },
  ""262"": {
   ""com.apple.securityd.aps"": {
    ""darkWake"": [
     ""com.apple.icloud-container.com.apple.securityd"",
     ""com.apple.icloud-container.com.apple.TrustedPeersHelper"",
     ""com.apple.icloud-container.com.apple.security.cuttlefish""
    ],
    ""darkWakeEnabled"": true,
    ""enabled"": [
     ""com.apple.icloud-container.com.apple.security.cuttlefish"",
     ""com.apple.icloud-container.com.apple.TrustedPeersHelper"",
     ""com.apple.icloud-container.com.apple.securityd""
    ],
    ""environment"": ""production"",
    ""port"": ""com.apple.securityd.aps"",
    ""processName"": ""secd"",
    ""tokenAcked"": true,
    ""user"": ""262""
   }
  },
  ""501"": {
   ""com.apple.AOSPushRelay.push"": {
    ""darkWakeEnabled"": false,
    ""enabled"": [
     ""com.me.setupservice""
    ],
    ""environment"": ""production"",
    ""port"": ""com.apple.AOSPushRelay.push"",
    ""processName"": ""AOSPushRelay"",
    ""tokenAcked"": true,
    ""user"": ""501""
   },
   ""com.apple.AddressBook.PushNotification"": {
    ""darkWake"": [
     ""com.me.contacts""
    ],
    ""darkWakeEnabled"": true,
    ""enabled"": [
     ""com.me.contacts""
    ],
    ""environment"": ""production"",
    ""port"": ""com.apple.AddressBook.PushNotification"",
    ""processName"": ""AddressBookSourceSync"",
    ""tokenAcked"": true,
    ""user"": ""501""
   },
   ""com.apple.CallHistorySyncHelper.aps"": {
    ""darkWakeEnabled"": false,
    ""enabled"": [
     ""com.apple.icloud-container.com.apple.callhistory.sync-helper""
    ],
    ""environment"": ""production"",
    ""port"": ""com.apple.CallHistorySyncHelper.aps"",
    ""processName"": ""CallHistorySyncHelper"",
    ""tokenAcked"": true,
    ""user"": ""501""
   },
   ""com.apple.Maps.mapspushd.icloud"": {
    ""darkWakeEnabled"": false,
    ""enabled"": [
     ""com.apple.maps.icloud""
    ],
    ""environment"": ""production"",
    ""port"": ""com.apple.Maps.mapspushd.icloud"",
    ""processName"": ""mapspushd"",
    ""tokenAcked"": true,
    ""user"": ""501""
   },
   ""com.apple.SafariBookmarksSyncAgent.Push"": {
    ""darkWakeEnabled"": false,
    ""enabled"": [
     ""com.apple.icloud-container.com.apple.SafariShared.Settings"",
     ""com.apple.icloud-container.com.apple.SafariShared.CloudTabs"",
     ""com.apple.icloud-container.com.apple.SafariShared.WBSCloudBookmarksStore""
    ],
    ""environment"": ""production"",
    ""port"": ""com.apple.SafariBookmarksSyncAgent.Push"",
    ""processName"": ""SafariBookmarksSyncAgent"",
    ""tokenAcked"": true,
    ""user"": ""501""
   },
   ""com.apple.ak.aps"": {
    ""darkWakeEnabled"": false,
    ""enabled"": [
     ""com.apple.idmsauth""
    ],
    ""environment"": ""production"",
    ""port"": ""com.apple.ak.aps"",
    ""processName"": ""akd"",
    ""tokenAcked"": true,
    ""user"": ""0""
   },
   ""com.apple.aps.AccessibilityUIServer"": {
    ""darkWakeEnabled"": false,
    ""enabled"": [
     ""com.apple.icloud-container.com.apple.accessibility.guest-pass""
    ],
    ""environment"": ""production"",
    ""port"": ""com.apple.aps.AccessibilityUIServer"",
    ""processName"": ""AccessibilityUIServer"",
    ""tokenAcked"": true,
    ""user"": ""501""
   },
   ""com.apple.aps.SafariCloudHistoryPushAgent"": {
    ""darkWakeEnabled"": false,
    ""enabled"": [
     ""com.apple.icloud-container.com.apple.Safari""
    ],
    ""environment"": ""production"",
    ""port"": ""com.apple.aps.SafariCloudHistoryPushAgent"",
    ""processName"": ""com.apple.Safari.History"",
    ""tokenAcked"": true,
    ""user"": ""501""
   },
   ""com.apple.aps.StatusKit"": {
    ""darkWakeEnabled"": false,
    ""environment"": ""production"",
    ""nonWaking"": [
     ""com.apple.icloud.presence.shared.experience.homekit"",
     ""com.apple.icloud.presence.mode.status"",
     ""com.apple.icloud.presence.shared.experience""
    ],
    ""port"": ""com.apple.aps.StatusKit"",
    ""processName"": ""StatusKitAgent"",
    ""tokenAcked"": true,
    ""user"": ""501""
   },
   ""com.apple.aps.StatusKit.CloudKitMirroring"": {
    ""darkWakeEnabled"": false,
    ""enabled"": [
     ""com.apple.icloud-container.com.apple.StatusKitAgent""
    ],
    ""environment"": ""production"",
    ""port"": ""com.apple.aps.StatusKit.CloudKitMirroring"",
    ""processName"": ""StatusKitAgent"",
    ""tokenAcked"": true,
    ""user"": ""501""
   },
   ""com.apple.aps.UsageTrackingAgent"": {
    ""darkWakeEnabled"": false,
    ""environment"": ""production"",
    ""opportunistic"": [
     ""com.apple.icloud-container.com.apple.UsageTrackingAgent""
    ],
    ""port"": ""com.apple.aps.UsageTrackingAgent"",
    ""processName"": ""UsageTrackingAgent"",
    ""tokenAcked"": true,
    ""user"": ""501""
   },
   ""com.apple.aps.aa"": {
    ""darkWakeEnabled"": false,
    ""enabled"": [
     ""com.apple.aa.idms"",
     ""com.apple.aa.setupservice""
    ],
    ""environment"": ""production"",
    ""port"": ""com.apple.aps.aa"",
    ""processName"": ""appleaccountd"",
    ""tokenAcked"": true,
    ""user"": ""501""
   },
   ""com.apple.aps.amsaccountsd"": {
    ""darkWakeEnabled"": false,
    ""enabled"": [
     ""com.apple.ams.ts-datasync"",
     ""com.apple.amsaccountsd"",
     ""com.apple.ams.accountdata""
    ],
    ""environment"": ""production"",
    ""port"": ""com.apple.aps.amsaccountsd"",
    ""processName"": ""amsaccountsd"",
    ""tokenAcked"": true,
    ""user"": ""501""
   },
   ""com.apple.aps.amsengagementd"": {
    ""darkWakeEnabled"": false,
    ""enabled"": [
     ""com.apple.icloud-container.com.apple.amsengagementd""
    ],
    ""environment"": ""production"",
    ""port"": ""com.apple.aps.amsengagementd"",
    ""processName"": ""amsengagementd"",
    ""tokenAcked"": true,
    ""user"": ""501""
   },
   ""com.apple.aps.amsprivateidentifiers"": {
    ""darkWakeEnabled"": false,
    ""enabled"": [
     ""com.apple.icloud-container.com.apple.amsprivateidentifiers""
    ],
    ""environment"": ""production"",
    ""port"": ""com.apple.aps.amsprivateidentifiers"",
    ""processName"": ""amsaccountsd"",
    ""tokenAcked"": true,
    ""user"": ""501""
   },
   ""com.apple.aps.appleaccountd"": {
    ""darkWakeEnabled"": false,
    ""enabled"": [
     ""com.apple.icloud-container.com.apple.appleaccount.custodian.private"",
     ""com.apple.icloud-container.com.apple.appleaccount.beneficiary.private"",
     ""com.apple.icloud-container.com.apple.appleaccount.beneficiary"",
     ""com.apple.icloud-container.com.apple.appleaccount.custodian""
    ],
    ""environment"": ""production"",
    ""port"": ""com.apple.aps.appleaccountd"",
    ""processName"": ""appleaccountd"",
    ""tokenAcked"": true,
    ""user"": ""501""
   },
   ""com.apple.aps.applecare.push.handler"": {
    ""darkWakeEnabled"": false,
    ""enabled"": [
     ""com.apple.aps.applecare""
    ],
    ""environment"": ""production"",
    ""port"": ""com.apple.aps.applecare.push.handler"",
    ""processName"": ""ndoagent"",
    ""tokenAcked"": true,
    ""user"": ""501""
   },
   ""com.apple.aps.appstoreagent"": {
    ""darkWakeEnabled"": false,
    ""enabled"": [
     ""com.apple.appstored""
    ],
    ""environment"": ""production"",
    ""ignored"": [
     ""com.apple.appstored-testflight"",
     ""com.apple.storekit""
    ],
    ""port"": ""com.apple.aps.appstoreagent"",
    ""processName"": ""appstoreagent"",
    ""tokenAcked"": true,
    ""user"": ""501""
   },
   ""com.apple.aps.askpermission"": {
    ""darkWakeEnabled"": false,
    ""enabled"": [
     ""com.apple.askpermissiond"",
     ""com.icloud.askpermission""
    ],
    ""environment"": ""production"",
    ""port"": ""com.apple.aps.askpermission"",
    ""processName"": ""askpermissiond"",
    ""tokenAcked"": true,
    ""user"": ""501""
   },
   ""com.apple.aps.assistantd.fmip"": {
    ""darkWakeEnabled"": false,
    ""enabled"": [
     ""com.apple.icloud.fmip.voiceassistantsync""
    ],
    ""environment"": ""production"",
    ""port"": ""com.apple.aps.assistantd.fmip"",
    ""processName"": ""assistantd"",
    ""tokenAcked"": true,
    ""user"": ""501""
   },
   ""com.apple.aps.avatar.service"": {
    ""darkWakeEnabled"": false,
    ""enabled"": [
     ""com.apple.icloud-container.com.apple.avatarsd""
    ],
    ""environment"": ""production"",
    ""port"": ""com.apple.aps.avatar.service"",
    ""processName"": ""avatarsd"",
    ""tokenAcked"": true,
    ""user"": ""501""
   },
   ""com.apple.aps.bluetoothuserd"": {
    ""darkWakeEnabled"": false,
    ""enabled"": [
     ""com.apple.icloud-container.com.apple.bluetoothuserd""
    ],
    ""environment"": ""production"",
    ""port"": ""com.apple.aps.bluetoothuserd"",
    ""processName"": ""bluetoothuserd"",
    ""tokenAcked"": true,
    ""user"": ""501""
   },
   ""com.apple.aps.bookassetd"": {
    ""darkWakeEnabled"": false,
    ""enabled"": [
     ""com.apple.bookassetd""
    ],
    ""environment"": ""production"",
    ""port"": ""com.apple.aps.bookassetd"",
    ""processName"": ""bookassetd"",
    ""tokenAcked"": true,
    ""user"": ""501""
   },
   ""com.apple.aps.bookdatastored"": {
    ""darkWakeEnabled"": false,
    ""enabled"": [
     ""com.apple.icloud-container.com.apple.iBooksX""
    ],
    ""environment"": ""production"",
    ""port"": ""com.apple.aps.bookdatastored"",
    ""processName"": ""bookdatastored"",
    ""tokenAcked"": true,
    ""user"": ""501""
   },
   ""com.apple.aps.cloudpaird"": {
    ""darkWakeEnabled"": false,
    ""enabled"": [
     ""com.apple.icloud-container.com.apple.cloudpaird""
    ],
    ""environment"": ""production"",
    ""port"": ""com.apple.aps.cloudpaird"",
    ""processName"": ""audioaccessoryd"",
    ""tokenAcked"": true,
    ""user"": ""501""
   },
   ""com.apple.aps.contacts.postersyncd"": {
    ""darkWakeEnabled"": false,
    ""enabled"": [
     ""com.apple.icloud-container.com.apple.contacts.postersyncd""
    ],
    ""environment"": ""production"",
    ""port"": ""com.apple.aps.contacts.postersyncd"",
    ""processName"": ""postersyncd"",
    ""tokenAcked"": true,
    ""user"": ""501""
   },
   ""com.apple.aps.diagnostics"": {
    ""darkWakeEnabled"": false,
    ""enabled"": [
     ""com.apple.aps.diagnostics""
    ],
    ""environment"": ""production"",
    ""port"": ""com.apple.aps.diagnostics"",
    ""processName"": ""diagnosticspushd"",
    ""tokenAcked"": true,
    ""user"": ""501""
   },
   ""com.apple.aps.donotdisturb.sync-engine"": {
    ""darkWakeEnabled"": false,
    ""enabled"": [
     ""com.apple.icloud-container.com.apple.donotdisturbd""
    ],
    ""environment"": ""production"",
    ""port"": ""com.apple.aps.donotdisturb.sync-engine"",
    ""processName"": ""donotdisturbd"",
    ""tokenAcked"": true,
    ""user"": ""501""
   },
   ""com.apple.aps.facetimemessagestored"": {
    ""darkWakeEnabled"": false,
    ""enabled"": [
     ""com.apple.icloud-container.com.apple.facetime""
    ],
    ""environment"": ""production"",
    ""port"": ""com.apple.aps.facetimemessagestored"",
    ""processName"": ""facetimemessagestored"",
    ""tokenAcked"": true,
    ""user"": ""501""
   },
   ""com.apple.aps.family"": {
    ""darkWakeEnabled"": false,
    ""enabled"": [
     ""com.icloud.family""
    ],
    ""environment"": ""production"",
    ""port"": ""com.apple.aps.family"",
    ""processName"": ""familycircled"",
    ""tokenAcked"": true,
    ""user"": ""501""
   },
   ""com.apple.aps.financed.store"": {
    ""darkWakeEnabled"": false,
    ""enabled"": [
     ""com.apple.icloud-container.com.apple.financed""
    ],
    ""environment"": ""production"",
    ""port"": ""com.apple.aps.financed.store"",
    ""processName"": ""financed"",
    ""tokenAcked"": true,
    ""user"": ""501""
   },
   ""com.apple.aps.gamed.CK"": {
    ""darkWakeEnabled"": false,
    ""enabled"": [
     ""com.apple.icloud-container.com.apple.gamed""
    ],
    ""environment"": ""production"",
    ""port"": ""com.apple.aps.gamed.CK"",
    ""processName"": ""gamed"",
    ""tokenAcked"": true,
    ""user"": ""501""
   },
   ""com.apple.aps.heard"": {
    ""darkWakeEnabled"": false,
    ""enabled"": [
     ""com.apple.icloud-container.com.apple.accessibility.heard""
    ],
    ""environment"": ""production"",
    ""port"": ""com.apple.aps.heard"",
    ""processName"": ""heard"",
    ""tokenAcked"": true,
    ""user"": ""501""
   },
   ""com.apple.aps.homeenergyd"": {
    ""darkWakeEnabled"": false,
    ""enabled"": [
     ""com.apple.icloud-container.com.apple.homeenergyd""
    ],
    ""environment"": ""production"",
    ""port"": ""com.apple.aps.homeenergyd"",
    ""processName"": ""homeenergyd"",
    ""tokenAcked"": true,
    ""user"": ""501""
   },
   ""com.apple.aps.icloud.mcc"": {
    ""darkWakeEnabled"": false,
    ""enabled"": [
     ""com.apple.icloud.mcc.mailagent""
    ],
    ""environment"": ""production"",
    ""port"": ""com.apple.aps.icloud.mcc"",
    ""processName"": ""icloudmailagent"",
    ""tokenAcked"": true,
    ""user"": ""501""
   },
   ""com.apple.aps.imagent"": {
    ""darkWake"": [
     ""com.apple.icloud-container.com.apple.imagent""
    ],
    ""darkWakeEnabled"": true,
    ""enabled"": [
     ""com.apple.icloud-container.com.apple.imagent""
    ],
    ""environment"": ""production"",
    ""port"": ""com.apple.aps.imagent"",
    ""processName"": ""imagent"",
    ""tokenAcked"": true,
    ""user"": ""501""
   },
   ""com.apple.aps.itunescloudd"": {
    ""darkWakeEnabled"": false,
    ""enabled"": [
     ""com.apple.itunesstored""
    ],
    ""environment"": ""production"",
    ""port"": ""com.apple.aps.itunescloudd"",
    ""processName"": ""itunescloudd"",
    ""tokenAcked"": true,
    ""user"": ""501""
   },
   ""com.apple.aps.jetpackassetd"": {
    ""darkWakeEnabled"": false,
    ""environment"": ""production"",
    ""opportunistic"": [
     ""com.apple.jetpackassetd""
    ],
    ""port"": ""com.apple.aps.jetpackassetd"",
    ""processName"": ""jetpackassetd"",
    ""tokenAcked"": true,
    ""user"": ""501""
   },
   ""com.apple.aps.kvsd"": {
    ""darkWake"": [
     ""com.apple.icloud-container.com.apple.syncdefaultsd""
    ],
    ""darkWakeEnabled"": true,
    ""enabled"": [
     ""com.apple.icloud-container.com.apple.syncdefaultsd""
    ],
    ""environment"": ""production"",
    ""port"": ""com.apple.aps.kvsd"",
    ""processName"": ""syncdefaultsd"",
    ""tokenAcked"": true,
    ""user"": ""501""
   },
   ""com.apple.aps.mapssyncd"": {
    ""darkWakeEnabled"": false,
    ""enabled"": [
     ""com.apple.icloud-container.com.apple.Maps""
    ],
    ""environment"": ""production"",
    ""port"": ""com.apple.aps.mapssyncd"",
    ""processName"": ""mapssyncd"",
    ""tokenAcked"": true,
    ""user"": ""501""
   },
   ""com.apple.aps.mlhostd"": {
    ""darkWakeEnabled"": false,
    ""environment"": ""production"",
    ""opportunistic"": [
     ""com.apple.mlhostd.push""
    ],
    ""port"": ""com.apple.aps.mlhostd"",
    ""processName"": ""mlhostd"",
    ""tokenAcked"": true,
    ""user"": ""501""
   },
   ""com.apple.aps.photos.cloud.datarepair"": {
    ""darkWake"": [
     ""com.apple.icloud-container.com.apple.upload-request-proxy.com.apple.photos.cloud""
    ],
    ""darkWakeEnabled"": true,
    ""enabled"": [
     ""com.apple.icloud-container.com.apple.upload-request-proxy.com.apple.photos.cloud""
    ],
    ""environment"": ""production"",
    ""port"": ""com.apple.aps.photos.cloud.datarepair"",
    ""processName"": ""cloudphotod"",
    ""tokenAcked"": true,
    ""user"": ""501""
   },
   ""com.apple.aps.remindd"": {
    ""darkWake"": [
     ""com.apple.icloud-container.com.apple.reminders""
    ],
    ""darkWakeEnabled"": true,
    ""enabled"": [
     ""com.apple.icloud-container.com.apple.reminders""
    ],
    ""environment"": ""production"",
    ""port"": ""com.apple.aps.remindd"",
    ""processName"": ""remindd"",
    ""pushWake"": [
     ""com.apple.icloud-container.com.apple.reminders""
    ],
    ""tokenAcked"": true,
    ""user"": ""501""
   },
   ""com.apple.aps.routined"": {
    ""darkWakeEnabled"": false,
    ""environment"": ""production"",
    ""opportunistic"": [
     ""com.apple.icloud-container.com.apple.routined""
    ],
    ""port"": ""com.apple.aps.routined"",
    ""processName"": ""routined"",
    ""tokenAcked"": true,
    ""user"": ""501""
   },
   ""com.apple.aps.searchpartyuseragent"": {
    ""darkWakeEnabled"": false,
    ""enabled"": [
     ""com.apple.icloud-container.com.apple.icloud.searchpartyuseragent""
    ],
    ""environment"": ""production"",
    ""port"": ""com.apple.aps.searchpartyuseragent"",
    ""processName"": ""searchpartyuseragent"",
    ""tokenAcked"": true,
    ""user"": ""501""
   },
   ""com.apple.aps.shazamd"": {
    ""darkWakeEnabled"": false,
    ""enabled"": [
     ""com.apple.icloud-container.com.apple.shazamd""
    ],
    ""environment"": ""production"",
    ""port"": ""com.apple.aps.shazamd"",
    ""processName"": ""shazamd"",
    ""tokenAcked"": true,
    ""user"": ""501""
   },
   ""com.apple.aps.siriactionsd"": {
    ""darkWakeEnabled"": false,
    ""enabled"": [
     ""com.apple.icloud-container.com.apple.shortcuts""
    ],
    ""environment"": ""production"",
    ""port"": ""com.apple.aps.siriactionsd"",
    ""processName"": ""siriactionsd"",
    ""tokenAcked"": true,
    ""user"": ""501""
   },
   ""com.apple.aps.storekitservice"": {
    ""darkWakeEnabled"": false,
    ""enabled"": [
     ""com.apple.storekit""
    ],
    ""environment"": ""production"",
    ""port"": ""com.apple.aps.storekitservice"",
    ""processName"": ""storekitagent"",
    ""tokenAcked"": true,
    ""user"": ""501""
   },
   ""com.apple.aps.suggestd"": {
    ""darkWakeEnabled"": false,
    ""enabled"": [
     ""com.apple.icloud-container.com.apple.suggestd""
    ],
    ""environment"": ""production"",
    ""port"": ""com.apple.aps.suggestd"",
    ""processName"": ""suggestd"",
    ""tokenAcked"": true,
    ""user"": ""501""
   },
   ""com.apple.aps.transparencyd"": {
    ""darkWakeEnabled"": false,
    ""enabled"": [
     ""com.apple.icloud-container.com.apple.transparencyd""
    ],
    ""environment"": ""production"",
    ""port"": ""com.apple.aps.transparencyd"",
    ""processName"": ""transparencyd"",
    ""tokenAcked"": true,
    ""user"": ""501""
   },
   ""com.apple.aps.transparencyd-coredata"": {
    ""darkWakeEnabled"": false,
    ""enabled"": [
     ""com.apple.icloud-container.com.apple.transparencyd""
    ],
    ""environment"": ""production"",
    ""port"": ""com.apple.aps.transparencyd-coredata"",
    ""processName"": ""transparencyd"",
    ""tokenAcked"": true,
    ""user"": ""501""
   },
   ""com.apple.aps.triald"": {
    ""darkWakeEnabled"": false,
    ""environment"": ""production"",
    ""opportunistic"": [
     ""com.apple.triald""
    ],
    ""port"": ""com.apple.aps.triald"",
    ""processName"": ""triald"",
    ""tokenAcked"": true,
    ""user"": ""501""
   },
   ""com.apple.aps.watchlistd"": {
    ""darkWakeEnabled"": false,
    ""enabled"": [
     ""com.apple.watchList"",
     ""com.apple.tv.favoriteTeams""
    ],
    ""environment"": ""production"",
    ""port"": ""com.apple.aps.watchlistd"",
    ""processName"": ""watchlistd"",
    ""tokenAcked"": true,
    ""user"": ""501""
   },
   ""com.apple.assistantd.aps"": {
    ""darkWakeEnabled"": false,
    ""enabled"": [
     ""com.apple.icloud-container.com.apple.assistant.assistantd""
    ],
    ""environment"": ""production"",
    ""port"": ""com.apple.assistantd.aps"",
    ""processName"": ""assistantd"",
    ""tokenAcked"": true,
    ""user"": ""501""
   },
   ""com.apple.bird.push"": {
    ""darkWakeEnabled"": false,
    ""enabled"": [
     ""com.apple.icloud-container.clouddocs.iCloud.is.workflow.my.workflows"",
     ""com.apple.icloud-container.clouddocs.com.apple.CloudDocs""
    ],
    ""environment"": ""production"",
    ""opportunistic"": [
     ""com.apple.icloud-container.clouddocs.com.apple.Preview"",
     ""com.apple.icloud-container.clouddocs.com.apple.mail"",
     ""com.apple.icloud-container.clouddocs.com.apple.ScriptEditor2"",
     ""com.apple.icloud-container.clouddocs.com.apple.CloudDocs.health"",
     ""com.apple.icloud-container.clouddocs.iCloud.com.apple.iBooks"",
     ""com.apple.icloud-container.clouddocs.F3LWYJ7GM7.com.apple.garageband10"",
     ""com.apple.icloud-container.clouddocs.F3LWYJ7GM7.com.apple.mobilegarageband"",
     ""com.apple.icloud-container.clouddocs.iCloud.com.reddit.reddit"",
     ""com.apple.icloud-container.clouddocs.com.apple.TextInput"",
     ""com.apple.icloud-container.clouddocs.com.apple.CloudDocs.container-metadata"",
     ""com.apple.icloud-container.clouddocs.F3LWYJ7GM7.com.apple.musicmemos.ideas"",
     ""com.apple.icloud-container.clouddocs.iCloud.com.goodnotesapp.x"",
     ""com.apple.icloud-container.clouddocs.com.apple.mail.preferences"",
     ""com.apple.icloud-container.clouddocs.com.apple.Pages"",
     ""com.apple.icloud-container.clouddocs.iCloud.com.apple.iBooks.iTunesU"",
     ""com.apple.icloud-container.clouddocs.5UAR78B6YU.com.goodnotesapp.goodnotes"",
     ""com.apple.icloud-container.clouddocs.6HB5Y2QTA3.com.hp.printer.control"",
     ""com.apple.icloud-container.clouddocs.com.apple.TextEdit"",
     ""com.apple.icloud-container.clouddocs.com.apple.CloudDocs.pp-metadata"",
     ""com.apple.icloud-container.clouddocs.F6266T9T75.com.apple.iMovie"",
     ""com.apple.icloud-container.clouddocs.com.apple.Automator"",
     ""com.apple.icloud-container.clouddocs.com.apple.VoiceOver.Braille"",
     ""com.apple.icloud-container.clouddocs.com.apple.Keynote"",
     ""com.apple.icloud-container.clouddocs.com.apple.QuickTimePlayerX"",
     ""com.apple.icloud-container.clouddocs.com.apple.Numbers"",
     ""com.apple.icloud-container.clouddocs.com.apple.shoebox"",
     ""com.apple.icloud-container.clouddocs.com.apple.iBooks.cloudData""
    ],
    ""port"": ""com.apple.bird.push"",
    ""processName"": ""bird"",
    ""tokenAcked"": true,
    ""user"": ""501""
   },
   ""com.apple.coreduet.knowledge.sync.push"": {
    ""darkWake"": [
     ""com.apple.icloud-container.com.apple.knowledge-agent""
    ],
    ""darkWakeEnabled"": true,
    ""environment"": ""production"",
    ""opportunistic"": [
     ""com.apple.icloud-container.com.apple.knowledge-agent""
    ],
    ""port"": ""com.apple.coreduet.knowledge.sync.push"",
    ""processName"": ""knowledge-agent"",
    ""tokenAcked"": true,
    ""user"": ""501""
   },
   ""com.apple.coreservices.appleid.aps"": {
    ""darkWakeEnabled"": false,
    ""enabled"": [
     ""com.apple.idmsauthagent""
    ],
    ""environment"": ""production"",
    ""port"": ""com.apple.coreservices.appleid.aps"",
    ""processName"": ""sharingd"",
    ""tokenAcked"": true,
    ""user"": ""501""
   },
   ""com.apple.dataaccess.dataaccessd.aps"": {
    ""darkWakeEnabled"": false,
    ""enabled"": [
     ""com.me.cal""
    ],
    ""environment"": ""production"",
    ""port"": ""com.apple.dataaccess.dataaccessd.aps"",
    ""processName"": ""dataaccessd"",
    ""tokenAcked"": true,
    ""user"": ""501""
   },
   ""com.apple.gamed.aps"": {
    ""darkWakeEnabled"": false,
    ""enabled"": [
     ""com.apple.gamed""
    ],
    ""environment"": ""production"",
    ""port"": ""com.apple.gamed.aps"",
    ""processName"": ""gamed"",
    ""tokenAcked"": true,
    ""user"": ""501""
   },
   ""com.apple.homed.aps"": {
    ""darkWakeEnabled"": false,
    ""enabled"": [
     ""com.apple.icloud-container.com.apple.willowd.homekit.camera.clips"",
     ""com.apple.icloud-container.com.apple.willowd"",
     ""com.apple.icloud-container.com.apple.willowd.homekit""
    ],
    ""environment"": ""production"",
    ""port"": ""com.apple.homed.aps"",
    ""processName"": ""homed"",
    ""tokenAcked"": true,
    ""user"": ""501""
   },
   ""com.apple.icloud.fmfd.aps"": {
    ""darkWakeEnabled"": false,
    ""enabled"": [
     ""com.apple.findmy"",
     ""com.apple.mobileme.fmf3""
    ],
    ""environment"": ""production"",
    ""port"": ""com.apple.icloud.fmfd.aps"",
    ""processName"": ""findmylocateagent"",
    ""tokenAcked"": true,
    ""user"": ""501""
   },
   ""com.apple.icloud.searchpartyd.aps"": {
    ""darkWakeEnabled"": false,
    ""enabled"": [
     ""com.apple.findmy.delegatedlocations""
    ],
    ""environment"": ""production"",
    ""opportunistic"": [
     ""com.apple.findmy.searchparty.devices.sync""
    ],
    ""port"": ""com.apple.icloud.searchpartyd.aps"",
    ""processName"": ""searchpartyuseragent"",
    ""tokenAcked"": true,
    ""user"": ""501""
   },
   ""com.apple.identityservicesd.aps"": {
    ""darkWake"": [
     ""com.apple.madrid"",
     ""com.apple.private.alloy.familycircle"",
     ""com.apple.private.alloy.safetymonitor.multiplex"",
     ""com.apple.private.alloy.ded"",
     ""com.apple.private.ac"",
     ""com.apple.private.alloy.widgets"",
     ""com.apple.private.alloy.coreduet.sync"",
     ""com.apple.private.alloy.sms"",
     ""com.apple.private.alloy.energykit"",
     ""com.apple.private.alloy.ids.cloudmessaging"",
     ""com.apple.private.alloy.maps"",
     ""com.apple.private.alloy.facetime.messaging"",
     ""com.apple.private.alloy.facetime.sync"",
     ""com.apple.private.alloy.maps.eta"",
     ""com.apple.private.alloy.thumper.keys"",
     ""com.apple.private.alloy.phonecontinuity"",
     ""com.apple.private.alloy.groupRemoteControl.messaging"",
     ""com.apple.private.alloy.continuity.tethering"",
     ""com.apple.private.alloy.bulletinboard"",
     ""com.apple.private.alloy.biz"",
     ""com.apple.private.alloy.tips"",
     ""com.apple.private.alloy.keytransparency.accountkey.pinning"",
     ""com.apple.private.alloy.safetymonitor"",
     ""com.apple.private.alloy.nearby"",
     ""com.apple.private.alloy.status.keysharing"",
     ""com.apple.private.alloy.itunes"",
     ""com.apple.private.alloy.facetime.video"",
     ""com.apple.private.alloy.arcade.fastsync"",
     ""com.apple.private.alloy.alarms-timers"",
     ""com.apple.private.alloy.groupRemoteControl.cloud"",
     ""com.apple.private.alloy.screentime.invite"",
     ""com.apple.private.alloy.alarms-timers.v2"",
     ""com.apple.private.alloy.carmelsync"",
     ""com.apple.private.alloy.classroom"",
     ""com.apple.private.alloy.willow.stream.multi"",
     ""com.apple.ess"",
     ""com.apple.private.alloy.facetime.lp"",
     ""com.apple.private.alloy.hearing"",
     ""com.apple.private.alloy.icloudpairing"",
     ""com.apple.private.alloy.accounts.representative"",
     ""com.apple.private.alloy.proxiedcrashcopier.icloud"",
     ""com.apple.private.alloy.photostream"",
     ""com.apple.private.alloy.airdrop.walkaway"",
     ""com.apple.private.alloy.messagenotification"",
     ""com.apple.private.alloy.fmd"",
     ""com.apple.private.alloy.avconference.icloud"",
     ""com.apple.private.alloy.fmf"",
     ""com.apple.private.alloy.usagetracking"",
     ""com.apple.private.alloy.askto"",
     ""com.apple.private.alloy.home.invite"",
     ""com.apple.private.alloy.phone.auth"",
     ""com.apple.private.alloy.quickrelay"",
     ""com.apple.private.alloy.home"",
     ""com.apple.private.alloy.digitalhealth"",
     ""com.apple.private.alloy.multiplex1"",
     ""com.apple.private.alloy.screensharing.qr"",
     ""com.apple.madrid.lite"",
     ""com.apple.private.alloy.contextsync"",
     ""com.apple.private.alloy.facetime.audio"",
     ""com.apple.private.alloy.willow.stream"",
     ""com.apple.private.alloy.icloudweb"",
     ""com.apple.private.ids"",
     ""com.apple.private.alloy.continuity.activity"",
     ""com.apple.private.alloy.clockface.sharing"",
     ""com.apple.private.alloy.findmy.itemsharing-crossaccount"",
     ""com.apple.private.alloy.safeview"",
     ""com.apple.private.alloy.continuity.unlock"",
     ""com.apple.private.alloy.continuity.encryption"",
     ""com.apple.private.alloy.notes"",
     ""com.apple.private.alloy.facetime.multi"",
     ""com.apple.private.alloy.kcsharing.invite"",
     ""com.apple.private.alloy.willow"",
     ""com.apple.private.alloy.screentime"",
     ""com.apple.private.alloy.accessibility.switchcontrol"",
     ""com.apple.private.alloy.gelato"",
     ""com.apple.private.alloy.screensharing"",
     ""com.apple.private.alloy.nameandphoto"",
     ""com.apple.private.alloy.status.personal"",
     ""com.apple.private.alloy.continuity.notifications"",
     ""com.apple.private.alloy.phonecontinuity.ping"",
     ""com.apple.private.alloy.groupRemoteControl.session"",
     ""com.apple.private.alloy.safari.groupactivities"",
     ""com.apple.private.alloy.applepay"",
     ""com.apple.private.alloy.safetymonitor.ownaccount"",
     ""com.apple.private.alloy.sleep.icloud""
    ],
    ""darkWakeEnabled"": true,
    ""enabled"": [
     ""com.apple.private.alloy.continuity.notifications""
    ],
    ""environment"": ""production"",
    ""opportunistic"": [
     ""com.apple.private.alloy.icloudpairing"",
     ""com.apple.private.alloy.accessibility.switchcontrol"",
     ""com.apple.private.alloy.sms"",
     ""com.apple.private.alloy.avconference.icloud"",
     ""com.apple.private.alloy.facetime.video"",
     ""com.apple.private.alloy.quickrelay"",
     ""com.apple.private.alloy.hearing"",
     ""com.apple.private.alloy.home.invite"",
     ""com.apple.private.alloy.status.keysharing"",
     ""com.apple.private.alloy.messagenotification"",
     ""com.apple.private.alloy.home"",
     ""com.apple.private.alloy.tips"",
     ""com.apple.private.alloy.status.personal"",
     ""com.apple.private.alloy.sleep.icloud"",
     ""com.apple.ess"",
     ""com.apple.private.alloy.continuity.activity"",
     ""com.apple.private.alloy.safeview"",
     ""com.apple.private.alloy.carmelsync"",
     ""com.apple.private.alloy.nameandphoto"",
     ""com.apple.private.alloy.continuity.tethering"",
     ""com.apple.private.alloy.applepay"",
     ""com.apple.private.alloy.fmd"",
     ""com.apple.private.alloy.contextsync"",
     ""com.apple.private.alloy.energykit"",
     ""com.apple.private.alloy.facetime.sync"",
     ""com.apple.private.alloy.icloudweb"",
     ""com.apple.private.alloy.notes"",
     ""com.apple.private.alloy.maps"",
     ""com.apple.private.alloy.groupRemoteControl.messaging"",
     ""com.apple.private.alloy.facetime.messaging"",
     ""com.apple.private.alloy.widgets"",
     ""com.apple.private.alloy.kcsharing.invite"",
     ""com.apple.private.alloy.groupRemoteControl.cloud"",
     ""com.apple.private.alloy.familycircle"",
     ""com.apple.private.alloy.ded"",
     ""com.apple.private.alloy.phonecontinuity.ping"",
     ""com.apple.private.alloy.itunes"",
     ""com.apple.private.alloy.safetymonitor.ownaccount"",
     ""com.apple.private.alloy.willow"",
     ""com.apple.private.alloy.ids.cloudmessaging"",
     ""com.apple.private.alloy.screentime.invite"",
     ""com.apple.private.alloy.screentime"",
     ""com.apple.private.alloy.fmf"",
     ""com.apple.private.alloy.facetime.multi"",
     ""com.apple.private.alloy.willow.stream"",
     ""com.apple.private.alloy.usagetracking"",
     ""com.apple.private.alloy.bulletinboard"",
     ""com.apple.private.alloy.facetime.audio"",
     ""com.apple.private.alloy.continuity.unlock"",
     ""com.apple.private.alloy.maps.eta"",
     ""com.apple.private.alloy.nearby"",
     ""com.apple.private.alloy.gelato"",
     ""com.apple.private.alloy.screensharing"",
     ""com.apple.madrid"",
     ""com.apple.private.alloy.phonecontinuity"",
     ""com.apple.private.alloy.alarms-timers"",
     ""com.apple.private.alloy.photostream"",
     ""com.apple.private.alloy.continuity.encryption"",
     ""com.apple.private.alloy.clockface.sharing"",
     ""com.apple.private.alloy.accounts.representative"",
     ""com.apple.private.alloy.willow.stream.multi"",
     ""com.apple.private.alloy.findmy.itemsharing-crossaccount"",
     ""com.apple.private.alloy.biz"",
     ""com.apple.private.alloy.alarms-timers.v2"",
     ""com.apple.private.alloy.airdrop.walkaway"",
     ""com.apple.private.alloy.digitalhealth"",
     ""com.apple.private.alloy.facetime.lp"",
     ""com.apple.private.alloy.classroom"",
     ""com.apple.private.alloy.coreduet.sync"",
     ""com.apple.private.alloy.multiplex1"",
     ""com.apple.private.alloy.phone.auth"",
     ""com.apple.private.alloy.askto"",
     ""com.apple.private.alloy.keytransparency.accountkey.pinning"",
     ""com.apple.madrid.lite"",
     ""com.apple.private.alloy.arcade.fastsync"",
     ""com.apple.private.alloy.groupRemoteControl.session"",
     ""com.apple.private.alloy.thumper.keys"",
     ""com.apple.private.alloy.proxiedcrashcopier.icloud"",
     ""com.apple.private.alloy.safari.groupactivities"",
     ""com.apple.private.ac"",
     ""com.apple.private.alloy.safetymonitor"",
     ""com.apple.private.alloy.screensharing.qr"",
     ""com.apple.private.alloy.safetymonitor.multiplex"",
     ""com.apple.private.ids""
    ],
    ""port"": ""com.apple.identityservicesd.aps"",
    ""processName"": ""identityservicesd"",
    ""pushWake"": [
     ""com.apple.private.alloy.icloudpairing"",
     ""com.apple.private.alloy.accessibility.switchcontrol"",
     ""com.apple.private.alloy.sms"",
     ""com.apple.private.alloy.avconference.icloud"",
     ""com.apple.private.alloy.facetime.video"",
     ""com.apple.private.alloy.quickrelay"",
     ""com.apple.private.alloy.hearing"",
     ""com.apple.private.alloy.home.invite"",
     ""com.apple.private.alloy.status.keysharing"",
     ""com.apple.private.alloy.messagenotification"",
     ""com.apple.private.alloy.home"",
     ""com.apple.private.alloy.tips"",
     ""com.apple.private.alloy.status.personal"",
     ""com.apple.private.alloy.continuity.notifications"",
     ""com.apple.private.alloy.sleep.icloud"",
     ""com.apple.ess"",
     ""com.apple.private.alloy.continuity.activity"",
     ""com.apple.private.alloy.safeview"",
     ""com.apple.private.alloy.carmelsync"",
     ""com.apple.private.alloy.nameandphoto"",
     ""com.apple.private.alloy.continuity.tethering"",
     ""com.apple.private.alloy.applepay"",
     ""com.apple.private.alloy.fmd"",
     ""com.apple.private.alloy.contextsync"",
     ""com.apple.private.alloy.energykit"",
     ""com.apple.private.alloy.facetime.sync"",
     ""com.apple.private.alloy.icloudweb"",
     ""com.apple.private.alloy.notes"",
     ""com.apple.private.alloy.maps"",
     ""com.apple.private.alloy.groupRemoteControl.messaging"",
     ""com.apple.private.alloy.facetime.messaging"",
     ""com.apple.private.alloy.familycontrols"",
     ""com.apple.private.alloy.widgets"",
     ""com.apple.private.alloy.kcsharing.invite"",
     ""com.apple.private.alloy.siri.icloud"",
     ""com.apple.private.alloy.groupRemoteControl.cloud"",
     ""com.apple.private.alloy.familycircle"",
     ""com.apple.private.alloy.ded"",
     ""com.apple.private.alloy.phonecontinuity.ping"",
     ""com.apple.private.alloy.itunes"",
     ""com.apple.private.alloy.safetymonitor.ownaccount"",
     ""com.apple.private.alloy.willow"",
     ""com.apple.private.alloy.ids.cloudmessaging"",
     ""com.apple.private.alloy.screentime.invite"",
     ""com.apple.private.alloy.screentime"",
     ""com.apple.private.alloy.fmf"",
     ""com.apple.private.alloy.facetime.multi"",
     ""com.apple.private.alloy.willow.stream"",
     ""com.apple.private.alloy.usagetracking"",
     ""com.apple.private.alloy.bulletinboard"",
     ""com.apple.private.alloy.facetime.audio"",
     ""com.apple.private.alloy.continuity.unlock"",
     ""com.apple.private.alloy.maps.eta"",
     ""com.apple.private.alloy.nearby"",
     ""com.apple.private.alloy.gelato"",
     ""com.apple.private.alloy.screensharing"",
     ""com.apple.madrid"",
     ""com.apple.private.alloy.phonecontinuity"",
     ""com.apple.private.alloy.alarms-timers"",
     ""com.apple.private.alloy.photostream"",
     ""com.apple.private.alloy.continuity.encryption"",
     ""com.apple.private.alloy.clockface.sharing"",
     ""com.apple.private.alloy.accounts.representative"",
     ""com.apple.private.alloy.willow.stream.multi"",
     ""com.apple.private.alloy.findmy.itemsharing-crossaccount"",
     ""com.apple.private.alloy.biz"",
     ""com.apple.private.alloy.alarms-timers.v2"",
     ""com.apple.private.alloy.airdrop.walkaway"",
     ""com.apple.private.alloy.digitalhealth"",
     ""com.apple.private.alloy.facetime.lp"",
     ""com.apple.private.alloy.classroom"",
     ""com.apple.private.alloy.coreduet.sync"",
     ""com.apple.private.alloy.multiplex1"",
     ""com.apple.private.alloy.phone.auth"",
     ""com.apple.private.alloy.askto"",
     ""com.apple.private.alloy.keytransparency.accountkey.pinning"",
     ""com.apple.madrid.lite"",
     ""com.apple.private.alloy.arcade.fastsync"",
     ""com.apple.private.alloy.groupRemoteControl.session"",
     ""com.apple.private.alloy.thumper.keys"",
     ""com.apple.private.alloy.proxiedcrashcopier.icloud"",
     ""com.apple.private.alloy.mobilestoredemo.icloud"",
     ""com.apple.private.alloy.safari.groupactivities"",
     ""com.apple.private.ac"",
     ""com.apple.private.alloy.safetymonitor"",
     ""com.apple.private.alloy.screensharing.qr"",
     ""com.apple.private.alloy.nearby.family"",
     ""com.apple.private.alloy.safetymonitor.multiplex"",
     ""com.apple.private.ids""
    ],
    ""tokenAcked"": true,
    ""user"": ""501""
   },
   ""com.apple.ind.aps"": {
    ""darkWakeEnabled"": false,
    ""enabled"": [
     ""com.icloud.quota""
    ],
    ""environment"": ""production"",
    ""port"": ""com.apple.ind.aps"",
    ""processName"": ""iCloudNotificationAgent"",
    ""tokenAcked"": true,
    ""user"": ""501""
   },
   ""com.apple.keyboardServices.textReplacementServer.aps"": {
    ""darkWakeEnabled"": false,
    ""enabled"": [
     ""com.apple.icloud-container.com.apple.keyboardservicesd""
    ],
    ""environment"": ""production"",
    ""port"": ""com.apple.keyboardServices.textReplacementServer.aps"",
    ""processName"": ""keyboardservicesd"",
    ""tokenAcked"": true,
    ""user"": ""501""
   },
   ""com.apple.mediastream.mstreamd.sharing.push-prod"": {
    ""darkWakeEnabled"": false,
    ""enabled"": [
     ""com.apple.sharedstreams"",
     ""com.apple.icloud-container.com.apple.sharedstreams""
    ],
    ""environment"": ""production"",
    ""port"": ""com.apple.mediastream.mstreamd.sharing.push-prod"",
    ""processName"": ""mstreamd"",
    ""tokenAcked"": true,
    ""user"": ""501""
   },
   ""com.apple.passd.aps"": {
    ""darkWakeEnabled"": false,
    ""enabled"": [
     ""com.apple.pay.provision"",
     ""com.apple.wallet.sharing.qa"",
     ""com.apple.wallet.sharing"",
     ""com.apple.wallet.sharing.partners"",
     ""com.apple.pay.services.ownershipTokens.prod"",
     ""com.apple.passd.usernotifications"",
     ""com.apple.pay.services.devicecheckin.prod.us"",
     ""com.apple.pay.services.ck.zone.prod"",
     ""com.apple.pay.services.account.prod"",
     ""com.apple.pay.auxiliary.registration.requirement.prod"",
     ""paymentpass.com.apple"",
     ""com.apple.icloud-container.com.apple.passd"",
     ""com.apple.pay.services.apply.prod"",
     ""com.apple.peerpayment"",
     ""com.apple.pay.services.products.prod""
    ],
    ""environment"": ""production"",
    ""port"": ""com.apple.passd.aps"",
    ""processName"": ""passd"",
    ""tokenAcked"": true,
    ""user"": ""501""
   },
   ""com.apple.photos.cloud.pushnotification"": {
    ""darkWake"": [
     ""com.apple.icloud-container.com.apple.photos.cloud""
    ],
    ""darkWakeEnabled"": true,
    ""enabled"": [
     ""com.apple.icloud-container.com.apple.photos.cloud""
    ],
    ""environment"": ""production"",
    ""port"": ""com.apple.photos.cloud.pushnotification"",
    ""processName"": ""cloudphotod"",
    ""tokenAcked"": true,
    ""user"": ""501""
   },
   ""com.apple.securityd.aps"": {
    ""darkWake"": [
     ""com.apple.icloud-container.com.apple.security.cuttlefish"",
     ""com.apple.icloud-container.com.apple.TrustedPeersHelper"",
     ""com.apple.icloud-container.com.apple.securityd""
    ],
    ""darkWakeEnabled"": true,
    ""enabled"": [
     ""com.apple.icloud-container.com.apple.securityd"",
     ""com.apple.icloud-container.com.apple.TrustedPeersHelper"",
     ""com.apple.icloud-container.com.apple.security.cuttlefish""
    ],
    ""environment"": ""production"",
    ""port"": ""com.apple.securityd.aps"",
    ""processName"": ""secd"",
    ""tokenAcked"": true,
    ""user"": ""501""
   },
   ""com.apple.siriknowledged.aps"": {
    ""darkWakeEnabled"": false,
    ""enabled"": [
     ""com.apple.icloud-container.com.apple.siriknowledged""
    ],
    ""environment"": ""production"",
    ""port"": ""com.apple.siriknowledged.aps"",
    ""processName"": ""siriknowledged"",
    ""tokenAcked"": true,
    ""user"": ""501""
   },
   ""com.apple.stickersd.aps"": {
    ""darkWakeEnabled"": false,
    ""enabled"": [
     ""com.apple.icloud-container.com.apple.stickersd""
    ],
    ""environment"": ""production"",
    ""port"": ""com.apple.stickersd.aps"",
    ""processName"": ""stickersd"",
    ""tokenAcked"": true,
    ""user"": ""501""
   }
  },
  ""89"": {
   ""com.apple.securityd.aps"": {
    ""darkWake"": [
     ""com.apple.icloud-container.com.apple.security.kcsharing""
    ],
    ""darkWakeEnabled"": true,
    ""enabled"": [
     ""com.apple.icloud-container.com.apple.security.kcsharing""
    ],
    ""environment"": ""production"",
    ""port"": ""com.apple.securityd.aps"",
    ""processName"": ""secd"",
    ""tokenAcked"": true,
    ""user"": ""89""
   }
  }
 },
 ""APSSystemUsers"": {
  ""0"": ""///u7t3dzMy7u6qqAAAAAA=="",
  ""248"": ""///u7t3dzMy7u6qqAAAA+A=="",
  ""260"": ""///u7t3dzMy7u6qqAAABBA=="",
  ""262"": ""///u7t3dzMy7u6qqAAABBg=="",
  ""501"": ""MBc7wZ9SR/O2Nm/sLFrT0g=="",
  ""88"": ""///u7t3dzMy7u6qqAAAAWA=="",
  ""89"": ""///u7t3dzMy7u6qqAAAAWQ==""
 },
 ""ActivationRecordListeners"": [
  ""com.apple.aps.ManagedClient.enroll""
 ],
 ""AllTokenTopics"": {
  ""0"": {
   ""production"": {
    ""com.apple.idmsauth"": ""2026-08-27T19:49:30.253095149Z"",
    ""com.apple.mobileassetd"": ""2026-08-27T19:48:09.592602014Z"",
    ""com.apple.mobileme.fmip"": ""2026-08-27T19:48:09.603962898Z"",
    ""com.apple.symptomsd-diag"": ""2026-08-27T19:48:09.585183143Z"",
    ""com.apple.triald"": ""2026-08-27T19:48:09.590715885Z"",
    ""com.icloud.family"": ""2026-08-27T19:42:20.612342834Z""
   }
  },
  ""248"": {
   ""production"": {
    ""com.apple.aa.idms"": ""2024-08-27T15:02:45.169949054Z"",
    ""com.apple.aa.setupservice"": ""2024-08-27T15:02:45.170330047Z"",
    ""com.apple.account.service"": ""2024-08-27T11:46:42.024826049Z"",
    ""com.apple.amsaccountsd"": ""2024-08-27T11:46:22.427800178Z"",
    ""com.apple.apply.service"": ""2024-08-27T11:46:42.025262832Z"",
    ""com.apple.appstored"": ""2024-08-27T11:46:22.575694084Z"",
    ""com.apple.icloud-container.com.apple.AdSheetPhone"": ""2024-08-27T15:02:44.970796108Z"",
    ""com.apple.icloud-container.com.apple.TrustedPeersHelper"": ""2024-08-27T11:46:20.039112091Z"",
    ""com.apple.icloud-container.com.apple.amsengagementd"": ""2024-08-27T11:46:22.458325862Z"",
    ""com.apple.icloud-container.com.apple.appleaccount.beneficiary"": ""2024-08-27T15:02:45.174422979Z"",
    ""com.apple.icloud-container.com.apple.appleaccount.beneficiary.private"": ""2024-08-27T15:02:45.173192024Z"",
    ""com.apple.icloud-container.com.apple.appleaccount.custodian"": ""2024-08-27T15:02:45.173503875Z"",
    ""com.apple.icloud-container.com.apple.appleaccount.custodian.private"": ""2024-08-27T15:02:45.172738075Z"",
    ""com.apple.icloud-container.com.apple.appleaccount.identity"": ""2024-08-27T15:02:45.175140857Z"",
    ""com.apple.icloud-container.com.apple.appleaccount.identity.private"": ""2024-08-27T15:02:45.173792839Z"",
    ""com.apple.icloud-container.com.apple.assistant.assistantd"": ""2024-08-27T11:46:24.611671924Z"",
    ""com.apple.icloud-container.com.apple.bluetoothuserd"": ""2024-08-27T11:46:21.897248029Z"",
    ""com.apple.icloud-container.com.apple.callhistory.sync-helper"": ""2024-08-27T11:46:40.780025005Z"",
    ""com.apple.icloud-container.com.apple.findmy.findmylocateagent"": ""2024-08-27T15:04:56.503504037Z"",
    ""com.apple.icloud-container.com.apple.icloud.fmfd"": ""2024-08-27T11:46:20.228150844Z"",
    ""com.apple.icloud-container.com.apple.icloud.searchpartyuseragent"": ""2024-08-27T11:46:21.462906837Z"",
    ""com.apple.icloud-container.com.apple.imagent"": ""2024-08-27T11:46:24.345679044Z"",
    ""com.apple.icloud-container.com.apple.keyboardservicesd"": ""2024-08-27T15:01:48.233982086Z"",
    ""com.apple.icloud-container.com.apple.passd"": ""2024-08-27T15:02:56.215468883Z"",
    ""com.apple.icloud-container.com.apple.security.cuttlefish"": ""2024-08-27T11:46:20.040426969Z"",
    ""com.apple.icloud-container.com.apple.security.kcsharing"": ""2024-08-27T11:46:20.467170953Z"",
    ""com.apple.icloud-container.com.apple.securityd"": ""2024-08-27T11:46:20.037484169Z"",
    ""com.apple.icloud-container.com.apple.siriknowledged"": ""2024-08-27T11:46:23.087088108Z"",
    ""com.apple.icloud-container.com.apple.syncdefaultsd"": ""2024-08-27T11:46:20.679062843Z"",
    ""com.apple.icloud-container.com.apple.transparencyd"": ""2024-08-27T11:46:20.250468969Z"",
    ""com.apple.icloud.fmip.voiceassistantsync"": ""2024-08-27T11:46:24.593960046Z"",
    ""com.apple.icloud.presence.mode.status"": ""2024-08-27T11:46:40.642349958Z"",
    ""com.apple.icloud.presence.shared.experience"": ""2024-08-27T11:46:40.642680168Z"",
    ""com.apple.idmsauth"": ""2024-08-27T11:46:41.4664011Z"",
    ""com.apple.idmsauthagent"": ""2024-08-27T11:46:21.217151165Z"",
    ""com.apple.itunesstored"": ""2024-08-27T11:47:27.545516014Z"",
    ""com.apple.mobileme.fmf3"": ""2024-08-27T11:46:20.226938009Z"",
    ""com.apple.passd"": ""2024-08-27T11:46:42.023517131Z"",
    ""com.apple.pay.auxiliary.registration.requirement.prod"": ""2024-08-27T11:46:42.024162054Z"",
    ""com.apple.peerpayment"": ""2024-08-27T15:02:56.226777076Z"",
    ""com.apple.wallet.sharing"": ""2024-08-27T11:46:42.022324085Z"",
    ""com.apple.wallet.sharing.partners"": ""2024-08-27T11:46:42.022697925Z"",
    ""com.apple.wallet.sharing.qa"": ""2024-08-27T11:46:42.027194976Z"",
    ""com.icloud.family"": ""2024-08-27T11:46:47.411755084Z""
   }
  },
  ""260"": {
   ""production"": {
    ""com.apple.seld"": ""2026-08-27T19:48:45.312869071Z"",
    ""com.apple.seld.fake"": ""2024-08-27T11:46:22.821472167Z""
   }
  },
  ""262"": {
   ""production"": {
    ""com.apple.icloud-container.com.apple.TrustedPeersHelper"": ""2026-06-16T20:11:56.981914997Z"",
    ""com.apple.icloud-container.com.apple.security.cuttlefish"": ""2026-06-16T20:11:56.980837821Z"",
    ""com.apple.icloud-container.com.apple.securityd"": ""2026-06-16T20:11:56.982859134Z""
   }
  },
  ""501"": {
   ""production"": {
    ""com.adobe.AdobeResourceSynchronizer"": ""2026-09-11T11:33:18.155509948Z"",
    ""com.apple.Maps"": ""2025-07-01T12:08:09.991060018Z"",
    ""com.apple.Notes"": ""2026-08-27T19:48:41.103416919Z"",
    ""com.apple.Safari https://web.whatsapp.com/"": ""2026-09-11T01:42:45.350234031Z"",
    ""com.apple.aa.idms"": ""2026-08-27T19:48:30.447015047Z"",
    ""com.apple.aa.setupservice"": ""2026-08-27T19:48:30.459017992Z"",
    ""com.apple.account.service"": ""2024-08-27T15:02:53.08359909Z"",
    ""com.apple.ams.accountdata"": ""2026-08-27T19:48:40.879723072Z"",
    ""com.apple.ams.ts-datasync"": ""2026-08-27T19:48:40.834631919Z"",
    ""com.apple.amsaccountsd"": ""2026-08-27T19:48:40.863430976Z"",
    ""com.apple.apply.service"": ""2024-08-27T15:02:53.084365844Z"",
    ""com.apple.appstored"": ""2026-08-27T19:49:03.682185173Z"",
    ""com.apple.aps.applecare"": ""2026-08-27T19:49:07.075605869Z"",
    ""com.apple.aps.diagnostics"": ""2026-08-27T19:49:06.968724012Z"",
    ""com.apple.askpermissiond"": ""2026-08-27T19:49:07.040428161Z"",
    ""com.apple.bookassetd"": ""2026-08-27T19:49:06.910958051Z"",
    ""com.apple.ess"": ""2026-08-27T19:49:17.413156032Z"",
    ""com.apple.findmy"": ""2026-08-27T19:48:30.470214843Z"",
    ""com.apple.findmy.delegatedlocations"": ""2026-08-27T19:48:54.253981113Z"",
    ""com.apple.findmy.searchparty.devices.sync"": ""2026-08-27T19:48:54.259840965Z"",
    ""com.apple.gamed"": ""2026-08-27T19:49:07.716027021Z"",
    ""com.apple.iBooksX"": ""2026-08-27T19:48:41.098969936Z"",
    ""com.apple.iWork.Numbers"": ""2026-08-27T19:48:41.099588871Z"",
    ""com.apple.icloud-container.clouddocs.57T9237FN3.net.whatsapp.WhatsApp"": ""2024-08-27T20:17:09.682682991Z"",
    ""com.apple.icloud-container.clouddocs.5UAR78B6YU.com.goodnotesapp.goodnotes"": ""2026-08-27T19:50:14.962161064Z"",
    ""com.apple.icloud-container.clouddocs.6HB5Y2QTA3.com.hp.printer.control"": ""2026-08-27T19:49:04.696099996Z"",
    ""com.apple.icloud-container.clouddocs.F3LWYJ7GM7.com.apple.garageband10"": ""2026-08-27T19:49:04.682121038Z"",
    ""com.apple.icloud-container.clouddocs.F3LWYJ7GM7.com.apple.mobilegarageband"": ""2026-08-27T19:49:04.68313694Z"",
    ""com.apple.icloud-container.clouddocs.F3LWYJ7GM7.com.apple.musicmemos.ideas"": ""2026-08-27T19:49:04.687222003Z"",
    ""com.apple.icloud-container.clouddocs.F6266T9T75.com.apple.iMovie"": ""2026-08-27T19:49:04.693413972Z"",
    ""com.apple.icloud-container.clouddocs.com.apple.Automator"": ""2026-08-27T19:49:04.69686985Z"",
    ""com.apple.icloud-container.clouddocs.com.apple.CloudDocs"": ""2026-09-13T08:07:13.86423397Z"",
    ""com.apple.icloud-container.clouddocs.com.apple.CloudDocs.container-metadata"": ""2026-08-27T19:49:04.686163902Z"",
    ""com.apple.icloud-container.clouddocs.com.apple.CloudDocs.health"": ""2026-08-27T19:49:04.677794933Z"",
    ""com.apple.icloud-container.clouddocs.com.apple.CloudDocs.pp-metadata"": ""2026-08-27T19:49:04.69535017Z"",
    ""com.apple.icloud-container.clouddocs.com.apple.Keynote"": ""2026-08-27T19:49:04.698594093Z"",
    ""com.apple.icloud-container.clouddocs.com.apple.Numbers"": ""2026-09-13T16:01:42.754385948Z"",
    ""com.apple.icloud-container.clouddocs.com.apple.Pages"": ""2026-08-27T19:49:04.690767049Z"",
    ""com.apple.icloud-container.clouddocs.com.apple.Preview"": ""2026-09-11T11:31:53.744493007Z"",
    ""com.apple.icloud-container.clouddocs.com.apple.QuickTimePlayerX"": ""2026-08-27T19:49:04.699404001Z"",
    ""com.apple.icloud-container.clouddocs.com.apple.SafariShared.History"": ""2024-08-27T20:17:09.677369117Z"",
    ""com.apple.icloud-container.clouddocs.com.apple.ScriptEditor2"": ""2026-08-27T19:49:04.676524162Z"",
    ""com.apple.icloud-container.clouddocs.com.apple.TextEdit"": ""2026-09-14T05:04:28.686502933Z"",
    ""com.apple.icloud-container.clouddocs.com.apple.TextInput"": ""2026-08-27T19:49:04.685327053Z"",
    ""com.apple.icloud-container.clouddocs.com.apple.VoiceOver.Braille"": ""2026-08-27T19:49:04.697760105Z"",
    ""com.apple.icloud-container.clouddocs.com.apple.creator-studio.app-data"": ""2026-09-14T07:58:02.570502042Z"",
    ""com.apple.icloud-container.clouddocs.com.apple.iBooks.cloudData"": ""2026-08-27T19:49:04.701580047Z"",
    ""com.apple.icloud-container.clouddocs.com.apple.mail"": ""2026-09-11T01:04:42.487112998Z"",
    ""com.apple.icloud-container.clouddocs.com.apple.mail.preferences"": ""2026-09-11T01:04:42.48845911Z"",
    ""com.apple.icloud-container.clouddocs.com.apple.mobilemail"": ""2024-08-27T20:17:09.675111055Z"",
    ""com.apple.icloud-container.clouddocs.com.apple.notes"": ""2024-08-27T16:19:56.157246112Z"",
    ""com.apple.icloud-container.clouddocs.com.apple.shoebox"": ""2026-08-27T19:49:04.700941085Z"",
    ""com.apple.icloud-container.clouddocs.com.apple.videoapps.cloudcontent.clips"": ""2024-08-27T16:19:56.308976173Z"",
    ""com.apple.icloud-container.clouddocs.com.apple.videoapps.cloudcontent.clips.private"": ""2024-08-27T16:19:56.349208831Z"",
    ""com.apple.icloud-container.clouddocs.com.apple.videoapps.cloudcontent.imovieios"": ""2024-08-27T16:19:56.586544036Z"",
    ""com.apple.icloud-container.clouddocs.com.apple.videoapps.cloudcontent.imovieios.private"": ""2024-08-27T16:19:56.587764024Z"",
    ""com.apple.icloud-container.clouddocs.iCloud.appsoftheday.stickynotes"": ""2024-08-27T16:22:13.37591505Z"",
    ""com.apple.icloud-container.clouddocs.iCloud.com.BhartiMobile.myairtel"": ""2024-08-27T20:17:09.681660175Z"",
    ""com.apple.icloud-container.clouddocs.iCloud.com.NiYO.global"": ""2024-08-27T16:19:53.20569992Z"",
    ""com.apple.icloud-container.clouddocs.iCloud.com.WandaSoftware.TruckersofEurope3"": ""2024-08-27T16:19:54.719595909Z"",
    ""com.apple.icloud-container.clouddocs.iCloud.com.adobe.Adobe-Reader"": ""2024-08-27T16:19:53.256825923Z"",
    ""com.apple.icloud-container.clouddocs.iCloud.com.apple.DocumentsApp"": ""2024-08-27T20:17:09.676264047Z"",
    ""com.apple.icloud-container.clouddocs.iCloud.com.apple.MobileSMS"": ""2024-12-15T09:12:58.8999691Z"",
    ""com.apple.icloud-container.clouddocs.iCloud.com.apple.clips"": ""2024-08-27T16:22:09.308723926Z"",
    ""com.apple.icloud-container.clouddocs.iCloud.com.apple.iBooks"": ""2026-09-13T08:07:13.862460136Z"",
    ""com.apple.icloud-container.clouddocs.iCloud.com.apple.iBooks.iTunesU"": ""2026-08-27T19:49:04.691807985Z"",
    ""com.apple.icloud-container.clouddocs.iCloud.com.apple.mobilesafari"": ""2024-08-27T20:17:09.642799854Z"",
    ""com.apple.icloud-container.clouddocs.iCloud.com.apple.passd"": ""2024-08-27T20:17:09.678447008Z"",
    ""com.apple.icloud-container.clouddocs.iCloud.com.apple.shortcuts.runtime"": ""2024-08-27T20:17:09.671486854Z"",
    ""com.apple.icloud-container.clouddocs.iCloud.com.burbn.instagram"": ""2024-08-27T16:19:56.588701963Z"",
    ""com.apple.icloud-container.clouddocs.iCloud.com.burbn.instagram.encryptedBackups"": ""2024-08-27T16:19:56.589654922Z"",
    ""com.apple.icloud-container.clouddocs.iCloud.com.cynapto.ssvt"": ""2024-08-27T20:17:09.716342926Z"",
    ""com.apple.icloud-container.clouddocs.iCloud.com.ebaykleinanzeigen.ebc"": ""2024-08-27T20:17:09.644804954Z"",
    ""com.apple.icloud-container.clouddocs.iCloud.com.facebook.Messenger.encryptedBackups"": ""2024-08-27T20:17:09.645618915Z"",
    ""com.apple.icloud-container.clouddocs.iCloud.com.facebook.Wilde"": ""2024-08-27T20:17:09.672801017Z"",
    ""com.apple.icloud-container.clouddocs.iCloud.com.flightyapp.flighty"": ""2024-08-27T20:17:09.719284057Z"",
    ""com.apple.icloud-container.clouddocs.iCloud.com.getdropbox.Dropbox"": ""2024-12-15T09:12:58.895270824Z"",
    ""com.apple.icloud-container.clouddocs.iCloud.com.glassdoor.glassdoor"": ""2024-08-27T20:17:09.713258981Z"",
    ""com.apple.icloud-container.clouddocs.iCloud.com.goodnotesapp.x"": ""2026-08-27T19:50:14.960818052Z"",
    ""com.apple.icloud-container.clouddocs.iCloud.com.google.container"": ""2024-08-27T16:19:55.420088052Z"",
    ""com.apple.icloud-container.clouddocs.iCloud.com.jio.myjio"": ""2024-08-27T16:19:54.64450407Z"",
    ""com.apple.icloud-container.clouddocs.iCloud.com.klarna.app.DocumentPicker"": ""2024-08-27T20:17:09.646484851Z"",
    ""com.apple.icloud-container.clouddocs.iCloud.com.linkedin.LinkedIn"": ""2024-08-27T16:19:56.26484704Z"",
    ""com.apple.icloud-container.clouddocs.iCloud.com.microsoft.Office.Word"": ""2024-08-27T16:22:09.374947071Z"",
    ""com.apple.icloud-container.clouddocs.iCloud.com.microsoft.onenote"": ""2024-08-27T16:19:56.583036899Z"",
    ""com.apple.icloud-container.clouddocs.iCloud.com.microsoft.skype.teams"": ""2024-08-27T16:19:56.590556144Z"",
    ""com.apple.icloud-container.clouddocs.iCloud.com.negd.digilocker"": ""2024-08-27T16:19:52.774657011Z"",
    ""com.apple.icloud-container.clouddocs.iCloud.com.payu.citrusapp"": ""2024-08-27T16:19:52.738919019Z"",
    ""com.apple.icloud-container.clouddocs.iCloud.com.reddit.reddit"": ""2026-08-27T19:49:04.684126853Z"",
    ""com.apple.icloud-container.clouddocs.iCloud.com.religare.healthInsurance"": ""2025-09-28T05:46:24.327146053Z"",
    ""com.apple.icloud-container.clouddocs.iCloud.com.revolut.revolut"": ""2024-08-27T20:17:09.715397834Z"",
    ""com.apple.icloud-container.clouddocs.iCloud.com.surfshark.vpnclient"": ""2024-08-27T16:19:56.584371089Z"",
    ""com.apple.icloud-container.clouddocs.iCloud.com.surfshark.vpnclient.ios"": ""2024-08-27T16:19:56.585472106Z"",
    ""com.apple.icloud-container.clouddocs.iCloud.com.tinyspeck.chatlyio"": ""2024-08-27T20:17:09.710070133Z"",
    ""com.apple.icloud-container.clouddocs.iCloud.com.todoist.ios"": ""2024-08-27T20:17:09.717334032Z"",
    ""com.apple.icloud-container.clouddocs.iCloud.com.transferwise.Transferwise"": ""2024-08-27T16:19:56.263133049Z"",
    ""com.apple.icloud-container.clouddocs.iCloud.com.vector3d.uatc"": ""2024-08-27T16:19:56.118677139Z"",
    ""com.apple.icloud-container.clouddocs.iCloud.com.zuuks.bus.simulator.ultimate"": ""2024-08-27T16:19:46.475656032Z"",
    ""com.apple.icloud-container.clouddocs.iCloud.de.tk.tk-app"": ""2024-08-27T20:17:09.711228847Z"",
    ""com.apple.icloud-container.clouddocs.iCloud.fm.overcast.overcast"": ""2024-08-27T20:17:09.712265014Z"",
    ""com.apple.icloud-container.clouddocs.iCloud.in.mahadiscom.MSEDCL"": ""2024-08-27T16:19:53.040675163Z"",
    ""com.apple.icloud-container.clouddocs.iCloud.in.upstox.pro"": ""2024-08-27T20:17:09.674062013Z"",
    ""com.apple.icloud-container.clouddocs.iCloud.is.workflow.my.workflows"": ""2026-09-13T04:44:58.885672092Z"",
    ""com.apple.icloud-container.clouddocs.iCloud.org.videolan.vlc-ios"": ""2024-08-27T16:19:53.723083972Z"",
    ""com.apple.icloud-container.clouddocs.iCloud.ph.telegra.Telegraph"": ""2024-08-27T20:17:09.679453849Z"",
    ""com.apple.icloud-container.clouddocs.iCloud.pixyzehn.Expenses"": ""2024-08-27T20:17:09.71434307Z"",
    ""com.apple.icloud-container.clouddocs.iCloud.us.zoom.videomeetings"": ""2024-08-27T20:17:09.718281984Z"",
    ""com.apple.icloud-container.com.apple.Maps"": ""2026-08-27T19:49:00.788794994Z"",
    ""com.apple.icloud-container.com.apple.Notes"": ""2026-08-27T19:48:41.097282886Z"",
    ""com.apple.icloud-container.com.apple.Safari"": ""2026-08-27T19:48:57.752444028Z"",
    ""com.apple.icloud-container.com.apple.SafariShared.CloudTabs"": ""2026-08-27T19:49:04.820955991Z"",
    ""com.apple.icloud-container.com.apple.SafariShared.Settings"": ""2026-08-27T19:49:04.820058822Z"",
    ""com.apple.icloud-container.com.apple.SafariShared.WBSCloudBookmarksStore"": ""2026-08-27T19:49:04.821950912Z"",
    ""com.apple.icloud-container.com.apple.StatusKitAgent"": ""2026-08-27T19:48:57.306425094Z"",
    ""com.apple.icloud-container.com.apple.TrustedPeersHelper"": ""2026-08-27T19:48:29.393599033Z"",
    ""com.apple.icloud-container.com.apple.UsageTrackingAgent"": ""2026-08-27T19:48:58.441855907Z"",
    ""com.apple.icloud-container.com.apple.accessibility.guest-pass"": ""2026-08-27T19:48:56.239933013Z"",
    ""com.apple.icloud-container.com.apple.accessibility.heard"": ""2026-08-27T19:49:07.100952148Z"",
    ""com.apple.icloud-container.com.apple.amsengagementd"": ""2026-08-27T19:49:01.23420906Z"",
    ""com.apple.icloud-container.com.apple.amsprivateidentifiers"": ""2026-08-27T19:49:00.169682979Z"",
    ""com.apple.icloud-container.com.apple.appleaccount.beneficiary"": ""2026-08-27T19:49:06.724082946Z"",
    ""com.apple.icloud-container.com.apple.appleaccount.beneficiary.private"": ""2026-08-27T19:49:06.722010135Z"",
    ""com.apple.icloud-container.com.apple.appleaccount.custodian"": ""2026-08-27T19:49:06.725822925Z"",
    ""com.apple.icloud-container.com.apple.appleaccount.custodian.private"": ""2026-08-27T19:49:06.719504833Z"",
    ""com.apple.icloud-container.com.apple.appleaccount.identity"": ""2024-11-19T21:31:33.732650041Z"",
    ""com.apple.icloud-container.com.apple.appleaccount.identity.private"": ""2024-11-19T21:31:33.731018066Z"",
    ""com.apple.icloud-container.com.apple.assistant.assistantd"": ""2026-08-27T19:48:40.968154907Z"",
    ""com.apple.icloud-container.com.apple.avatarsd"": ""2026-08-27T19:49:06.961779117Z"",
    ""com.apple.icloud-container.com.apple.bluetoothuserd"": ""2026-08-27T19:48:44.766576051Z"",
    ""com.apple.icloud-container.com.apple.callhistory.sync-helper"": ""2026-08-27T19:49:06.906218051Z"",
    ""com.apple.icloud-container.com.apple.cloudpaird"": ""2026-08-27T19:48:35.205162048Z"",
    ""com.apple.icloud-container.com.apple.contacts.postersyncd"": ""2026-08-27T19:49:00.820150852Z"",
    ""com.apple.icloud-container.com.apple.donotdisturbd"": ""2026-08-27T19:48:41.045752048Z"",
    ""com.apple.icloud-container.com.apple.facetime"": ""2026-08-27T19:49:06.989748954Z"",
    ""com.apple.icloud-container.com.apple.financed"": ""2026-08-27T19:49:07.709283828Z"",
    ""com.apple.icloud-container.com.apple.findmy.findmylocateagent"": ""2026-08-27T19:48:29.593112945Z"",
    ""com.apple.icloud-container.com.apple.gamed"": ""2026-08-27T19:49:07.752400875Z"",
    ""com.apple.icloud-container.com.apple.homeenergyd"": ""2026-08-27T19:49:07.649348974Z"",
    ""com.apple.icloud-container.com.apple.iBooksX"": ""2026-08-27T19:49:07.676093101Z"",
    ""com.apple.icloud-container.com.apple.iWork.Numbers"": ""2026-08-27T19:48:41.100186824Z"",
    ""com.apple.icloud-container.com.apple.icloud.fmfd"": ""2025-06-07T14:22:23.297085046Z"",
    ""com.apple.icloud-container.com.apple.icloud.searchpartyuseragent"": ""2026-08-27T19:48:52.703833103Z"",
    ""com.apple.icloud-container.com.apple.imagent"": ""2026-08-27T19:48:58.432819843Z"",
    ""com.apple.icloud-container.com.apple.keyboardservicesd"": ""2026-08-27T19:48:41.605939865Z"",
    ""com.apple.icloud-container.com.apple.knowledge-agent"": ""2026-08-27T19:48:30.17654705Z"",
    ""com.apple.icloud-container.com.apple.passd"": ""2026-08-27T19:48:52.632350921Z"",
    ""com.apple.icloud-container.com.apple.photos.cloud"": ""2026-08-27T19:49:07.02768898Z"",
    ""com.apple.icloud-container.com.apple.protectedcloudstorage.protectedcloudkeysyncing"": ""2026-09-14T05:32:40.886456012Z"",
    ""com.apple.icloud-container.com.apple.reminders"": ""2026-08-27T19:49:06.851645946Z"",
    ""com.apple.icloud-container.com.apple.routined"": ""2026-08-27T19:48:42.701320171Z"",
    ""com.apple.icloud-container.com.apple.security.cuttlefish"": ""2026-08-27T19:48:29.4056921Z"",
    ""com.apple.icloud-container.com.apple.security.kcsharing"": ""2026-08-27T19:49:03.04629898Z"",
    ""com.apple.icloud-container.com.apple.securityd"": ""2026-08-27T19:48:29.37938404Z"",
    ""com.apple.icloud-container.com.apple.sharedstreams"": ""2026-08-27T19:48:46.226524829Z"",
    ""com.apple.icloud-container.com.apple.shazamd"": ""2026-08-27T19:49:06.734189033Z"",
    ""com.apple.icloud-container.com.apple.shortcuts"": ""2026-08-27T19:49:07.081608057Z"",
    ""com.apple.icloud-container.com.apple.siriknowledged"": ""2026-08-27T19:48:46.382350921Z"",
    ""com.apple.icloud-container.com.apple.sociallayerd"": ""2026-08-29T18:49:38.857877969Z"",
    ""com.apple.icloud-container.com.apple.stickersd"": ""2026-08-27T19:52:24.660913944Z"",
    ""com.apple.icloud-container.com.apple.suggestd"": ""2026-08-27T19:48:57.939844131Z"",
    ""com.apple.icloud-container.com.apple.syncdefaultsd"": ""2026-08-27T19:48:28.84623599Z"",
    ""com.apple.icloud-container.com.apple.transparencyd"": ""2026-08-27T19:48:29.587807178Z"",
    ""com.apple.icloud-container.com.apple.upload-request-proxy.com.apple.photos.cloud"": ""2026-08-27T19:49:07.105041027Z"",
    ""com.apple.icloud-container.com.apple.willowd"": ""2026-08-27T19:48:58.447947978Z"",
    ""com.apple.icloud-container.com.apple.willowd.homekit"": ""2026-08-27T19:49:00.696199893Z"",
    ""com.apple.icloud-container.com.apple.willowd.homekit.camera.clips"": ""2026-08-27T19:48:58.461780071Z"",
    ""com.apple.icloud-container.com.goodnotesapp.x"": ""2026-08-27T19:48:41.100713968Z"",
    ""com.apple.icloud.fmip.voiceassistantsync"": ""2026-08-27T19:48:40.985573053Z"",
    ""com.apple.icloud.mcc.mailagent"": ""2026-08-27T19:49:07.021428108Z"",
    ""com.apple.icloud.presence.channel.management"": ""2026-09-14T04:46:38.858860969Z"",
    ""com.apple.icloud.presence.mode.status"": ""2026-08-27T19:48:40.361215114Z"",
    ""com.apple.icloud.presence.shared.experience"": ""2026-09-14T04:46:39.374099969Z"",
    ""com.apple.icloud.presence.shared.experience.homekit"": ""2026-08-27T19:48:40.36002016Z"",
    ""com.apple.idmsauth"": ""2026-08-27T19:48:30.123427867Z"",
    ""com.apple.idmsauthagent"": ""2026-08-27T19:48:41.340187072Z"",
    ""com.apple.itunesstored"": ""2026-08-27T19:48:58.526355028Z"",
    ""com.apple.jalisco"": ""2026-09-11T19:25:02.160058021Z"",
    ""com.apple.jetpackassetd"": ""2026-08-27T19:49:06.692523956Z"",
    ""com.apple.madrid"": ""2026-09-14T07:50:17.075316905Z"",
    ""com.apple.madrid.lite"": ""2026-08-27T19:49:11.090265035Z"",
    ""com.apple.maps.icloud"": ""2026-08-27T19:49:06.955679893Z"",
    ""com.apple.mlhostd.push"": ""2026-08-27T19:49:06.946166038Z"",
    ""com.apple.mobileme.fmf3"": ""2026-08-27T19:48:30.471124172Z"",
    ""com.apple.music.social"": ""2026-01-02T15:47:11.872009992Z"",
    ""com.apple.passd"": ""2024-08-27T15:02:53.082374095Z"",
    ""com.apple.passd.usernotifications"": ""2026-08-27T19:48:52.625252008Z"",
    ""com.apple.pay.auxiliary.registration.requirement.prod"": ""2026-08-27T19:48:52.628599166Z"",
    ""com.apple.pay.provision"": ""2026-08-27T19:48:52.582715034Z"",
    ""com.apple.pay.services.account.prod"": ""2026-08-27T19:48:52.627550125Z"",
    ""com.apple.pay.services.apply.prod"": ""2026-08-27T19:48:52.683962821Z"",
    ""com.apple.pay.services.ck.zone.prod"": ""2026-08-27T19:48:52.626778125Z"",
    ""com.apple.pay.services.devicecheckin.prod.us"": ""2026-08-27T19:48:52.626158952Z"",
    ""com.apple.pay.services.ownershipTokens.prod"": ""2026-08-27T19:48:52.624496936Z"",
    ""com.apple.pay.services.products.prod"": ""2026-08-27T19:48:52.691197872Z"",
    ""com.apple.peerpayment"": ""2026-08-27T19:48:52.895678997Z"",
    ""com.apple.private.ac"": ""2026-08-27T19:49:16.907313823Z"",
    ""com.apple.private.alloy.accessibility.switchcontrol"": ""2026-08-27T19:49:16.869771957Z"",
    ""com.apple.private.alloy.accounts.representative"": ""2026-08-27T19:49:16.77238512Z"",
    ""com.apple.private.alloy.airdrop.walkaway"": ""2026-08-27T19:49:16.775542974Z"",
    ""com.apple.private.alloy.alarms-timers"": ""2026-08-27T19:49:16.595518112Z"",
    ""com.apple.private.alloy.alarms-timers.v2"": ""2026-08-27T19:49:16.621026992Z"",
    ""com.apple.private.alloy.amp.potluck"": ""2025-08-30T12:22:42.436558961Z"",
    ""com.apple.private.alloy.applepay"": ""2026-08-27T19:49:18.580068111Z"",
    ""com.apple.private.alloy.arcade"": ""2026-06-16T20:13:08.724566936Z"",
    ""com.apple.private.alloy.arcade.fastsync"": ""2026-08-27T19:49:16.587568044Z"",
    ""com.apple.private.alloy.arcade.gftaas"": ""2025-08-30T12:22:42.353733062Z"",
    ""com.apple.private.alloy.askto"": ""2026-08-27T19:49:11.041377067Z"",
    ""com.apple.private.alloy.avconference.icloud"": ""2026-08-27T19:49:16.795061111Z"",
    ""com.apple.private.alloy.biz"": ""2026-09-11T00:49:37.451016902Z"",
    ""com.apple.private.alloy.bulletinboard"": ""2026-09-14T08:06:23.997688055Z"",
    ""com.apple.private.alloy.carmelsync"": ""2026-08-27T19:49:16.623399972Z"",
    ""com.apple.private.alloy.classroom"": ""2026-08-27T19:49:16.631794929Z"",
    ""com.apple.private.alloy.clockface.sharing"": ""2026-08-27T19:49:16.821035861Z"",
    ""com.apple.private.alloy.contextsync"": ""2026-09-11T16:44:45.380043983Z"",
    ""com.apple.private.alloy.continuity.activity"": ""2026-08-27T19:49:16.819085121Z"",
    ""com.apple.private.alloy.continuity.encryption"": ""2026-08-27T19:49:16.825379848Z"",
    ""com.apple.private.alloy.continuity.notifications"": ""2026-09-14T08:12:19.456691026Z"",
    ""com.apple.private.alloy.continuity.tethering"": ""2026-08-27T19:49:16.550565958Z"",
    ""com.apple.private.alloy.continuity.unlock"": ""2026-08-27T19:49:16.831708908Z"",
    ""com.apple.private.alloy.coreduet.sync"": ""2026-08-27T19:49:16.497491836Z"",
    ""com.apple.private.alloy.ded"": ""2026-08-27T19:49:16.48962593Z"",
    ""com.apple.private.alloy.digitalhealth"": ""2026-08-27T19:49:16.808483123Z"",
    ""com.apple.private.alloy.electrictouch"": ""2025-08-30T12:22:42.383285999Z"",
    ""com.apple.private.alloy.energykit"": ""2026-08-27T19:49:16.515130043Z"",
    ""com.apple.private.alloy.facetime.audio"": ""2026-08-27T19:49:16.90446186Z"",
    ""com.apple.private.alloy.facetime.lp"": ""2026-08-27T19:49:17.416881084Z"",
    ""com.apple.private.alloy.facetime.messaging"": ""2026-09-09T17:59:38.751152992Z"",
    ""com.apple.private.alloy.facetime.multi"": ""2026-09-14T07:49:12.938814163Z"",
    ""com.apple.private.alloy.facetime.sync"": ""2026-09-14T07:49:44.513319015Z"",
    ""com.apple.private.alloy.facetime.video"": ""2026-09-09T17:59:38.692605018Z"",
    ""com.apple.private.alloy.familycircle"": ""2026-08-27T19:49:16.46579194Z"",
    ""com.apple.private.alloy.findmy.itemsharing-crossaccount"": ""2026-08-27T19:49:16.822231054Z"",
    ""com.apple.private.alloy.fmd"": ""2026-08-27T19:49:16.786340951Z"",
    ""com.apple.private.alloy.fmf"": ""2026-08-27T19:49:16.797590017Z"",
    ""com.apple.private.alloy.gamecenter.imessage"": ""2025-08-30T12:22:42.09830594Z"",
    ""com.apple.private.alloy.gelato"": ""2026-08-27T19:49:11.129544019Z"",
    ""com.apple.private.alloy.groupRemoteControl.cloud"": ""2026-08-27T19:49:16.599127054Z"",
    ""com.apple.private.alloy.groupRemoteControl.messaging"": ""2026-08-27T19:49:16.547852993Z"",
    ""com.apple.private.alloy.groupRemoteControl.session"": ""2026-08-27T19:49:16.877835988Z"",
    ""com.apple.private.alloy.groupkit"": ""2025-03-16T12:49:15.637618064Z"",
    ""com.apple.private.alloy.groupkit.invite"": ""2025-03-16T12:49:15.590900897Z"",
    ""com.apple.private.alloy.hearing"": ""2026-08-27T19:49:16.759768962Z"",
    ""com.apple.private.alloy.home"": ""2026-08-27T19:49:16.804708003Z"",
    ""com.apple.private.alloy.home.invite"": ""2026-08-27T19:49:16.800191879Z"",
    ""com.apple.private.alloy.icloudpairing"": ""2026-08-27T19:49:16.768063068Z"",
    ""com.apple.private.alloy.icloudweb"": ""2026-08-27T19:49:16.817188024Z"",
    ""com.apple.private.alloy.ids.cloudmessaging"": ""2026-08-27T19:49:16.517912864Z"",
    ""com.apple.private.alloy.itunes"": ""2026-08-27T19:49:11.599347114Z"",
    ""com.apple.private.alloy.kcsharing.invite"": ""2026-08-27T19:49:16.850703954Z"",
    ""com.apple.private.alloy.keytransparency.accountkey.pinning"": ""2026-08-27T19:49:16.563074111Z"",
    ""com.apple.private.alloy.kt.webtunnel"": ""2026-09-13T08:12:00.143208026Z"",
    ""com.apple.private.alloy.maps"": ""2026-08-27T19:49:17.028933048Z"",
    ""com.apple.private.alloy.maps.eta"": ""2026-08-27T19:49:16.525981903Z"",
    ""com.apple.private.alloy.messagenotification"": ""2026-08-27T19:49:16.780200004Z"",
    ""com.apple.private.alloy.multiplex1"": ""2026-08-27T19:49:16.809995174Z"",
    ""com.apple.private.alloy.nameandphoto"": ""2026-09-09T17:59:38.751682996Z"",
    ""com.apple.private.alloy.nearby"": ""2026-08-27T19:49:16.566838979Z"",
    ""com.apple.private.alloy.notes"": ""2026-08-27T19:49:16.847046852Z"",
    ""com.apple.private.alloy.phone.auth"": ""2026-08-27T19:49:16.803653955Z"",
    ""com.apple.private.alloy.phonecontinuity"": ""2026-08-27T19:49:16.539185047Z"",
    ""com.apple.private.alloy.phonecontinuity.ping"": ""2026-08-27T19:49:16.87666893Z"",
    ""com.apple.private.alloy.photostream"": ""2026-08-27T19:49:17.111742019Z"",
    ""com.apple.private.alloy.proxiedcrashcopier.icloud"": ""2026-08-27T19:49:16.640123844Z"",
    ""com.apple.private.alloy.quickrelay"": ""2026-09-10T11:50:09.453999996Z"",
    ""com.apple.private.alloy.safari.groupactivities"": ""2026-08-27T19:49:16.875355005Z"",
    ""com.apple.private.alloy.safetymonitor"": ""2026-08-27T19:49:11.150964021Z"",
    ""com.apple.private.alloy.safetymonitor.multiplex"": ""2026-08-27T19:49:16.454970836Z"",
    ""com.apple.private.alloy.safetymonitor.ownaccount"": ""2026-08-27T19:49:11.135452985Z"",
    ""com.apple.private.alloy.safeview"": ""2026-08-27T19:49:16.824237823Z"",
    ""com.apple.private.alloy.screensharing"": ""2026-08-27T19:49:16.872954845Z"",
    ""com.apple.private.alloy.screensharing.qr"": ""2026-08-27T19:49:16.81259489Z"",
    ""com.apple.private.alloy.screentime"": ""2026-08-27T19:49:16.853746891Z"",
    ""com.apple.private.alloy.screentime.invite"": ""2026-08-27T19:49:16.614696025Z"",
    ""com.apple.private.alloy.sleep.icloud"": ""2026-08-27T19:49:16.881835937Z"",
    ""com.apple.private.alloy.sms"": ""2026-09-13T05:36:49.249311923Z"",
    ""com.apple.private.alloy.status.keysharing"": ""2026-09-14T04:46:39.393358945Z"",
    ""com.apple.private.alloy.status.personal"": ""2026-09-14T08:04:27.486732006Z"",
    ""com.apple.private.alloy.thumper.keys"": ""2026-08-27T19:49:16.532444953Z"",
    ""com.apple.private.alloy.tips"": ""2026-08-27T19:49:16.554747104Z"",
    ""com.apple.private.alloy.usagetracking"": ""2026-08-27T19:49:16.798759937Z"",
    ""com.apple.private.alloy.widgets"": ""2026-08-27T19:49:16.512362003Z"",
    ""com.apple.private.alloy.willow"": ""2026-09-07T09:05:39.642488956Z"",
    ""com.apple.private.alloy.willow.stream"": ""2026-08-27T19:49:16.815308094Z"",
    ""com.apple.private.alloy.willow.stream.multi"": ""2026-08-27T19:49:16.738966941Z"",
    ""com.apple.private.ids"": ""2026-08-27T19:48:41.235793113Z"",
    ""com.apple.sagad"": ""2026-09-11T19:25:02.157062053Z"",
    ""com.apple.sharedstreams"": ""2026-08-27T19:48:46.223675012Z"",
    ""com.apple.storekit"": ""2026-08-27T19:49:03.726624965Z"",
    ""com.apple.tilt"": ""2026-01-02T15:47:11.872732162Z"",
    ""com.apple.triald"": ""2026-08-27T19:48:41.172821998Z"",
    ""com.apple.tv.favoriteTeams"": ""2026-08-27T19:49:07.565098047Z"",
    ""com.apple.wallet.sharing"": ""2026-08-27T19:48:52.606189966Z"",
    ""com.apple.wallet.sharing.partners"": ""2026-08-27T19:48:52.614727973Z"",
    ""com.apple.wallet.sharing.qa"": ""2026-08-27T19:48:52.601420879Z"",
    ""com.apple.watchList"": ""2026-08-27T19:49:07.558061122Z"",
    ""com.apple.weather"": ""2026-08-27T19:51:16.448400974Z"",
    ""com.goodnotesapp.x"": ""2026-08-27T19:48:41.098289966Z"",
    ""com.icloud.askpermission"": ""2026-08-27T19:49:07.042049884Z"",
    ""com.icloud.family"": ""2026-08-27T19:48:52.131785869Z"",
    ""com.icloud.quota"": ""2026-08-27T19:48:52.370462894Z"",
    ""com.me.cal"": ""2026-08-27T19:49:07.095058917Z"",
    ""com.me.contacts"": ""2026-08-27T19:49:07.777660846Z"",
    ""com.me.setupservice"": ""2026-08-27T19:49:07.089004039Z"",
    ""com.surfshark.vpnclient.macos.direct"": ""2026-08-27T19:48:41.090869903Z"",
    ""paymentpass.com.apple"": ""2026-08-27T19:48:52.661726951Z"",
    ""web.web.whatsapp.com"": ""2026-08-29T12:54:55.596320152Z""
   }
  },
  ""89"": {
   ""production"": {
    ""com.apple.icloud-container.com.apple.security.kcsharing"": ""2024-09-02T13:48:02.853076934Z""
   }
  }
 },
 ""AppIds"": {
  ""production"": {
   ""0"": {
    ""com.apple.dep.apnsv2"": {
     ""com.apple.mdmclient.dep"": 0
    }
   },
   ""248"": {
    ""com.apple.icloud-container.com.apple.appleaccount.beneficiary"": {
     """": 0
    },
    ""com.apple.icloud-container.com.apple.appleaccount.beneficiary.private"": {
     """": 0
    },
    ""com.apple.icloud-container.com.apple.appleaccount.custodian"": {
     """": 0
    },
    ""com.apple.icloud-container.com.apple.appleaccount.custodian.private"": {
     """": 0
    },
    ""com.apple.icloud-container.com.apple.appleaccount.identity"": {
     """": 0
    },
    ""com.apple.icloud-container.com.apple.appleaccount.identity.private"": {
     """": 0
    },
    ""com.apple.icloud-container.com.apple.bluetoothuserd"": {
     """": 0
    },
    ""com.apple.icloud-container.com.apple.icloud.searchpartyuseragent"": {
     """": 0
    },
    ""com.apple.icloud.fmip.voiceassistantsync"": {
     """": 0
    },
    ""com.apple.idmsauthagent"": {
     """": 0
    }
   },
   ""501"": {
    ""com.adobe.AdobeResourceSynchronizer"": {
     """": 0
    },
    ""com.apple.Maps"": {
     """": 0
    },
    ""com.apple.Notes"": {
     """": 0
    },
    ""com.apple.findmy.delegatedlocations"": {
     ""com.apple.icloud.searchpartyuseragent"": 0
    },
    ""com.apple.findmy.searchparty.devices.sync"": {
     ""com.apple.icloud.searchpartyuseragent"": 0
    },
    ""com.apple.iBooksX"": {
     """": 0
    },
    ""com.apple.iWork.Numbers"": {
     """": 0
    },
    ""com.apple.icloud-container.com.apple.appleaccount.beneficiary"": {
     """": 0
    },
    ""com.apple.icloud-container.com.apple.appleaccount.beneficiary.private"": {
     """": 0
    },
    ""com.apple.icloud-container.com.apple.appleaccount.custodian"": {
     """": 0
    },
    ""com.apple.icloud-container.com.apple.appleaccount.custodian.private"": {
     """": 0
    },
    ""com.apple.icloud-container.com.apple.appleaccount.identity"": {
     """": 0
    },
    ""com.apple.icloud-container.com.apple.appleaccount.identity.private"": {
     """": 0
    },
    ""com.apple.icloud-container.com.apple.bluetoothuserd"": {
     """": 0
    },
    ""com.apple.icloud-container.com.apple.cloudpaird"": {
     """": 0
    },
    ""com.apple.icloud-container.com.apple.icloud.searchpartyuseragent"": {
     """": 0
    },
    ""com.apple.icloud-container.com.apple.willowd"": {
     """": 0
    },
    ""com.apple.icloud-container.com.apple.willowd.homekit"": {
     """": 0
    },
    ""com.apple.icloud-container.com.apple.willowd.homekit.camera.clips"": {
     """": 0
    },
    ""com.apple.icloud.fmip.voiceassistantsync"": {
     """": 0
    },
    ""com.apple.idmsauthagent"": {
     """": 0
    },
    ""com.goodnotesapp.x"": {
     """": 0
    },
    ""com.surfshark.vpnclient.macos.direct"": {
     """": 0
    },
    ""web.web.whatsapp.com"": {
     """": 0
    }
   }
  }
 },
 ""CertificateName"": ""8B54AE5C-2549-464C-9218-15650F15A757"",
 ""MachineUniqueIdentifier"": ""5E35EA44-EFDA-5763-ABC9-1AC45973A2DB"",
 ""PlatformSerial"": ""0ZOXr6WT5apM/6e4p5ynpImY"",
 ""StorageId"": ""lW0r94oZ9IhfEBa6tVGrNw==""
}",
/Library/Preferences/com.apple.biometrickitd.plist,2026-09-14T08:12:54.704049793Z,"{
 ""com.apple.biometrickit.lockStateAnalytics"": {
  ""biometryUnlockTotal"": 4,
  ""deviceEnclosureColor"": 2,
  ""displayOn"": false,
  ""eventCanceled"": false,
  ""passcodeAuthenticatedBiometryAvailable"": 0,
  ""passcodeAuthenticatedBiometryUnavailable"": 0,
  ""passcodeAuthenticatedTotal"": 0,
  ""passcodeUnlockBiometryAvailable"": 0,
  ""passcodeUnlockBiometryDisabled"": 0,
  ""passcodeUnlockBiometryUnavailable"": 0,
  ""passcodeUnlockTotal"": 0,
  ""passcodeValidatedBiometryAvailable"": 0,
  ""passcodeValidatedBiometryUnavailable"": 0,
  ""passcodeValidatedTotal"": 0,
  ""remoteUnlockBiometryAvailable"": 0,
  ""remoteUnlockBiometryDisabled"": 0,
  ""remoteUnlockBiometryUnavailable"": 0,
  ""remoteUnlockTotal"": 0,
  ""unlockTotal"": 4
 },
 ""com.apple.biometrickit.mesa.dailyUpdate"": {
  ""activeTemplatesCount"": 0,
  ""artefactAnchorXAverage"": -24.2879,
  ""artefactAnchorXCount"": 2,
  ""artefactAnchorXM2"": 1306.3134,
  ""artefactAnchorXSTD"": 25.55693,
  ""artefactAnchorXSum"": -48.575798,
  ""artefactAnchorXSumSq"": 2486.1174,
  ""artefactAnchorYAverage"": -25.937109,
  ""artefactAnchorYCount"": 2,
  ""artefactAnchorYM2"": 41.861996,
  ""artefactAnchorYSTD"": 4.575041,
  ""artefactAnchorYSum"": -51.874218,
  ""artefactAnchorYSumSq"": 1387.3292,
  ""artefactMatchAttempts"": 0,
  ""artefactMatchAttemptsFailed"": 0,
  ""artefactMatchAttemptsFailedFingerDetected"": 0,
  ""artefactMatchAttemptsFingerDetected"": 0,
  ""artefactMatchAttemptsSuccessful"": 0,
  ""artefactNonlinearityAverage"": 75.52025,
  ""artefactNonlinearityCount"": 4,
  ""artefactNonlinearityM2"": 7191.0996,
  ""artefactNonlinearitySTD"": 42.400177,
  ""artefactNonlinearitySum"": 302.081,
  ""artefactNonlinearitySumSq"": 30004.33,
  ""artefactPrevalence"": 0,
  ""artefactScoreAverage"": -1899,
  ""artefactScoreCount"": 4,
  ""artefactScoreSum"": -7597,
  ""artefactStrengthAverage"": 0.0042585456,
  ""artefactStrengthCount"": 4,
  ""artefactStrengthSum"": 0.017034182,
  ""attachedDeviceCount"": 1,
  ""attachedDevicesList"": [
   ""00000000-0000-0000-0000-000000000000""
  ],
  ""badDay"": false,
  ""badDayFRR"": 0,
  ""bioLockoutCount"": 0,
  ""builtinSensorType"": 3,
  ""captureTimeAverage"": 113,
  ""captureTimeCount"": 4,
  ""captureTimeSum"": 454,
  ""deviceEnclosureColor"": 2,
  ""deviceType"": 0,
  ""displayOn"": false,
  ""enrolledIdentityCount"": 0,
  ""enrolledTemplatesCount"": 0,
  ""eventCanceled"": false,
  ""fingerDetected"": false,
  ""imagePixelOutlierCountAverage"": 7,
  ""imagePixelOutlierCountCount"": 4,
  ""imagePixelOutlierCountSum"": 28,
  ""lastEnrollmentScanCount"": 10,
  ""lastEnrollmentScanGroupCount"": 4,
  ""lastEnrollmentTouchesCount"": 10,
  ""localAuthMatchAttempts"": 0,
  ""localAuthMatchAttemptsFailed"": 0,
  ""localAuthMatchAttemptsFailedFingerDetected"": 0,
  ""localAuthMatchAttemptsFingerDetected"": 0,
  ""localAuthMatchAttemptsSuccessful"": 0,
  ""matcherTimeAverage"": 210,
  ""matcherTimeCount"": 4,
  ""matcherTimeMatchAverage"": 210,
  ""matcherTimeMatchCount"": 4,
  ""matcherTimeMatchSum"": 841,
  ""matcherTimeSum"": 841,
  ""nonArtefactFRR"": 0,
  ""nonArtefactMatchAttempts"": 5,
  ""nonArtefactMatchAttemptsFailed"": 1,
  ""nonArtefactMatchAttemptsFailedFingerDetected"": 0,
  ""nonArtefactMatchAttemptsFingerDetected"": 4,
  ""nonArtefactMatchAttemptsSuccessful"": 4,
  ""numPxOutliersPhase1Average"": 3,
  ""numPxOutliersPhase1Count"": 4,
  ""numPxOutliersPhase1Sum"": 12,
  ""numPxOutliersPhase2Average"": 4,
  ""numPxOutliersPhase2Count"": 4,
  ""numPxOutliersPhase2Sum"": 16,
  ""operationCount"": 5,
  ""operationTimeAverage"": 114006,
  ""operationTimeSum"": 570030,
  ""pairedDeviceCount"": 1,
  ""pairedDevicesList"": [
   ""00000000-0000-0000-0000-000000000000""
  ],
  ""preArmMatchAttempts"": 0,
  ""preArmMatchAttemptsFailed"": 0,
  ""preArmMatchAttemptsFailedFingerDetected"": 0,
  ""preArmMatchAttemptsFingerDetected"": 0,
  ""preArmMatchAttemptsSuccessful"": 0,
  ""previousEventDate"": ""2026-09-14T04:29:12.16812396Z"",
  ""sensorType"": 3,
  ""subsetMatchAttempts"": 0,
  ""subsetMatchAttemptsFailed"": 0,
  ""subsetMatchAttemptsFailedFingerDetected"": 0,
  ""subsetMatchAttemptsFailedTarget"": 0,
  ""subsetMatchAttemptsFingerDetected"": 0,
  ""subsetMatchAttemptsSuccessful"": 0,
  ""temperatureBin"": 1,
  ""temperatureRaw"": 31,
  ""totalFRR"": 0,
  ""totalMatchAttempts"": 5,
  ""totalMatchAttemptsFailed"": 1,
  ""totalMatchAttemptsFailedFingerDetected"": 0,
  ""totalMatchAttemptsFingerDetected"": 4,
  ""totalMatchAttemptsSuccessful"": 4,
  ""totalMatchOperationsFailedRetry"": 0,
  ""totalMatchOperationsFingerDetected"": 4,
  ""totalTemplateMatchCount"": 0,
  ""unlockFRR"": 0,
  ""unlockMatchAttempts"": 5,
  ""unlockMatchAttemptsFailed"": 1,
  ""unlockMatchAttemptsFailedFingerDetected"": 0,
  ""unlockMatchAttemptsFingerDetected"": 4,
  ""unlockMatchAttemptsSuccessful"": 4,
  ""usedDeviceCount"": 1,
  ""usedDevicesList"": [
   ""00000000-0000-0000-0000-000000000000""
  ]
 },
 ""com.apple.biometrickit.mesa.weeklyUpdate"": {
  ""activeTemplatesCount"": 7,
  ""artefactAnchorXAverage"": -10.057704,
  ""artefactAnchorXCount"": 27,
  ""artefactAnchorXM2"": 15486.2497,
  ""artefactAnchorXSTD"": 27.822031,
  ""artefactAnchorXSum"": -153.29874809999998,
  ""artefactAnchorXSumSq"": 21770.1544469,
  ""artefactAnchorYAverage"": -8.14165,
  ""artefactAnchorYCount"": 27,
  ""artefactAnchorYM2"": 9814.6757,
  ""artefactAnchorYSTD"": 19.723446,
  ""artefactAnchorYSum"": -289.64752500000003,
  ""artefactAnchorYSumSq"": 13610.634339999999,
  ""artefactMatchAttempts"": 0,
  ""artefactMatchAttemptsFailed"": 0,
  ""artefactMatchAttemptsFailedFingerDetected"": 0,
  ""artefactMatchAttemptsFingerDetected"": 0,
  ""artefactMatchAttemptsSuccessful"": 0,
  ""artefactNonlinearityAverage"": 95.74937,
  ""artefactNonlinearityCount"": 44,
  ""artefactNonlinearityM2"": 26031.635000000002,
  ""artefactNonlinearitySTD"": 24.764717,
  ""artefactNonlinearitySum"": 4105.2525000000005,
  ""artefactNonlinearitySumSq"": 410009.77999999997,
  ""artefactPrevalence"": 0,
  ""artefactScoreAverage"": -3740,
  ""artefactScoreCount"": 44,
  ""artefactScoreSum"": -164587,
  ""artefactStrengthAverage"": 0.0023949468,
  ""artefactStrengthCount"": 44,
  ""artefactStrengthSum"": 0.10537766109999999,
  ""attachedDeviceCount"": 1,
  ""badDayFRR"": 0,
  ""bioLockoutCount"": 0,
  ""builtinSensorType"": 3,
  ""captureTimeAverage"": 110,
  ""captureTimeCount"": 44,
  ""captureTimeSum"": 4849,
  ""dailyEventIndex"": 6,
  ""dailyEvents"": [
   {
    ""activeTemplatesCount"": 1,
    ""applePayEnabled"": 1,
    ""artefactAnchorXAverage"": -54.191288,
    ""artefactAnchorXCount"": 1,
    ""artefactAnchorXM2"": 0,
    ""artefactAnchorXSum"": -54.191288,
    ""artefactAnchorXSumSq"": 2936.6958,
    ""artefactAnchorYAverage"": -26.251486,
    ""artefactAnchorYCount"": 1,
    ""artefactAnchorYM2"": 0,
    ""artefactAnchorYSum"": -26.251486,
    ""artefactAnchorYSumSq"": 689.1405,
    ""artefactMatchAttempts"": 0,
    ""artefactMatchAttemptsFailed"": 0,
    ""artefactMatchAttemptsFailedFingerDetected"": 0,
    ""artefactMatchAttemptsFingerDetected"": 0,
    ""artefactMatchAttemptsSuccessful"": 0,
    ""artefactNonlinearityAverage"": 100,
    ""artefactNonlinearityCount"": 2,
    ""artefactNonlinearityM2"": 0,
    ""artefactNonlinearitySTD"": 0,
    ""artefactNonlinearitySum"": 200,
    ""artefactNonlinearitySumSq"": 20000,
    ""artefactPrevalence"": 0,
    ""artefactScoreAverage"": -1999,
    ""artefactScoreCount"": 2,
    ""artefactScoreSum"": -3999,
    ""artefactStrengthAverage"": 0.0030093435,
    ""artefactStrengthCount"": 2,
    ""artefactStrengthSum"": 0.006018687,
    ""attachedDeviceCount"": 1,
    ""attachedDevicesList"": [
     ""00000000-0000-0000-0000-000000000000""
    ],
    ""badDay"": false,
    ""badDayFRR"": 0,
    ""bioLockoutCount"": 0,
    ""builtinSensorType"": 3,
    ""captureTimeAverage"": 114,
    ""captureTimeCount"": 2,
    ""captureTimeSum"": 228,
    ""deviceEnclosureColor"": 2,
    ""deviceType"": 0,
    ""displayOn"": false,
    ""enrolledIdentityCount"": 1,
    ""enrolledTemplatesCount"": 1,
    ""enrolledUserCount"": 1,
    ""eventCanceled"": false,
    ""fingerDetected"": false,
    ""imagePixelOutlierCountAverage"": 3,
    ""imagePixelOutlierCountCount"": 2,
    ""imagePixelOutlierCountSum"": 7,
    ""lastEnrollmentScanCount"": 10,
    ""lastEnrollmentScanGroupCount"": 4,
    ""lastEnrollmentTouchesCount"": 10,
    ""localAuthMatchAttempts"": 1,
    ""localAuthMatchAttemptsFailed"": 1,
    ""localAuthMatchAttemptsFailedFingerDetected"": 0,
    ""localAuthMatchAttemptsFingerDetected"": 0,
    ""localAuthMatchAttemptsSuccessful"": 0,
    ""matcherTimeAverage"": 226,
    ""matcherTimeCount"": 2,
    ""matcherTimeMatchAverage"": 226,
    ""matcherTimeMatchCount"": 2,
    ""matcherTimeMatchSum"": 452,
    ""matcherTimeSum"": 452,
    ""nonArtefactFRR"": 0,
    ""nonArtefactMatchAttempts"": 6,
    ""nonArtefactMatchAttemptsFailed"": 4,
    ""nonArtefactMatchAttemptsFailedFingerDetected"": 0,
    ""nonArtefactMatchAttemptsFingerDetected"": 2,
    ""nonArtefactMatchAttemptsSuccessful"": 2,
    ""numPxOutliersPhase1Average"": 2,
    ""numPxOutliersPhase1Count"": 2,
    ""numPxOutliersPhase1Sum"": 4,
    ""numPxOutliersPhase2Average"": 1,
    ""numPxOutliersPhase2Count"": 2,
    ""numPxOutliersPhase2Sum"": 3,
    ""operationCount"": 6,
    ""operationTimeAverage"": 192480,
    ""operationTimeSum"": 1154882,
    ""pairedDeviceCount"": 1,
    ""pairedDevicesList"": [
     ""00000000-0000-0000-0000-000000000000""
    ],
    ""preArmMatchAttempts"": 0,
    ""preArmMatchAttemptsFailed"": 0,
    ""preArmMatchAttemptsFailedFingerDetected"": 0,
    ""preArmMatchAttemptsFingerDetected"": 0,
    ""preArmMatchAttemptsSuccessful"": 0,
    ""previousEventDate"": ""2026-09-08T07:04:46.046365022Z"",
    ""sensorType"": 3,
    ""subsetMatchAttempts"": 0,
    ""subsetMatchAttemptsFailed"": 0,
    ""subsetMatchAttemptsFailedFingerDetected"": 0,
    ""subsetMatchAttemptsFailedTarget"": 0,
    ""subsetMatchAttemptsFingerDetected"": 0,
    ""subsetMatchAttemptsSuccessful"": 0,
    ""temperatureBin"": 1,
    ""temperatureRaw"": 29,
    ""template1MatchCount"": 2,
    ""template1MatchCountContinuous"": 3054,
    ""template1Usage"": 100,
    ""template1UsageContinuous"": 100,
    ""templateEnrollmentsCount"": 1,
    ""totalFRR"": 0,
    ""totalMatchAttempts"": 6,
    ""totalMatchAttemptsFailed"": 4,
    ""totalMatchAttemptsFailedFingerDetected"": 0,
    ""totalMatchAttemptsFingerDetected"": 2,
    ""totalMatchAttemptsSuccessful"": 2,
    ""totalMatchOperationsFailedRetry"": 0,
    ""totalMatchOperationsFingerDetected"": 2,
    ""totalScanCount"": 23,
    ""totalScanGroupCount"": 1,
    ""totalTemplateMatchCount"": 2,
    ""totalTemplateMatchCountContinuous"": 3054,
    ""unlockEnabled"": 1,
    ""unlockFRR"": 0,
    ""unlockMatchAttempts"": 5,
    ""unlockMatchAttemptsFailed"": 3,
    ""unlockMatchAttemptsFailedFingerDetected"": 0,
    ""unlockMatchAttemptsFingerDetected"": 2,
    ""unlockMatchAttemptsSuccessful"": 2,
    ""usedDeviceCount"": 1,
    ""usedDevicesList"": [
     ""00000000-0000-0000-0000-000000000000""
    ]
   },
   {
    ""activeTemplatesCount"": 1,
    ""applePayEnabled"": 1,
    ""artefactAnchorXAverage"": -22.137215,
    ""artefactAnchorXCount"": 3,
    ""artefactAnchorXM2"": 1704.4387,
    ""artefactAnchorXSTD"": 23.83582,
    ""artefactAnchorXSum"": -66.411644,
    ""artefactAnchorXSumSq"": 3174.6074,
    ""artefactAnchorYAverage"": -5.3611574,
    ""artefactAnchorYCount"": 3,
    ""artefactAnchorYM2"": 2655.9844,
    ""artefactAnchorYSTD"": 29.754463,
    ""artefactAnchorYSum"": -16.083473,
    ""artefactAnchorYSumSq"": 2742.2104,
    ""artefactMatchAttempts"": 0,
    ""artefactMatchAttemptsFailed"": 0,
    ""artefactMatchAttemptsFailedFingerDetected"": 0,
    ""artefactMatchAttemptsFingerDetected"": 0,
    ""artefactMatchAttemptsSuccessful"": 0,
    ""artefactNonlinearityAverage"": 83.54259,
    ""artefactNonlinearityCount"": 6,
    ""artefactNonlinearityM2"": 8125.393,
    ""artefactNonlinearitySTD"": 36.799892,
    ""artefactNonlinearitySum"": 501.25552,
    ""artefactNonlinearitySumSq"": 50001.58,
    ""artefactPrevalence"": 0,
    ""artefactScoreAverage"": -1983,
    ""artefactScoreCount"": 6,
    ""artefactScoreSum"": -11898,
    ""artefactStrengthAverage"": 0.0040950053,
    ""artefactStrengthCount"": 6,
    ""artefactStrengthSum"": 0.024570033,
    ""attachedDeviceCount"": 1,
    ""attachedDevicesList"": [
     ""00000000-0000-0000-0000-000000000000""
    ],
    ""badDay"": false,
    ""badDayFRR"": 0,
    ""bioLockoutCount"": 0,
    ""builtinSensorType"": 3,
    ""captureTimeAverage"": 113,
    ""captureTimeCount"": 6,
    ""captureTimeSum"": 679,
    ""deviceEnclosureColor"": 2,
    ""deviceType"": 0,
    ""displayOn"": false,
    ""enrolledIdentityCount"": 1,
    ""enrolledTemplatesCount"": 1,
    ""enrolledUserCount"": 1,
    ""eventCanceled"": false,
    ""fingerDetected"": false,
    ""imagePixelOutlierCountAverage"": 4,
    ""imagePixelOutlierCountCount"": 6,
    ""imagePixelOutlierCountSum"": 28,
    ""lastEnrollmentScanCount"": 10,
    ""lastEnrollmentScanGroupCount"": 4,
    ""lastEnrollmentTouchesCount"": 10,
    ""localAuthMatchAttempts"": 1,
    ""localAuthMatchAttemptsFailed"": 1,
    ""localAuthMatchAttemptsFailedFingerDetected"": 0,
    ""localAuthMatchAttemptsFingerDetected"": 0,
    ""localAuthMatchAttemptsSuccessful"": 0,
    ""matcherTimeAverage"": 207,
    ""matcherTimeCount"": 6,
    ""matcherTimeMatchAverage"": 207,
    ""matcherTimeMatchCount"": 6,
    ""matcherTimeMatchSum"": 1243,
    ""matcherTimeSum"": 1243,
    ""nonArtefactFRR"": 0,
    ""nonArtefactMatchAttempts"": 15,
    ""nonArtefactMatchAttemptsFailed"": 9,
    ""nonArtefactMatchAttemptsFailedFingerDetected"": 0,
    ""nonArtefactMatchAttemptsFingerDetected"": 6,
    ""nonArtefactMatchAttemptsSuccessful"": 6,
    ""numPxOutliersPhase1Average"": 1,
    ""numPxOutliersPhase1Count"": 6,
    ""numPxOutliersPhase1Sum"": 10,
    ""numPxOutliersPhase2Average"": 3,
    ""numPxOutliersPhase2Count"": 6,
    ""numPxOutliersPhase2Sum"": 18,
    ""operationCount"": 15,
    ""operationTimeAverage"": 166392,
    ""operationTimeSum"": 2495887,
    ""pairedDeviceCount"": 1,
    ""pairedDevicesList"": [
     ""00000000-0000-0000-0000-000000000000""
    ],
    ""preArmMatchAttempts"": 0,
    ""preArmMatchAttemptsFailed"": 0,
    ""preArmMatchAttemptsFailedFingerDetected"": 0,
    ""preArmMatchAttemptsFingerDetected"": 0,
    ""preArmMatchAttemptsSuccessful"": 0,
    ""previousEventDate"": ""2026-09-08T19:58:10.389813899Z"",
    ""sensorType"": 3,
    ""subsetMatchAttempts"": 0,
    ""subsetMatchAttemptsFailed"": 0,
    ""subsetMatchAttemptsFailedFingerDetected"": 0,
    ""subsetMatchAttemptsFailedTarget"": 0,
    ""subsetMatchAttemptsFingerDetected"": 0,
    ""subsetMatchAttemptsSuccessful"": 0,
    ""temperatureBin"": 1,
    ""temperatureRaw"": 28,
    ""template1MatchCount"": 6,
    ""template1MatchCountContinuous"": 3060,
    ""template1Usage"": 100,
    ""template1UsageContinuous"": 100,
    ""templateEnrollmentsCount"": 1,
    ""totalFRR"": 0,
    ""totalMatchAttempts"": 15,
    ""totalMatchAttemptsFailed"": 9,
    ""totalMatchAttemptsFailedFingerDetected"": 0,
    ""totalMatchAttemptsFingerDetected"": 6,
    ""totalMatchAttemptsSuccessful"": 6,
    ""totalMatchOperationsFailedRetry"": 0,
    ""totalMatchOperationsFingerDetected"": 6,
    ""totalScanCount"": 23,
    ""totalScanGroupCount"": 1,
    ""totalTemplateMatchCount"": 6,
    ""totalTemplateMatchCountContinuous"": 3060,
    ""unlockEnabled"": 1,
    ""unlockFRR"": 0,
    ""unlockMatchAttempts"": 14,
    ""unlockMatchAttemptsFailed"": 8,
    ""unlockMatchAttemptsFailedFingerDetected"": 0,
    ""unlockMatchAttemptsFingerDetected"": 6,
    ""unlockMatchAttemptsSuccessful"": 6,
    ""usedDeviceCount"": 1,
    ""usedDevicesList"": [
     ""00000000-0000-0000-0000-000000000000""
    ]
   },
   {
    ""activeTemplatesCount"": 1,
    ""applePayEnabled"": 1,
    ""artefactMatchAttempts"": 0,
    ""artefactMatchAttemptsFailed"": 0,
    ""artefactMatchAttemptsFailedFingerDetected"": 0,
    ""artefactMatchAttemptsFingerDetected"": 0,
    ""artefactMatchAttemptsSuccessful"": 0,
    ""artefactNonlinearityAverage"": 100,
    ""artefactNonlinearityCount"": 1,
    ""artefactNonlinearityM2"": 0,
    ""artefactNonlinearitySum"": 100,
    ""artefactNonlinearitySumSq"": 10000,
    ""artefactPrevalence"": 0,
    ""artefactScoreAverage"": -2696,
    ""artefactScoreCount"": 1,
    ""artefactScoreSum"": -2696,
    ""artefactStrengthAverage"": 0.0006040051,
    ""artefactStrengthCount"": 1,
    ""artefactStrengthSum"": 0.0006040051,
    ""attachedDeviceCount"": 1,
    ""attachedDevicesList"": [
     ""00000000-0000-0000-0000-000000000000""
    ],
    ""badDay"": false,
    ""badDayFRR"": 0,
    ""bioLockoutCount"": 0,
    ""builtinSensorType"": 3,
    ""captureTimeAverage"": 113,
    ""captureTimeCount"": 1,
    ""captureTimeSum"": 113,
    ""deviceEnclosureColor"": 2,
    ""deviceType"": 0,
    ""displayOn"": false,
    ""enrolledIdentityCount"": 1,
    ""enrolledTemplatesCount"": 1,
    ""enrolledUserCount"": 1,
    ""eventCanceled"": false,
    ""fingerDetected"": false,
    ""imagePixelOutlierCountAverage"": 1,
    ""imagePixelOutlierCountCount"": 1,
    ""imagePixelOutlierCountSum"": 1,
    ""lastEnrollmentScanCount"": 10,
    ""lastEnrollmentScanGroupCount"": 4,
    ""lastEnrollmentTouchesCount"": 10,
    ""localAuthMatchAttempts"": 0,
    ""localAuthMatchAttemptsFailed"": 0,
    ""localAuthMatchAttemptsFailedFingerDetected"": 0,
    ""localAuthMatchAttemptsFingerDetected"": 0,
    ""localAuthMatchAttemptsSuccessful"": 0,
    ""matcherTimeAverage"": 203,
    ""matcherTimeCount"": 1,
    ""matcherTimeMatchAverage"": 203,
    ""matcherTimeMatchCount"": 1,
    ""matcherTimeMatchSum"": 203,
    ""matcherTimeSum"": 203,
    ""nonArtefactFRR"": 0,
    ""nonArtefactMatchAttempts"": 2,
    ""nonArtefactMatchAttemptsFailed"": 1,
    ""nonArtefactMatchAttemptsFailedFingerDetected"": 0,
    ""nonArtefactMatchAttemptsFingerDetected"": 1,
    ""nonArtefactMatchAttemptsSuccessful"": 1,
    ""numPxOutliersPhase1Average"": 0,
    ""numPxOutliersPhase1Count"": 1,
    ""numPxOutliersPhase1Sum"": 0,
    ""numPxOutliersPhase2Average"": 1,
    ""numPxOutliersPhase2Count"": 1,
    ""numPxOutliersPhase2Sum"": 1,
    ""operationCount"": 2,
    ""operationTimeAverage"": 183762,
    ""operationTimeSum"": 367524,
    ""pairedDeviceCount"": 1,
    ""pairedDevicesList"": [
     ""00000000-0000-0000-0000-000000000000""
    ],
    ""preArmMatchAttempts"": 0,
    ""preArmMatchAttemptsFailed"": 0,
    ""preArmMatchAttemptsFailedFingerDetected"": 0,
    ""preArmMatchAttemptsFingerDetected"": 0,
    ""preArmMatchAttemptsSuccessful"": 0,
    ""previousEventDate"": ""2026-09-10T05:31:20.738530158Z"",
    ""sensorType"": 3,
    ""subsetMatchAttempts"": 0,
    ""subsetMatchAttemptsFailed"": 0,
    ""subsetMatchAttemptsFailedFingerDetected"": 0,
    ""subsetMatchAttemptsFailedTarget"": 0,
    ""subsetMatchAttemptsFingerDetected"": 0,
    ""subsetMatchAttemptsSuccessful"": 0,
    ""temperatureBin"": 1,
    ""temperatureRaw"": 29,
    ""template1MatchCount"": 1,
    ""template1MatchCountContinuous"": 3061,
    ""template1Usage"": 100,
    ""template1UsageContinuous"": 100,
    ""templateEnrollmentsCount"": 1,
    ""totalFRR"": 0,
    ""totalMatchAttempts"": 2,
    ""totalMatchAttemptsFailed"": 1,
    ""totalMatchAttemptsFailedFingerDetected"": 0,
    ""totalMatchAttemptsFingerDetected"": 1,
    ""totalMatchAttemptsSuccessful"": 1,
    ""totalMatchOperationsFailedRetry"": 0,
    ""totalMatchOperationsFingerDetected"": 1,
    ""totalScanCount"": 23,
    ""totalScanGroupCount"": 1,
    ""totalTemplateMatchCount"": 1,
    ""totalTemplateMatchCountContinuous"": 3061,
    ""unlockEnabled"": 1,
    ""unlockFRR"": 0,
    ""unlockMatchAttempts"": 2,
    ""unlockMatchAttemptsFailed"": 1,
    ""unlockMatchAttemptsFailedFingerDetected"": 0,
    ""unlockMatchAttemptsFingerDetected"": 1,
    ""unlockMatchAttemptsSuccessful"": 1,
    ""usedDeviceCount"": 1,
    ""usedDevicesList"": [
     ""00000000-0000-0000-0000-000000000000""
    ]
   },
   {
    ""activeTemplatesCount"": 1,
    ""applePayEnabled"": 1,
    ""artefactAnchorXAverage"": 9.02647,
    ""artefactAnchorXCount"": 7,
    ""artefactAnchorXM2"": 5977.1826,
    ""artefactAnchorXSTD"": 29.221281,
    ""artefactAnchorXSum"": 63.185295,
    ""artefactAnchorXSumSq"": 6547.5225,
    ""artefactAnchorYAverage"": -11.643095,
    ""artefactAnchorYCount"": 7,
    ""artefactAnchorYM2"": 3928.091,
    ""artefactAnchorYSTD"": 23.688728,
    ""artefactAnchorYSum"": -81.50166,
    ""artefactAnchorYSumSq"": 4877.023,
    ""artefactMatchAttempts"": 0,
    ""artefactMatchAttemptsFailed"": 0,
    ""artefactMatchAttemptsFailedFingerDetected"": 0,
    ""artefactMatchAttemptsFingerDetected"": 0,
    ""artefactMatchAttemptsSuccessful"": 0,
    ""artefactNonlinearityAverage"": 92.48824,
    ""artefactNonlinearityCount"": 13,
    ""artefactNonlinearityM2"": 8802.513,
    ""artefactNonlinearitySTD"": 26.02146,
    ""artefactNonlinearitySum"": 1202.3473,
    ""artefactNonlinearitySumSq"": 120005.51,
    ""artefactPrevalence"": 0,
    ""artefactScoreAverage"": -4529,
    ""artefactScoreCount"": 13,
    ""artefactScoreSum"": -58881,
    ""artefactStrengthAverage"": 0.002189703,
    ""artefactStrengthCount"": 13,
    ""artefactStrengthSum"": 0.028466139,
    ""attachedDeviceCount"": 1,
    ""attachedDevicesList"": [
     ""00000000-0000-0000-0000-000000000000""
    ],
    ""badDay"": false,
    ""badDayFRR"": 0,
    ""bioLockoutCount"": 0,
    ""builtinSensorType"": 3,
    ""captureTimeAverage"": 110,
    ""captureTimeCount"": 13,
    ""captureTimeSum"": 1439,
    ""deviceEnclosureColor"": 2,
    ""deviceType"": 0,
    ""displayOn"": false,
    ""enrolledIdentityCount"": 1,
    ""enrolledTemplatesCount"": 1,
    ""enrolledUserCount"": 1,
    ""eventCanceled"": false,
    ""fingerDetected"": false,
    ""imagePixelOutlierCountAverage"": 3,
    ""imagePixelOutlierCountCount"": 13,
    ""imagePixelOutlierCountSum"": 45,
    ""lastEnrollmentScanCount"": 10,
    ""lastEnrollmentScanGroupCount"": 4,
    ""lastEnrollmentTouchesCount"": 10,
    ""localAuthFRR"": 0,
    ""localAuthMatchAttempts"": 8,
    ""localAuthMatchAttemptsFailed"": 5,
    ""localAuthMatchAttemptsFailedFingerDetected"": 0,
    ""localAuthMatchAttemptsFingerDetected"": 3,
    ""localAuthMatchAttemptsSuccessful"": 3,
    ""matcherTimeAverage"": 213,
    ""matcherTimeCount"": 13,
    ""matcherTimeMatchAverage"": 211,
    ""matcherTimeMatchCount"": 12,
    ""matcherTimeMatchSum"": 2542,
    ""matcherTimeNoMatchAverage"": 239,
    ""matcherTimeNoMatchCount"": 1,
    ""matcherTimeNoMatchSum"": 239,
    ""matcherTimeSum"": 2781,
    ""nonArtefactFRR"": 142,
    ""nonArtefactMatchAttempts"": 23,
    ""nonArtefactMatchAttemptsFailed"": 11,
    ""nonArtefactMatchAttemptsFailedFingerDetected"": 2,
    ""nonArtefactMatchAttemptsFingerDetected"": 14,
    ""nonArtefactMatchAttemptsSuccessful"": 12,
    ""numPxOutliersPhase1Average"": 1,
    ""numPxOutliersPhase1Count"": 13,
    ""numPxOutliersPhase1Sum"": 18,
    ""numPxOutliersPhase2Average"": 2,
    ""numPxOutliersPhase2Count"": 13,
    ""numPxOutliersPhase2Sum"": 27,
    ""operationCount"": 23,
    ""operationTimeAverage"": 29677,
    ""operationTimeSum"": 682593,
    ""pairedDeviceCount"": 1,
    ""pairedDevicesList"": [
     ""00000000-0000-0000-0000-000000000000""
    ],
    ""preArmMatchAttempts"": 0,
    ""preArmMatchAttemptsFailed"": 0,
    ""preArmMatchAttemptsFailedFingerDetected"": 0,
    ""preArmMatchAttemptsFingerDetected"": 0,
    ""preArmMatchAttemptsSuccessful"": 0,
    ""previousEventDate"": ""2026-09-11T00:49:29.073037147Z"",
    ""sensorType"": 3,
    ""subsetMatchAttempts"": 0,
    ""subsetMatchAttemptsFailed"": 0,
    ""subsetMatchAttemptsFailedFingerDetected"": 0,
    ""subsetMatchAttemptsFailedTarget"": 0,
    ""subsetMatchAttemptsFingerDetected"": 0,
    ""subsetMatchAttemptsSuccessful"": 0,
    ""temperatureBin"": 1,
    ""temperatureRaw"": 30,
    ""template1MatchCount"": 12,
    ""template1MatchCountContinuous"": 3073,
    ""template1Usage"": 100,
    ""template1UsageContinuous"": 100,
    ""templateEnrollmentsCount"": 1,
    ""totalFRR"": 142,
    ""totalMatchAttempts"": 23,
    ""totalMatchAttemptsFailed"": 11,
    ""totalMatchAttemptsFailedFingerDetected"": 2,
    ""totalMatchAttemptsFingerDetected"": 14,
    ""totalMatchAttemptsSuccessful"": 12,
    ""totalMatchOperationsFailedRetry"": 0,
    ""totalMatchOperationsFingerDetected"": 14,
    ""totalScanCount"": 23,
    ""totalScanGroupCount"": 1,
    ""totalTemplateMatchCount"": 12,
    ""totalTemplateMatchCountContinuous"": 3073,
    ""unlockEnabled"": 1,
    ""unlockFRR"": 181,
    ""unlockMatchAttempts"": 15,
    ""unlockMatchAttemptsFailed"": 6,
    ""unlockMatchAttemptsFailedFingerDetected"": 2,
    ""unlockMatchAttemptsFingerDetected"": 11,
    ""unlockMatchAttemptsSuccessful"": 9,
    ""usedDeviceCount"": 1,
    ""usedDevicesList"": [
     ""00000000-0000-0000-0000-000000000000""
    ]
   },
   {
    ""activeTemplatesCount"": 1,
    ""applePayEnabled"": 1,
    ""artefactAnchorXAverage"": 7.3333335,
    ""artefactAnchorXCount"": 3,
    ""artefactAnchorXM2"": 121.166664,
    ""artefactAnchorXSTD"": 6.3552256,
    ""artefactAnchorXSum"": 22,
    ""artefactAnchorXSumSq"": 282.5,
    ""artefactAnchorYAverage"": -7.833333,
    ""artefactAnchorYCount"": 3,
    ""artefactAnchorYM2"": 368.16666,
    ""artefactAnchorYSTD"": 11.078006,
    ""artefactAnchorYSum"": -23.5,
    ""artefactAnchorYSumSq"": 552.25,
    ""artefactMatchAttempts"": 0,
    ""artefactMatchAttemptsFailed"": 0,
    ""artefactMatchAttemptsFailedFingerDetected"": 0,
    ""artefactMatchAttemptsFingerDetected"": 0,
    ""artefactMatchAttemptsSuccessful"": 0,
    ""artefactNonlinearityAverage"": 100,
    ""artefactNonlinearityCount"": 4,
    ""artefactNonlinearityM2"": 0,
    ""artefactNonlinearitySTD"": 0,
    ""artefactNonlinearitySum"": 400,
    ""artefactNonlinearitySumSq"": 40000,
    ""artefactPrevalence"": 0,
    ""artefactScoreAverage"": -4156,
    ""artefactScoreCount"": 4,
    ""artefactScoreSum"": -16627,
    ""artefactStrengthAverage"": 0.0014481823,
    ""artefactStrengthCount"": 4,
    ""artefactStrengthSum"": 0.005792729,
    ""attachedDeviceCount"": 1,
    ""attachedDevicesList"": [
     ""00000000-0000-0000-0000-000000000000""
    ],
    ""badDay"": false,
    ""badDayFRR"": 0,
    ""bioLockoutCount"": 0,
    ""builtinSensorType"": 3,
    ""captureTimeAverage"": 104,
    ""captureTimeCount"": 4,
    ""captureTimeSum"": 418,
    ""deviceEnclosureColor"": 2,
    ""deviceType"": 0,
    ""displayOn"": false,
    ""enrolledIdentityCount"": 1,
    ""enrolledTemplatesCount"": 1,
    ""enrolledUserCount"": 1,
    ""eventCanceled"": false,
    ""fingerDetected"": false,
    ""imagePixelOutlierCountAverage"": 2,
    ""imagePixelOutlierCountCount"": 4,
    ""imagePixelOutlierCountSum"": 8,
    ""lastEnrollmentScanCount"": 10,
    ""lastEnrollmentScanGroupCount"": 4,
    ""lastEnrollmentTouchesCount"": 10,
    ""localAuthFRR"": 0,
    ""localAuthMatchAttempts"": 2,
    ""localAuthMatchAttemptsFailed"": 1,
    ""localAuthMatchAttemptsFailedFingerDetected"": 0,
    ""localAuthMatchAttemptsFingerDetected"": 1,
    ""localAuthMatchAttemptsSuccessful"": 1,
    ""matcherTimeAverage"": 226,
    ""matcherTimeCount"": 4,
    ""matcherTimeMatchAverage"": 224,
    ""matcherTimeMatchCount"": 3,
    ""matcherTimeMatchSum"": 673,
    ""matcherTimeNoMatchAverage"": 233,
    ""matcherTimeNoMatchCount"": 1,
    ""matcherTimeNoMatchSum"": 233,
    ""matcherTimeSum"": 906,
    ""nonArtefactFRR"": 250,
    ""nonArtefactMatchAttempts"": 7,
    ""nonArtefactMatchAttemptsFailed"": 4,
    ""nonArtefactMatchAttemptsFailedFingerDetected"": 1,
    ""nonArtefactMatchAttemptsFingerDetected"": 4,
    ""nonArtefactMatchAttemptsSuccessful"": 3,
    ""numPxOutliersPhase1Average"": 1,
    ""numPxOutliersPhase1Count"": 4,
    ""numPxOutliersPhase1Sum"": 5,
    ""numPxOutliersPhase2Average"": 0,
    ""numPxOutliersPhase2Count"": 4,
    ""numPxOutliersPhase2Sum"": 3,
    ""operationCount"": 7,
    ""operationTimeAverage"": 16487,
    ""operationTimeSum"": 115410,
    ""pairedDeviceCount"": 1,
    ""pairedDevicesList"": [
     ""00000000-0000-0000-0000-000000000000""
    ],
    ""preArmMatchAttempts"": 0,
    ""preArmMatchAttemptsFailed"": 0,
    ""preArmMatchAttemptsFailedFingerDetected"": 0,
    ""preArmMatchAttemptsFingerDetected"": 0,
    ""preArmMatchAttemptsSuccessful"": 0,
    ""previousEventDate"": ""2026-09-12T04:23:45.582960128Z"",
    ""sensorType"": 3,
    ""subsetMatchAttempts"": 0,
    ""subsetMatchAttemptsFailed"": 0,
    ""subsetMatchAttemptsFailedFingerDetected"": 0,
    ""subsetMatchAttemptsFailedTarget"": 0,
    ""subsetMatchAttemptsFingerDetected"": 0,
    ""subsetMatchAttemptsSuccessful"": 0,
    ""temperatureBin"": 1,
    ""temperatureRaw"": 30,
    ""template1MatchCount"": 3,
    ""template1MatchCountContinuous"": 3076,
    ""template1Usage"": 100,
    ""template1UsageContinuous"": 100,
    ""templateEnrollmentsCount"": 1,
    ""totalFRR"": 250,
    ""totalMatchAttempts"": 7,
    ""totalMatchAttemptsFailed"": 4,
    ""totalMatchAttemptsFailedFingerDetected"": 1,
    ""totalMatchAttemptsFingerDetected"": 4,
    ""totalMatchAttemptsSuccessful"": 3,
    ""totalMatchOperationsFailedRetry"": 0,
    ""totalMatchOperationsFingerDetected"": 4,
    ""totalScanCount"": 23,
    ""totalScanGroupCount"": 1,
    ""totalTemplateMatchCount"": 3,
    ""totalTemplateMatchCountContinuous"": 3076,
    ""unlockEnabled"": 1,
    ""unlockFRR"": 333,
    ""unlockMatchAttempts"": 5,
    ""unlockMatchAttemptsFailed"": 3,
    ""unlockMatchAttemptsFailedFingerDetected"": 1,
    ""unlockMatchAttemptsFingerDetected"": 3,
    ""unlockMatchAttemptsSuccessful"": 2,
    ""usedDeviceCount"": 1,
    ""usedDevicesList"": [
     ""00000000-0000-0000-0000-000000000000""
    ]
   },
   {
    ""activeTemplatesCount"": 1,
    ""applePayEnabled"": 1,
    ""artefactAnchorXAverage"": -9.767812,
    ""artefactAnchorXCount"": 12,
    ""artefactAnchorXM2"": 7683.4614,
    ""artefactAnchorXSTD"": 25.30392,
    ""artefactAnchorXSum"": -117.213745,
    ""artefactAnchorXSumSq"": 8828.384,
    ""artefactAnchorYAverage"": -12.400768,
    ""artefactAnchorYCount"": 12,
    ""artefactAnchorYM2"": 2862.434,
    ""artefactAnchorYSTD"": 15.444616,
    ""artefactAnchorYSum"": -148.80922,
    ""artefactAnchorYSumSq"": 4707.7827,
    ""artefactMatchAttempts"": 0,
    ""artefactMatchAttemptsFailed"": 0,
    ""artefactMatchAttemptsFailedFingerDetected"": 0,
    ""artefactMatchAttemptsFingerDetected"": 0,
    ""artefactMatchAttemptsSuccessful"": 0,
    ""artefactNonlinearityAverage"": 94.2147,
    ""artefactNonlinearityCount"": 17,
    ""artefactNonlinearityM2"": 9103.729,
    ""artefactNonlinearitySTD"": 23.141163,
    ""artefactNonlinearitySum"": 1601.65,
    ""artefactNonlinearitySumSq"": 160002.72,
    ""artefactPrevalence"": 0,
    ""artefactScoreAverage"": -3558,
    ""artefactScoreCount"": 17,
    ""artefactScoreSum"": -60486,
    ""artefactStrengthAverage"": 0.0023485925,
    ""artefactStrengthCount"": 17,
    ""artefactStrengthSum"": 0.03992607,
    ""attachedDeviceCount"": 1,
    ""attachedDevicesList"": [
     ""00000000-0000-0000-0000-000000000000""
    ],
    ""badDay"": false,
    ""badDayFRR"": 0,
    ""bioLockoutCount"": 0,
    ""builtinSensorType"": 3,
    ""captureTimeAverage"": 111,
    ""captureTimeCount"": 17,
    ""captureTimeSum"": 1890,
    ""deviceEnclosureColor"": 2,
    ""deviceType"": 0,
    ""displayOn"": false,
    ""enrolledIdentityCount"": 1,
    ""enrolledTemplatesCount"": 1,
    ""enrolledUserCount"": 1,
    ""eventCanceled"": false,
    ""fingerDetected"": false,
    ""imagePixelOutlierCountAverage"": 3,
    ""imagePixelOutlierCountCount"": 17,
    ""imagePixelOutlierCountSum"": 52,
    ""lastEnrollmentScanCount"": 10,
    ""lastEnrollmentScanGroupCount"": 4,
    ""lastEnrollmentTouchesCount"": 10,
    ""localAuthFRR"": 0,
    ""localAuthMatchAttempts"": 3,
    ""localAuthMatchAttemptsFailed"": 0,
    ""localAuthMatchAttemptsFailedFingerDetected"": 0,
    ""localAuthMatchAttemptsFingerDetected"": 3,
    ""localAuthMatchAttemptsSuccessful"": 3,
    ""matcherTimeAverage"": 222,
    ""matcherTimeCount"": 17,
    ""matcherTimeMatchAverage"": 218,
    ""matcherTimeMatchCount"": 15,
    ""matcherTimeMatchSum"": 3279,
    ""matcherTimeNoMatchAverage"": 255,
    ""matcherTimeNoMatchCount"": 2,
    ""matcherTimeNoMatchSum"": 511,
    ""matcherTimeSum"": 3790,
    ""nonArtefactFRR"": 166,
    ""nonArtefactMatchAttempts"": 25,
    ""nonArtefactMatchAttemptsFailed"": 10,
    ""nonArtefactMatchAttemptsFailedFingerDetected"": 3,
    ""nonArtefactMatchAttemptsFingerDetected"": 18,
    ""nonArtefactMatchAttemptsSuccessful"": 15,
    ""numPxOutliersPhase1Average"": 1,
    ""numPxOutliersPhase1Count"": 17,
    ""numPxOutliersPhase1Sum"": 28,
    ""numPxOutliersPhase2Average"": 1,
    ""numPxOutliersPhase2Count"": 17,
    ""numPxOutliersPhase2Sum"": 24,
    ""operationCount"": 25,
    ""operationTimeAverage"": 93116,
    ""operationTimeSum"": 2327905,
    ""pairedDeviceCount"": 1,
    ""pairedDevicesList"": [
     ""00000000-0000-0000-0000-000000000000""
    ],
    ""preArmMatchAttempts"": 0,
    ""preArmMatchAttemptsFailed"": 0,
    ""preArmMatchAttemptsFailedFingerDetected"": 0,
    ""preArmMatchAttemptsFingerDetected"": 0,
    ""preArmMatchAttemptsSuccessful"": 0,
    ""previousEventDate"": ""2026-09-13T04:24:34.405294895Z"",
    ""sensorType"": 3,
    ""subsetMatchAttempts"": 0,
    ""subsetMatchAttemptsFailed"": 0,
    ""subsetMatchAttemptsFailedFingerDetected"": 0,
    ""subsetMatchAttemptsFailedTarget"": 0,
    ""subsetMatchAttemptsFingerDetected"": 0,
    ""subsetMatchAttemptsSuccessful"": 0,
    ""temperatureBin"": 1,
    ""temperatureRaw"": 30,
    ""template1MatchCount"": 15,
    ""template1MatchCountContinuous"": 3091,
    ""template1Usage"": 100,
    ""template1UsageContinuous"": 100,
    ""templateEnrollmentsCount"": 1,
    ""totalFRR"": 166,
    ""totalMatchAttempts"": 25,
    ""totalMatchAttemptsFailed"": 10,
    ""totalMatchAttemptsFailedFingerDetected"": 3,
    ""totalMatchAttemptsFingerDetected"": 18,
    ""totalMatchAttemptsSuccessful"": 15,
    ""totalMatchOperationsFailedRetry"": 0,
    ""totalMatchOperationsFingerDetected"": 18,
    ""totalScanCount"": 23,
    ""totalScanGroupCount"": 1,
    ""totalTemplateMatchCount"": 15,
    ""totalTemplateMatchCountContinuous"": 3091,
    ""unlockEnabled"": 1,
    ""unlockFRR"": 200,
    ""unlockMatchAttempts"": 22,
    ""unlockMatchAttemptsFailed"": 10,
    ""unlockMatchAttemptsFailedFingerDetected"": 3,
    ""unlockMatchAttemptsFingerDetected"": 15,
    ""unlockMatchAttemptsSuccessful"": 12,
    ""usedDeviceCount"": 1,
    ""usedDevicesList"": [
     ""00000000-0000-0000-0000-000000000000""
    ]
   },
   {
    ""activeTemplatesCount"": 1,
    ""applePayEnabled"": 1,
    ""artefactAnchorXAverage"": -0.66741806,
    ""artefactAnchorXCount"": 1,
    ""artefactAnchorXM2"": 0,
    ""artefactAnchorXSum"": -0.66741806,
    ""artefactAnchorXSumSq"": 0.44544688,
    ""artefactAnchorYAverage"": 6.498295,
    ""artefactAnchorYCount"": 1,
    ""artefactAnchorYM2"": 0,
    ""artefactAnchorYSum"": 6.498295,
    ""artefactAnchorYSumSq"": 42.227837,
    ""artefactMatchAttempts"": 0,
    ""artefactMatchAttemptsFailed"": 0,
    ""artefactMatchAttemptsFailedFingerDetected"": 0,
    ""artefactMatchAttemptsFingerDetected"": 0,
    ""artefactMatchAttemptsSuccessful"": 0,
    ""artefactNonlinearityAverage"": 100,
    ""artefactNonlinearityCount"": 1,
    ""artefactNonlinearityM2"": 0,
    ""artefactNonlinearitySum"": 100,
    ""artefactNonlinearitySumSq"": 10000,
    ""artefactPrevalence"": 0,
    ""artefactScoreAverage"": -10000,
    ""artefactScoreCount"": 1,
    ""artefactScoreSum"": -10000,
    ""artefactStrengthAverage"": 0,
    ""artefactStrengthCount"": 1,
    ""artefactStrengthSum"": 0,
    ""attachedDeviceCount"": 1,
    ""attachedDevicesList"": [
     ""00000000-0000-0000-0000-000000000000""
    ],
    ""badDay"": false,
    ""badDayFRR"": 0,
    ""bioLockoutCount"": 0,
    ""builtinSensorType"": 3,
    ""captureTimeAverage"": 82,
    ""captureTimeCount"": 1,
    ""captureTimeSum"": 82,
    ""deviceEnclosureColor"": 2,
    ""deviceType"": 0,
    ""displayOn"": false,
    ""enrolledIdentityCount"": 1,
    ""enrolledTemplatesCount"": 1,
    ""enrolledUserCount"": 1,
    ""eventCanceled"": false,
    ""fingerDetected"": false,
    ""imagePixelOutlierCountAverage"": 0,
    ""imagePixelOutlierCountCount"": 1,
    ""imagePixelOutlierCountSum"": 0,
    ""lastEnrollmentScanCount"": 10,
    ""lastEnrollmentScanGroupCount"": 4,
    ""lastEnrollmentTouchesCount"": 10,
    ""localAuthMatchAttempts"": 0,
    ""localAuthMatchAttemptsFailed"": 0,
    ""localAuthMatchAttemptsFailedFingerDetected"": 0,
    ""localAuthMatchAttemptsFingerDetected"": 0,
    ""localAuthMatchAttemptsSuccessful"": 0,
    ""matcherTimeAverage"": 280,
    ""matcherTimeCount"": 1,
    ""matcherTimeMatchAverage"": 280,
    ""matcherTimeMatchCount"": 1,
    ""matcherTimeMatchSum"": 280,
    ""matcherTimeSum"": 280,
    ""nonArtefactFRR"": 0,
    ""nonArtefactMatchAttempts"": 3,
    ""nonArtefactMatchAttemptsFailed"": 2,
    ""nonArtefactMatchAttemptsFailedFingerDetected"": 0,
    ""nonArtefactMatchAttemptsFingerDetected"": 1,
    ""nonArtefactMatchAttemptsSuccessful"": 1,
    ""numPxOutliersPhase1Average"": 0,
    ""numPxOutliersPhase1Count"": 1,
    ""numPxOutliersPhase1Sum"": 0,
    ""numPxOutliersPhase2Average"": 0,
    ""numPxOutliersPhase2Count"": 1,
    ""numPxOutliersPhase2Sum"": 0,
    ""operationCount"": 3,
    ""operationTimeAverage"": 185137,
    ""operationTimeSum"": 555411,
    ""pairedDeviceCount"": 1,
    ""pairedDevicesList"": [
     ""00000000-0000-0000-0000-000000000000""
    ],
    ""preArmMatchAttempts"": 0,
    ""preArmMatchAttemptsFailed"": 0,
    ""preArmMatchAttemptsFailedFingerDetected"": 0,
    ""preArmMatchAttemptsFingerDetected"": 0,
    ""preArmMatchAttemptsSuccessful"": 0,
    ""previousEventDate"": ""2026-09-07T09:26:39.385560989Z"",
    ""sensorType"": 3,
    ""subsetMatchAttempts"": 0,
    ""subsetMatchAttemptsFailed"": 0,
    ""subsetMatchAttemptsFailedFingerDetected"": 0,
    ""subsetMatchAttemptsFailedTarget"": 0,
    ""subsetMatchAttemptsFingerDetected"": 0,
    ""subsetMatchAttemptsSuccessful"": 0,
    ""temperatureBin"": 1,
    ""temperatureRaw"": 29,
    ""template1MatchCount"": 1,
    ""template1MatchCountContinuous"": 3052,
    ""template1Usage"": 100,
    ""template1UsageContinuous"": 100,
    ""templateEnrollmentsCount"": 1,
    ""totalFRR"": 0,
    ""totalMatchAttempts"": 3,
    ""totalMatchAttemptsFailed"": 2,
    ""totalMatchAttemptsFailedFingerDetected"": 0,
    ""totalMatchAttemptsFingerDetected"": 1,
    ""totalMatchAttemptsSuccessful"": 1,
    ""totalMatchOperationsFailedRetry"": 0,
    ""totalMatchOperationsFingerDetected"": 1,
    ""totalScanCount"": 23,
    ""totalScanGroupCount"": 1,
    ""totalTemplateMatchCount"": 1,
    ""totalTemplateMatchCountContinuous"": 3052,
    ""unlockEnabled"": 1,
    ""unlockFRR"": 0,
    ""unlockMatchAttempts"": 3,
    ""unlockMatchAttemptsFailed"": 2,
    ""unlockMatchAttemptsFailedFingerDetected"": 0,
    ""unlockMatchAttemptsFingerDetected"": 1,
    ""unlockMatchAttemptsSuccessful"": 1,
    ""usedDeviceCount"": 1,
    ""usedDevicesList"": [
     ""00000000-0000-0000-0000-000000000000""
    ]
   }
  ],
  ""deviceEnclosureColor"": 22584,
  ""deviceType"": 0,
  ""displayOn"": 0,
  ""enrolledTemplatesCount"": 7,
  ""eventCanceled"": 0,
  ""fingerDetected"": false,
  ""imagePixelOutlierCountAverage"": 3,
  ""imagePixelOutlierCountCount"": 44,
  ""imagePixelOutlierCountSum"": 141,
  ""localAuthFRR"": 0,
  ""localAuthMatchAttempts"": 15,
  ""localAuthMatchAttemptsFailed"": 8,
  ""localAuthMatchAttemptsFailedFingerDetected"": 0,
  ""localAuthMatchAttemptsFingerDetected"": 7,
  ""localAuthMatchAttemptsSuccessful"": 7,
  ""matcherTimeAverage"": 219,
  ""matcherTimeCount"": 44,
  ""matcherTimeMatchAverage"": 216,
  ""matcherTimeMatchCount"": 40,
  ""matcherTimeMatchSum"": 8672,
  ""matcherTimeNoMatchAverage"": 245,
  ""matcherTimeNoMatchCount"": 4,
  ""matcherTimeNoMatchSum"": 983,
  ""matcherTimeSum"": 9655,
  ""nonArtefactFRR"": 130,
  ""nonArtefactMatchAttempts"": 81,
  ""nonArtefactMatchAttemptsFailed"": 41,
  ""nonArtefactMatchAttemptsFailedFingerDetected"": 6,
  ""nonArtefactMatchAttemptsFingerDetected"": 46,
  ""nonArtefactMatchAttemptsSuccessful"": 40,
  ""numPxOutliersPhase1Average"": 1,
  ""numPxOutliersPhase1Count"": 44,
  ""numPxOutliersPhase1Sum"": 65,
  ""numPxOutliersPhase2Average"": 1,
  ""numPxOutliersPhase2Count"": 44,
  ""numPxOutliersPhase2Sum"": 76,
  ""operationCount"": 81,
  ""operationTimeAverage"": 95056,
  ""operationTimeSum"": 7699612,
  ""pairedDeviceCount"": 1,
  ""preArmMatchAttempts"": 0,
  ""preArmMatchAttemptsFailed"": 0,
  ""preArmMatchAttemptsFailedFingerDetected"": 0,
  ""preArmMatchAttemptsFingerDetected"": 0,
  ""preArmMatchAttemptsSuccessful"": 0,
  ""previousEventDate"": ""2026-09-14T04:29:12.182109832Z"",
  ""sensorType"": 3,
  ""subsetMatchAttempts"": 0,
  ""subsetMatchAttemptsFailed"": 0,
  ""subsetMatchAttemptsFailedFingerDetected"": 0,
  ""subsetMatchAttemptsFailedTarget"": 0,
  ""subsetMatchAttemptsFingerDetected"": 0,
  ""subsetMatchAttemptsSuccessful"": 0,
  ""template1MatchCount"": 40,
  ""template1MatchCountContinuous"": 21467,
  ""template1Usage"": 100,
  ""template1UsageContinuous"": 700,
  ""template2Usage"": 0,
  ""template3Usage"": 0,
  ""template4Usage"": 0,
  ""template5Usage"": 0,
  ""totalFRR"": 130,
  ""totalMatchAttempts"": 81,
  ""totalMatchAttemptsFailed"": 41,
  ""totalMatchAttemptsFailedFingerDetected"": 6,
  ""totalMatchAttemptsFingerDetected"": 46,
  ""totalMatchAttemptsSuccessful"": 40,
  ""totalMatchOperationsFailedRetry"": 0,
  ""totalMatchOperationsFingerDetected"": 14,
  ""totalTemplateMatchCount"": 40,
  ""totalTemplateMatchCountContinuous"": 21467,
  ""unlockFRR"": 153,
  ""unlockMatchAttempts"": 66,
  ""unlockMatchAttemptsFailed"": 33,
  ""unlockMatchAttemptsFailedFingerDetected"": 6,
  ""unlockMatchAttemptsFingerDetected"": 39,
  ""unlockMatchAttemptsSuccessful"": 33,
  ""usedDeviceCount"": 1,
  ""validDaysCount"": 2
 }
}",
/Library/Preferences/com.apple.bluetooth.plist,2026-02-18T12:36:46.975154953Z,"{
 ""BluetoothAutoSeekKeyboard"": true,
 ""BluetoothAutoSeekPointingDevice"": true,
 ""PersistentPorts"": {
  ""84:0F:2A:AD:24:52"": {
   ""BSDName"": ""realmeBudsAir5Pro"",
   ""BTAddress"": ""hA8qrSRS"",
   ""RFCOMMChannel"": 12
  },
  ""AC:BF:71:1B:55:53"": {
   ""BSDName"": ""BoseFlexSoundLink"",
   ""BTAddress"": ""rL9xG1VT"",
   ""RFCOMMChannel"": 9
  }
 },
 ""SpatialSoundProfileAllowed"": true,
 ""btvcDefaultAdvRSSI"": -60,
 ""enableGameControllerAutoSwitchMode"": true,
 ""enableGameControllerUSBBluetoothPairing"": true,
 ""move3PPLEMSToLegacyMode"": true,
 ""move3PPLEMSToLegacyModeSerial"": 1,
 ""moveAllAppleHIDsTo15"": false
}",
/Library/Preferences/com.apple.captive.plist,2024-08-27T15:08:34.08464926Z,"{
 ""WISPrAccounts"": {}
}",
/Library/Preferences/com.apple.commerce.plist,2025-12-25T21:23:39.904677897Z,"{
 ""AutoUpdate"": false
}",
/Library/Preferences/com.apple.dock.plist,2024-07-28T10:02:39.334809833Z,"{
 ""DesktopAdminImageGenerationNumber"": {
  ""GenerationNumber"": ""2""
 }
}",
/Library/Preferences/com.apple.driver.AppleIRController.plist,2024-08-27T11:46:14.636501624Z,"{
 ""DeviceEnabled"": true,
 ""UIDFilter"": ""none""
}",
/Library/Preferences/com.apple.gridDataServices.plist,2024-08-29T09:59:26.170106723Z,"{
 ""balAuthStatus"": {}
}",
/Library/Preferences/com.apple.iclouddrive.features.plist,2024-08-27T16:11:19.900378749Z,"{
 ""FPFSEnablementDistributionNumber"": 13
}",
/Library/Preferences/com.apple.keyboardtype.plist,2025-06-17T20:48:33.261261862Z,"{
 ""keyboardtype"": {
  ""64103-9639-0"": 40
 }
}",
/Library/Preferences/com.apple.loginwindow.plist,2026-09-13T18:51:45.12764707Z,"{
 ""AccountInfo"": {
  ""FirstLogins"": {
   ""REDACTED_USER"": 1
  },
  ""MaximumUsers"": 1,
  ""OnConsole"": {}
 },
 ""GuestEnabled"": false,
 ""LoginwindowText"": ""You will acheive all your dreams, Its Show time..work hard"",
 ""OptimizerLastRunForBuild"": 50342784,
 ""OptimizerLastRunForSystem"": 251658496,
 ""OptimizerPreviousBuild"": ""25G83"",
 ""PowerOffDisabled"": false,
 ""RecentUsers"": [
  ""REDACTED_USER""
 ],
 ""RetriesUntilHint"": 3,
 ""UseVoiceOverLegacyMigrated"": true,
 ""lastUser"": ""loggedIn"",
 ""lastUserName"": ""REDACTED_USER""
}",
/Library/Preferences/com.apple.mdmclient.plist,2024-08-27T11:46:27.421912749Z,"{
 ""CachedAccountSetupInfoExits"": false
}",
/Library/Preferences/com.apple.networkd.networknomicon.plist,2026-09-11T16:50:28.615657066Z,"{
 ""LastAttempt"": ""2026-09-11T16:50:25Z"",
 ""LastSuccess"": ""2026-09-11T16:50:28Z"",
 ""PollFrequencySeconds"": 86400,
 ""kNWSettingsKeyLastRun"": ""2026-09-11T16:50:25Z""
}",
/Library/Preferences/com.apple.networkd.plist,2026-09-11T16:50:28.616552528Z,"{
 ""activity_default_denominator"": 20000,
 ""activity_default_denominator2"": 20000,
 ""activity_default_numerator"": 1,
 ""activity_default_numerator2"": 1,
 ""activity_report_denominator_appstore"": 1000,
 ""activity_report_denominator_appstore_jet"": 2000,
 ""activity_report_denominator_battery"": 1000,
 ""activity_report_denominator_cfnetwork"": 2000000,
 ""activity_report_denominator_cloud_media_services"": 1000,
 ""activity_report_denominator_facetime"": 1000,
 ""activity_report_denominator_network_experiments"": 1,
 ""activity_report_denominator_network_speed_test"": 1000,
 ""activity_report_destination"": 12,
 ""disable_pqtls"": false,
 ""disable_quic_race"": true,
 ""disable_quic_race5"": true,
 ""ech_canary_denominator"": 1000,
 ""ech_canary_numerator"": 1,
 ""ech_probe_denominator"": 1000,
 ""ech_probe_enabled"": false,
 ""ech_probe_numerator"": 1,
 ""enable_accurate_ecn"": false,
 ""enable_http_connection_coalescing"": true,
 ""enable_http_early_data"": true,
 ""enable_l4s"": false,
 ""enable_push_ulpn"": false,
 ""enable_push_ulpn_wifi"": true,
 ""enable_quic"": true,
 ""enable_quic_denominator5"": 100,
 ""enable_quic_denominator6"": 100,
 ""enable_quic_denominator7"": 100,
 ""enable_quic_denominator8"": 100,
 ""enable_quic_denominator9"": 100,
 ""enable_quic_l4s"": false,
 ""enable_quic_l4s_denominator"": 100,
 ""enable_quic_l4s_numerator"": 10,
 ""enable_quic_migration"": false,
 ""enable_quic_numerator5"": 0,
 ""enable_quic_numerator6"": 0,
 ""enable_quic_numerator7"": 55,
 ""enable_quic_numerator8"": 95,
 ""enable_quic_numerator9"": 95,
 ""enable_tcp_l4s"": false,
 ""enable_tcp_l4s_denominator2"": 10000,
 ""enable_tcp_l4s_numerator2"": 1,
 ""enable_unified_http"": true,
 ""flow_report_denominator"": 500000,
 ""flow_report_numerator"": 1,
 ""statistics_report_denominator"": 200000,
 ""statistics_report_numerator"": 1
}",
/Library/Preferences/com.apple.networkd.sysctl.plist,2025-09-18T15:18:14.901044874Z,"{
 ""net.classq.enable_l4s"": 1,
 ""net.classq.fq_codel.enable_l4s"": 1,
 ""net.classq.fq_codel.enable_pacing"": 1,
 ""net.classq.fq_codel.fq_enable_pacing"": 1,
 ""net.inet.tcp.accurate_ecn"": 0,
 ""net.inet.tcp.ecn_setup_percentage"": 100,
 ""net.inet.tcp.l4s"": 0
}",
/Library/Preferences/com.apple.networkextension.cache.plist,2026-09-11T16:51:38.926947729Z,"{
 ""services"": {
  ""0EF2198F-B32A-4F1A-8BA2-8580FC7FA092"": {
   ""vpn"": {
    ""included-routes"": {
     ""ipv4-subnets"": {
      ""subnet-addresses"": [
       ""AAAAAA==""
      ],
      ""subnet-masks"": [
       ""AAAAAA==""
      ]
     }
    }
   }
  },
  ""4505FB12-670A-4A9D-A47F-F6452E606B57"": {
   ""vpn"": {
    ""included-routes"": {
     ""ipv4-subnets"": {
      ""subnet-addresses"": [
       ""AAAAAA==""
      ],
      ""subnet-masks"": [
       ""AAAAAA==""
      ]
     },
     ""ipv6-subnets"": {
      ""subnet-addresses"": [
       ""AAAAAAAAAAAAAAAAAAAAAA==""
      ],
      ""subnet-masks"": [
       ""AAAAAAAAAAAAAAAAAAAAAA==""
      ]
     }
    },
    ""match-domains"": [
     """"
    ]
   }
  },
  ""99D62633-CCE4-46CF-9D93-6D5127D2C9B5"": {
   ""vpn"": {
    ""included-routes"": {
     ""ipv4-subnets"": {
      ""subnet-addresses"": [
       ""ZGRkZA==""
      ],
      ""subnet-masks"": [
       ""/////w==""
      ]
     },
     ""ipv6-subnets"": {
      ""subnet-addresses"": [
       ""/XoRXKHgAAAAAAAAAAAAUw==""
      ],
      ""subnet-masks"": [
       ""/////////////////////w==""
      ]
     }
    },
    ""match-domains"": [
     """",
     ""tailb1e16a.ts.net.""
    ]
   }
  },
  ""FD1A5D2D-3CC4-4612-BBA7-8D1E27D2F1B4"": {
   ""vpn"": {
    ""included-routes"": {
     ""ipv4-subnets"": {
      ""subnet-addresses"": [
       ""AAAAAA==""
      ],
      ""subnet-masks"": [
       ""AAAAAA==""
      ]
     },
     ""ipv6-subnets"": {
      ""subnet-addresses"": [
       ""AAAAAAAAAAAAAAAAAAAAAA==""
      ],
      ""subnet-masks"": [
       ""AAAAAAAAAAAAAAAAAAAAAA==""
      ]
     }
    },
    ""match-domains"": [
     """"
    ]
   }
  }
 }
}",
/Library/Preferences/com.apple.networkextension.control.plist,2026-08-27T19:48:09.931939458Z,"{
 ""CriticalDomains"": [
  ""cheeserolling.apple.com"",
  ""woolyjumper.sd.apple.com"",
  ""basejumper.apple.com"",
  ""basejumper-vip.sd.apple.com"",
  ""basejumper.sd.apple.com"",
  ""locksmith.apple.com"",
  ""gdmf-staging-int.apple.com"",
  ""pallas-uat.rno.apple.com"",
  ""pr2-pallas-staging-int-prz.apple.com"",
  ""livability-api.swe.apple.com"",
  ""wkms.sd.apple.com"",
  ""wkms-uat.sd.apple.com"",
  ""knox.sd.apple.com""
 ]
}",
/Library/Preferences/com.apple.networkextension.necp.plist,2026-09-14T05:02:00.43617705Z,"{
 ""drop_all_level"": ""Unknown""
}",
/Library/Preferences/com.apple.networkextension.plist,2026-09-13T16:22:21.293675662Z,"{
 ""$archiver"": ""NSKeyedArchiver"",
 ""$objects"": [
  ""$null"",
  {
   ""$class"": 38,
   ""AlwaysOnVPN"": 0,
   ""AppPush"": 0,
   ""AppVPN"": 0,
   ""Application"": 4,
   ""ApplicationName"": 37,
   ""ContentFilter"": 0,
   ""DNSProxy"": 0,
   ""DNSSettings"": 0,
   ""ExternalIdentifierString"": 0,
   ""Grade"": 1,
   ""Hotspot"": 0,
   ""Identifier"": 2,
   ""Name"": 36,
   ""PathController"": 0,
   ""ProfileInfo"": 0,
   ""Relay"": 0,
   ""URLFilter"": 0,
   ""VPN"": 5
  },
  {
   ""$class"": 3,
   ""NS.uuidbytes"": ""RQX7EmcKSp2kf/ZFLmBrVw==""
  },
  {
   ""$classes"": [
    ""NSUUID"",
    ""NSObject""
   ],
   ""$classname"": ""NSUUID""
  },
  ""com.surfshark.vpnclient.macos.direct"",
  {
   ""$class"": 35,
   ""DisconnectOnDemandEnabled"": false,
   ""Enabled"": true,
   ""ExceptionApps"": 0,
   ""OnDemandEnabled"": false,
   ""OnDemandRules"": 6,
   ""OnDemandUserOverrideDisabled"": false,
   ""Protocol"": 10,
   ""TunnelType"": 1
  },
  {
   ""$class"": 9,
   ""NS.objects"": [
    7
   ]
  },
  {
   ""$class"": 8,
   ""Action"": 1,
   ""DNSSearchDomainMatch"": 0,
   ""DNSServerAddressMatch"": 0,
   ""InterfaceTypeMatch"": 0,
   ""ProbeURL"": 0,
   ""SSIDMatch"": 0
  },
  {
   ""$classes"": [
    ""NEOnDemandRuleConnect"",
    ""NEOnDemandRule"",
    ""NSObject""
   ],
   ""$classname"": ""NEOnDemandRuleConnect""
  },
  {
   ""$classes"": [
    ""NSArray"",
    ""NSObject""
   ],
   ""$classname"": ""NSArray""
  },
  {
   ""$class"": 34,
   ""AuthenticationMethod"": 0,
   ""AuthenticationPluginType"": 0,
   ""CellularSliceUUID"": 0,
   ""DNSSettings"": 0,
   ""DesignatedRequirement"": 33,
   ""DisconnectOnIdle"": false,
   ""DisconnectOnIdleTimeout"": 0,
   ""DisconnectOnLogoutKey"": false,
   ""DisconnectOnSleep"": false,
   ""DisconnectOnUserSwitch"": false,
   ""DisconnectOnWake"": false,
   ""DisconnectOnWakeTimeout"": 0,
   ""EnforceRoutes"": false,
   ""ExcludeAPNs"": true,
   ""ExcludeCellularServices"": true,
   ""ExcludeDeviceCommunication"": true,
   ""ExcludeLocalNetworks"": true,
   ""ExtensibleSSOProvider"": 0,
   ""Identifier"": 11,
   ""Identity"": 0,
   ""IdentityData"": 0,
   ""IdentityDataHash"": 0,
   ""IdentityDataImported"": false,
   ""IdentityDataPassword"": 0,
   ""IdentityDataPasswordKeychainItem"": 0,
   ""IncludeAllNetworks"": false,
   ""NEProviderBundleIdentifier"": 32,
   ""Password"": 0,
   ""PasswordEncryption"": 0,
   ""PasswordReference"": 12,
   ""PluginType"": 14,
   ""ProxySettings"": 0,
   ""ServerAddress"": 13,
   ""Type"": 4,
   ""Username"": 0,
   ""VendorConfiguration"": 15,
   ""VendorInfo"": 0
  },
  {
   ""$class"": 3,
   ""NS.uuidbytes"": ""2fuj3H0fS/6tBfO/uKPkAA==""
  },
  ""c3N1aQAAACCHGRyjD8kR1ISaAAUCtSEiAAAAAAAAAAAAAAAAAAAABmRibm0AAAAjL0xpYnJhcnkvS2V5Y2hhaW5zL1N5c3RlbS5rZXljaGFpbgBpdGVtAAAAZoAAAAAAAAAfU3VyZnNoYXJrLiBXaXJlR3VhcmQuIFdpcmVHdWFyZAAAADtjb20uc3VyZnNoYXJrLnZwbmNsaWVudC5tYWNvcy5kaXJlY3QuUGFja2V0VHVubmVsLVdpcmVHdWFyZA=="",
  ""Multiple endpoints"",
  ""com.surfshark.vpnclient.macos.direct"",
  {
   ""$class"": 31,
   ""NS.keys"": [
    16,
    17,
    18,
    19,
    20,
    21,
    22,
    23
   ],
   ""NS.objects"": [
    24,
    25,
    26,
    27,
    28,
    29,
    30,
    27
   ]
  },
  ""shark_port"",
  ""UID"",
  ""custom_config"",
  ""remote_identifier"",
  ""server_type"",
  ""wcb_credentials_ref"",
  ""shark_options"",
  ""server_address"",
  51820,
  501,
  false,
  ""de-fra.prod.surfshark.com"",
  ""generic"",
  ""c3N1aQAAACCHGRyjD8kR1ISaAAUCtSEiAAAAAAAAAAAAAAAAAAAABmRibm0AAAAmfi9MaWJyYXJ5L0tleWNoYWlucy9sb2dpbi5rZXljaGFpbi1kYgBpdGVtAAAAX4AAAAAAAAAYM2JSNHR1YmVaQlNGSzdzVWZNVFVmSlJRAAAAO2NvbS5zdXJmc2hhcmsudnBuY2xpZW50Lm1hY29zLmRpcmVjdC52cG5zZXJ2aWNlLmNyZWRlbnRpYWxz"",
  ""CD2A0E6C-B33F-4BBE-B4B2-35984B45FD02,0,0"",
  {
   ""$classes"": [
    ""NSDictionary"",
    ""NSObject""
   ],
   ""$classname"": ""NSDictionary""
  },
  ""com.surfshark.vpnclient.macos.direct.PacketTunnel-WireGuard"",
  ""anchor apple generic and identifier \""com.surfshark.vpnclient.macos.direct.PacketTunnel-WireGuard\"" and (certificate leaf[field.1.2.840.113635.100.6.1.9] /* exists */ or certificate 1[field.1.2.840.113635.100.6.2.6] /* exists */ and certificate leaf[field.1.2.840.113635.100.6.1.13] /* exists */ and certificate leaf[subject.OU] = YHUG37CKN8)"",
  {
   ""$classes"": [
    ""NETunnelProviderProtocol"",
    ""NEVPNProtocol"",
    ""NSObject""
   ],
   ""$classname"": ""NETunnelProviderProtocol""
  },
  {
   ""$classes"": [
    ""NEVPN"",
    ""NSObject""
   ],
   ""$classname"": ""NEVPN""
  },
  ""Surfshark. WireGuard"",
  ""Surfshark"",
  {
   ""$classes"": [
    ""NEConfiguration"",
    ""NSObject""
   ],
   ""$classname"": ""NEConfiguration""
  },
  {
   ""$class"": 38,
   ""AlwaysOnVPN"": 0,
   ""AppPush"": 0,
   ""AppVPN"": 0,
   ""Application"": 41,
   ""ApplicationName"": 130,
   ""ContentFilter"": 42,
   ""DNSProxy"": 0,
   ""DNSSettings"": 0,
   ""ExternalIdentifierString"": 0,
   ""Grade"": 3,
   ""Hotspot"": 0,
   ""Identifier"": 40,
   ""Name"": 129,
   ""PathController"": 0,
   ""ProfileInfo"": 0,
   ""Relay"": 0,
   ""URLFilter"": 0,
   ""VPN"": 0
  },
  {
   ""$class"": 3,
   ""NS.uuidbytes"": ""Xb/jscIPSo2u5tOzh5h6Iw==""
  },
  ""com.apple.ALF.ApplicationFirewall"",
  {
   ""$class"": 128,
   ""DisableEncryptedDNSSettings"": false,
   ""EnableManualMode"": false,
   ""Enabled"": false,
   ""FilterGrade"": 1,
   ""PerApp"": 0,
   ""Provider"": 43
  },
  {
   ""$class"": 127,
   ""ControlProviderInitialized"": false,
   ""DataProviderBundleIdentifier"": 126,
   ""DataProviderDesignatedRequirement"": 125,
   ""DataProviderURL"": 0,
   ""DisableDefaultDrop"": false,
   ""FilterPackets"": false,
   ""FilterSockets"": true,
   ""Identity"": 0,
   ""KeychainAccessGroup"": 0,
   ""Organization"": 0,
   ""PacketProviderBundleIdentifier"": 0,
   ""PacketProviderDesignatedRequirement"": 0,
   ""PacketProviderURL"": 0,
   ""Password"": 0,
   ""PluginType"": 124,
   ""PreserveExistingConnections"": true,
   ""ServerAddress"": 0,
   ""Username"": 0,
   ""VendorConfiguration"": 44
  },
  {
   ""$class"": 31,
   ""NS.keys"": [
    45,
    46,
    47,
    48,
    49,
    50
   ],
   ""NS.objects"": [
    51,
    52,
    51,
    51,
    52,
    53
   ]
  },
  ""BuiltInSignedState"",
  ""StealthModeState"",
  ""Version"",
  ""DownloadSignedState"",
  ""GlobalState"",
  ""applications"",
  1,
  0,
  {
   ""$class"": 123,
   ""NS.objects"": [
    54,
    70,
    74,
    78,
    82,
    86,
    90,
    95,
    99,
    103,
    107,
    111,
    115,
    119
   ]
  },
  {
   ""$class"": 69,
   ""NS.keys"": [
    55,
    56,
    57,
    58,
    59,
    60,
    61
   ],
   ""NS.objects"": [
    62,
    63,
    64,
    65,
    66,
    67,
    68
   ]
  },
  ""icon"",
  ""providerAdded"",
  ""displayname"",
  ""type"",
  ""path"",
  ""state"",
  ""bundleid"",
  """",
  ""YES"",
  ""configd"",
  ""services"",
  ""file:///usr/libexec/configd"",
  1,
  ""com.apple.configd"",
  {
   ""$classes"": [
    ""NSMutableDictionary"",
    ""NSDictionary"",
    ""NSObject""
   ],
   ""$classname"": ""NSMutableDictionary""
  },
  {
   ""$class"": 69,
   ""NS.keys"": [
    55,
    56,
    57,
    58,
    59,
    60,
    61
   ],
   ""NS.objects"": [
    62,
    63,
    71,
    65,
    72,
    67,
    73
   ]
  },
  ""mDNSResponder"",
  ""file:///usr/sbin/mDNSResponder"",
  ""com.apple.mDNSResponder"",
  {
   ""$class"": 69,
   ""NS.keys"": [
    55,
    56,
    57,
    58,
    59,
    60,
    61
   ],
   ""NS.objects"": [
    62,
    63,
    75,
    65,
    76,
    67,
    77
   ]
  },
  ""racoon"",
  ""file:///usr/sbin/racoon"",
  ""com.apple.racoon"",
  {
   ""$class"": 69,
   ""NS.keys"": [
    55,
    56,
    57,
    58,
    59,
    60,
    61
   ],
   ""NS.objects"": [
    62,
    63,
    79,
    65,
    80,
    67,
    81
   ]
  },
  ""bootpd"",
  ""file:///usr/libexec/bootpd"",
  ""com.apple.bootpd"",
  {
   ""$class"": 69,
   ""NS.keys"": [
    55,
    56,
    57,
    58,
    59,
    60,
    61
   ],
   ""NS.objects"": [
    62,
    63,
    83,
    65,
    84,
    67,
    85
   ]
  },
  ""xartstorageremoted"",
  ""file:///usr/libexec/xartstorageremoted"",
  ""com.apple.xartstorageremoted"",
  {
   ""$class"": 69,
   ""NS.keys"": [
    55,
    56,
    57,
    58,
    59,
    60,
    61
   ],
   ""NS.objects"": [
    62,
    63,
    87,
    65,
    88,
    67,
    89
   ]
  },
  ""netbiosd"",
  ""file:///usr/sbin/netbiosd"",
  ""com.apple.netbiosd"",
  {
   ""$class"": 69,
   ""NS.keys"": [
    55,
    56,
    57,
    58,
    59,
    60,
    61
   ],
   ""NS.objects"": [
    62,
    63,
    91,
    92,
    93,
    67,
    94
   ]
  },
  ""remoted"",
  ""applications"",
  ""file:///usr/libexec/remoted"",
  ""com.apple.remoted"",
  {
   ""$class"": 69,
   ""NS.keys"": [
    55,
    56,
    57,
    58,
    59,
    60,
    61
   ],
   ""NS.objects"": [
    62,
    63,
    96,
    92,
    97,
    67,
    98
   ]
  },
  ""python3"",
  ""file:///usr/bin/python3"",
  ""com.apple.dt.xcode_select.tool-shim"",
  {
   ""$class"": 69,
   ""NS.keys"": [
    55,
    56,
    57,
    58,
    59,
    60,
    61
   ],
   ""NS.objects"": [
    62,
    63,
    100,
    92,
    101,
    67,
    102
   ]
  },
  ""ruby"",
  ""file:///usr/bin/ruby"",
  ""com.apple.ruby"",
  {
   ""$class"": 69,
   ""NS.keys"": [
    55,
    56,
    57,
    58,
    59,
    60,
    61
   ],
   ""NS.objects"": [
    62,
    63,
    104,
    92,
    105,
    67,
    106
   ]
  },
  ""cupsd"",
  ""file:///usr/sbin/cupsd"",
  ""com.apple.cupsd"",
  {
   ""$class"": 69,
   ""NS.keys"": [
    55,
    56,
    57,
    58,
    59,
    60,
    61
   ],
   ""NS.objects"": [
    62,
    63,
    108,
    92,
    109,
    67,
    110
   ]
  },
  ""sharingd"",
  ""file:///usr/libexec/sharingd"",
  ""com.apple.sharingd"",
  {
   ""$class"": 69,
   ""NS.keys"": [
    55,
    56,
    57,
    58,
    59,
    60,
    61
   ],
   ""NS.objects"": [
    62,
    63,
    112,
    92,
    113,
    67,
    114
   ]
  },
  ""sshd-keygen-wrapper"",
  ""file:///usr/libexec/sshd-keygen-wrapper"",
  ""com.apple.sshd-keygen-wrapper"",
  {
   ""$class"": 69,
   ""NS.keys"": [
    55,
    56,
    57,
    58,
    59,
    60,
    61
   ],
   ""NS.objects"": [
    62,
    63,
    116,
    92,
    117,
    67,
    118
   ]
  },
  ""smbd"",
  ""file:///usr/sbin/smbd"",
  ""com.apple.smbd"",
  {
   ""$class"": 69,
   ""NS.keys"": [
    55,
    56,
    57,
    58,
    59,
    60,
    61
   ],
   ""NS.objects"": [
    62,
    63,
    120,
    65,
    121,
    67,
    122
   ]
  },
  ""srp-mdns-proxy"",
  ""file:///usr/libexec/srp-mdns-proxy"",
  ""com.apple.srp-mdns-proxy"",
  {
   ""$classes"": [
    ""NSMutableArray"",
    ""NSArray"",
    ""NSObject""
   ],
   ""$classname"": ""NSMutableArray""
  },
  ""com.apple.ALF.ApplicationFirewall"",
  ""identifier \""com.apple.ALF.ApplicationFirewall\"" and anchor apple"",
  ""com.apple.ALF.ApplicationFirewall"",
  {
   ""$classes"": [
    ""NEFilterProviderConfiguration"",
    ""NSObject""
   ],
   ""$classname"": ""NEFilterProviderConfiguration""
  },
  {
   ""$classes"": [
    ""NEContentFilter"",
    ""NSObject""
   ],
   ""$classname"": ""NEContentFilter""
  },
  ""com.apple.preferences.application-firewall"",
  ""com.apple.ALF.ApplicationFirewall"",
  {
   ""$class"": 38,
   ""AlwaysOnVPN"": 0,
   ""AppPush"": 0,
   ""AppVPN"": 0,
   ""Application"": 133,
   ""ApplicationName"": 37,
   ""ContentFilter"": 0,
   ""DNSProxy"": 0,
   ""DNSSettings"": 0,
   ""ExternalIdentifierString"": 0,
   ""Grade"": 2,
   ""Hotspot"": 0,
   ""Identifier"": 132,
   ""Name"": 154,
   ""PathController"": 0,
   ""ProfileInfo"": 0,
   ""Relay"": 0,
   ""URLFilter"": 0,
   ""VPN"": 134
  },
  {
   ""$class"": 3,
   ""NS.uuidbytes"": ""DvIZj7MqTxqLooWA/H+gkg==""
  },
  ""com.surfshark.vpnclient.macos.direct"",
  {
   ""$class"": 35,
   ""DisconnectOnDemandEnabled"": false,
   ""Enabled"": true,
   ""ExceptionApps"": 0,
   ""OnDemandEnabled"": false,
   ""OnDemandRules"": 135,
   ""OnDemandUserOverrideDisabled"": false,
   ""Protocol"": 137,
   ""TunnelType"": 1
  },
  {
   ""$class"": 9,
   ""NS.objects"": [
    136
   ]
  },
  {
   ""$class"": 8,
   ""Action"": 1,
   ""DNSSearchDomainMatch"": 0,
   ""DNSServerAddressMatch"": 0,
   ""InterfaceTypeMatch"": 0,
   ""ProbeURL"": 0,
   ""SSIDMatch"": 0
  },
  {
   ""$class"": 153,
   ""AllowPostQuantumKeyExchangeMethodFallback"": false,
   ""AuthenticationMethod"": 0,
   ""CellularSliceUUID"": 0,
   ""CertificateType"": 1,
   ""ChildSAParameters"": 152,
   ""ChildSAParametersArray"": 0,
   ""DNSSettings"": 0,
   ""DeadPeerDetectionRate"": 2,
   ""DisableInitialContact"": false,
   ""DisableMOBIKE"": false,
   ""DisableMOBIKERetryOnWake"": 0,
   ""DisableRedirect"": false,
   ""DisconnectOnIdle"": false,
   ""DisconnectOnIdleTimeout"": 0,
   ""DisconnectOnLogoutKey"": false,
   ""DisconnectOnSleep"": false,
   ""DisconnectOnUserSwitch"": false,
   ""DisconnectOnWake"": false,
   ""DisconnectOnWakeTimeout"": 0,
   ""EnableFallback"": false,
   ""EnablePFS"": true,
   ""EnableRevocationCheck"": true,
   ""EnforceRoutes"": false,
   ""ExcludeAPNs"": true,
   ""ExcludeCellularServices"": true,
   ""ExcludeDeviceCommunication"": true,
   ""ExcludeLocalNetworks"": true,
   ""ExtendedAuthPasswordPrompt"": false,
   ""ExtensibleSSOProvider"": 0,
   ""IKESAParameters"": 149,
   ""IKESAParametersArray"": 0,
   ""Identifier"": 138,
   ""Identity"": 0,
   ""IdentityData"": 0,
   ""IdentityDataHash"": 0,
   ""IdentityDataImported"": false,
   ""IdentityDataPassword"": 0,
   ""IdentityDataPasswordKeychainItem"": 0,
   ""IncludeAllNetworks"": false,
   ""LegacyExchangeMode"": 0,
   ""LegacyProposals"": 0,
   ""LocalIdentifier"": 146,
   ""MTU"": 0,
   ""MaximumTLSVersion"": 0,
   ""MinimumTLSVersion"": 3,
   ""NATKeepAliveOffloadEnable"": 0,
   ""NATKeepAliveOffloadInterval"": 0,
   ""OpportunisticPFS"": false,
   ""PPKConfiguration"": 0,
   ""Password"": 142,
   ""PasswordEncryption"": 0,
   ""PasswordReference"": 139,
   ""PluginType"": 0,
   ""ProviderBundleIdentifier"": 0,
   ""ProxySettings"": 0,
   ""RemoteIdentifier"": 147,
   ""ServerAddress"": 140,
   ""ServerCertificateCommonName"": 0,
   ""ServerCertificateIssuer"": 148,
   ""SharedSecret"": 0,
   ""SharedSecretReference"": 0,
   ""StrictAlgorithmSelection"": false,
   ""StrictRevocationCheck"": false,
   ""TunnelType"": 1,
   ""Type"": 5,
   ""UseConfigurationAttributeInternalIPSubnet"": false,
   ""UseExtendedAuthentication"": true,
   ""Username"": 141,
   ""WakeForRekey"": false
  },
  {
   ""$class"": 3,
   ""NS.uuidbytes"": ""wToMc2zLRUWn6b09T3PTiA==""
  },
  ""c3N1aQAAACCHGRyjD8kR1ISaAAUCtSEiAAAAAAAAAAAAAAAAAAAABmRibm0AAAAmfi9MaWJyYXJ5L0tleWNoYWlucy9sb2dpbi5rZXljaGFpbi1kYgBpdGVtAAAAX4AAAAAAAAAYM2JSNHR1YmVaQlNGSzdzVWZNVFVmSlJRAAAAO2NvbS5zdXJmc2hhcmsudnBuY2xpZW50Lm1hY29zLmRpcmVjdC52cG5zZXJ2aWNlLmNyZWRlbnRpYWxz"",
  ""PUBLIC_IP_REDACTED"",
  ""3bR4tubeZBSFK7sUfMTUfJRQ"",
  {
   ""$class"": 145,
   ""AccessGroup"": 0,
   ""Data"": 0,
   ""Domain"": 0,
   ""Identifier"": 143,
   ""IsModernSystem"": false,
   ""KeyPersistentReference"": 0,
   ""OldItem"": 0,
   ""PersistentReference"": 144
  },
  ""0EF2198F-B32A-4F1A-8BA2-8580FC7FA092.XAUTH"",
  ""c3N1aQAAACCHGRyjD8kR1ISaAAUCtSEiAAAAAAAAAAAAAAAAAAAABmRibm0AAAAjL0xpYnJhcnkvS2V5Y2hhaW5zL1N5c3RlbS5rZXljaGFpbgBpdGVtAAAAToAAAAAAAAAYM2JSNHR1YmVaQlNGSzdzVWZNVFVmSlJRAAAAKjBFRjIxOThGLUIzMkEtNEYxQS04QkEyLTg1ODBGQzdGQTA5Mi5YQVVUSA=="",
  {
   ""$classes"": [
    ""NEKeychainItem"",
    ""NSObject""
   ],
   ""$classname"": ""NEKeychainItem""
  },
  ""CD2A0E6C-B33F-4BBE-B4B2-35984B45FD02,0,0"",
  ""de-fra.prod.surfshark.com"",
  ""Surfshark Root CA"",
  {
   ""$class"": 151,
   ""DiffieHellmanGroup"": 21,
   ""EncryptionAlgorithm"": 6,
   ""IntegrityAlgorithm"": 5,
   ""LifeTime"": 240,
   ""PostQuantumKeyExchangeMethods"": 150
  },
  {
   ""$class"": 9,
   ""NS.objects"": []
  },
  {
   ""$classes"": [
    ""NEVPNIKEv2SecurityAssociationParameters"",
    ""NSObject""
   ],
   ""$classname"": ""NEVPNIKEv2SecurityAssociationParameters""
  },
  {
   ""$class"": 151,
   ""DiffieHellmanGroup"": 14,
   ""EncryptionAlgorithm"": 4,
   ""IntegrityAlgorithm"": 3,
   ""LifeTime"": 30,
   ""PostQuantumKeyExchangeMethods"": 150
  },
  {
   ""$classes"": [
    ""NEVPNProtocolIKEv2"",
    ""NEVPNProtocolIPSec"",
    ""NEVPNProtocol"",
    ""NSObject""
   ],
   ""$classname"": ""NEVPNProtocolIKEv2""
  },
  ""Surfshark. IKEv2"",
  {
   ""$class"": 38,
   ""AlwaysOnVPN"": 0,
   ""AppPush"": 0,
   ""AppVPN"": 0,
   ""Application"": 157,
   ""ApplicationName"": 168,
   ""ContentFilter"": 0,
   ""DNSProxy"": 0,
   ""DNSSettings"": 0,
   ""ExternalIdentifierString"": 0,
   ""Grade"": 1,
   ""Hotspot"": 0,
   ""Identifier"": 156,
   ""Name"": 168,
   ""PathController"": 0,
   ""ProfileInfo"": 0,
   ""Relay"": 0,
   ""URLFilter"": 0,
   ""VPN"": 158
  },
  {
   ""$class"": 3,
   ""NS.uuidbytes"": ""mdYmM8zkRs+dk21RJ9LJtQ==""
  },
  ""io.tailscale.ipn.macsys"",
  {
   ""$class"": 35,
   ""DisconnectOnDemandEnabled"": false,
   ""Enabled"": true,
   ""ExceptionApps"": 0,
   ""OnDemandEnabled"": false,
   ""OnDemandRules"": 159,
   ""OnDemandUserOverrideDisabled"": false,
   ""Protocol"": 162,
   ""TunnelType"": 1
  },
  {
   ""$class"": 9,
   ""NS.objects"": [
    160,
    161
   ]
  },
  {
   ""$class"": 8,
   ""Action"": 1,
   ""DNSSearchDomainMatch"": 0,
   ""DNSServerAddressMatch"": 0,
   ""InterfaceTypeMatch"": 2,
   ""ProbeURL"": 0,
   ""SSIDMatch"": 0
  },
  {
   ""$class"": 8,
   ""Action"": 1,
   ""DNSSearchDomainMatch"": 0,
   ""DNSServerAddressMatch"": 0,
   ""InterfaceTypeMatch"": 1,
   ""ProbeURL"": 0,
   ""SSIDMatch"": 0
  },
  {
   ""$class"": 34,
   ""AuthenticationMethod"": 0,
   ""AuthenticationPluginType"": 0,
   ""CellularSliceUUID"": 0,
   ""DNSSettings"": 0,
   ""DesignatedRequirement"": 167,
   ""DisconnectOnIdle"": false,
   ""DisconnectOnIdleTimeout"": 0,
   ""DisconnectOnLogoutKey"": false,
   ""DisconnectOnSleep"": false,
   ""DisconnectOnUserSwitch"": false,
   ""DisconnectOnWake"": false,
   ""DisconnectOnWakeTimeout"": 0,
   ""EnforceRoutes"": false,
   ""ExcludeAPNs"": true,
   ""ExcludeCellularServices"": true,
   ""ExcludeDeviceCommunication"": true,
   ""ExcludeLocalNetworks"": false,
   ""ExtensibleSSOProvider"": 0,
   ""Identifier"": 163,
   ""Identity"": 0,
   ""IdentityData"": 0,
   ""IdentityDataHash"": 0,
   ""IdentityDataImported"": false,
   ""IdentityDataPassword"": 0,
   ""IdentityDataPasswordKeychainItem"": 0,
   ""IncludeAllNetworks"": false,
   ""NEProviderBundleIdentifier"": 166,
   ""Password"": 0,
   ""PasswordEncryption"": 0,
   ""PasswordReference"": 0,
   ""PluginType"": 165,
   ""ProxySettings"": 0,
   ""ServerAddress"": 164,
   ""Type"": 4,
   ""Username"": 0,
   ""VendorConfiguration"": 0,
   ""VendorInfo"": 0
  },
  {
   ""$class"": 3,
   ""NS.uuidbytes"": ""GU6E0jBqS0GTX/fPv98i9w==""
  },
  ""Tailscale Mesh"",
  ""io.tailscale.ipn.macsys"",
  ""io.tailscale.ipn.macsys.network-extension"",
  ""anchor apple generic and identifier \""io.tailscale.ipn.macsys.network-extension\"" and (certificate leaf[field.1.2.840.113635.100.6.1.9] /* exists */ or certificate 1[field.1.2.840.113635.100.6.2.6] /* exists */ and certificate leaf[field.1.2.840.113635.100.6.1.13] /* exists */ and certificate leaf[subject.OU] = W5364U7YZB)"",
  ""Tailscale"",
  {
   ""$class"": 38,
   ""AlwaysOnVPN"": 0,
   ""AppPush"": 0,
   ""AppVPN"": 0,
   ""Application"": 133,
   ""ApplicationName"": 37,
   ""ContentFilter"": 0,
   ""DNSProxy"": 0,
   ""DNSSettings"": 0,
   ""ExternalIdentifierString"": 0,
   ""Grade"": 1,
   ""Hotspot"": 0,
   ""Identifier"": 170,
   ""Name"": 192,
   ""PathController"": 0,
   ""ProfileInfo"": 0,
   ""Relay"": 0,
   ""URLFilter"": 0,
   ""VPN"": 171
  },
  {
   ""$class"": 3,
   ""NS.uuidbytes"": ""/RpdLTzERhK7p40eJ9LxtA==""
  },
  {
   ""$class"": 35,
   ""DisconnectOnDemandEnabled"": false,
   ""Enabled"": true,
   ""ExceptionApps"": 0,
   ""OnDemandEnabled"": false,
   ""OnDemandRules"": 172,
   ""OnDemandUserOverrideDisabled"": false,
   ""Protocol"": 174,
   ""TunnelType"": 1
  },
  {
   ""$class"": 9,
   ""NS.objects"": [
    173
   ]
  },
  {
   ""$class"": 8,
   ""Action"": 1,
   ""DNSSearchDomainMatch"": 0,
   ""DNSServerAddressMatch"": 0,
   ""InterfaceTypeMatch"": 0,
   ""ProbeURL"": 0,
   ""SSIDMatch"": 0
  },
  {
   ""$class"": 34,
   ""AuthenticationMethod"": 0,
   ""AuthenticationPluginType"": 0,
   ""CellularSliceUUID"": 0,
   ""DNSSettings"": 0,
   ""DesignatedRequirement"": 191,
   ""DisconnectOnIdle"": false,
   ""DisconnectOnIdleTimeout"": 0,
   ""DisconnectOnLogoutKey"": false,
   ""DisconnectOnSleep"": false,
   ""DisconnectOnUserSwitch"": false,
   ""DisconnectOnWake"": false,
   ""DisconnectOnWakeTimeout"": 0,
   ""EnforceRoutes"": false,
   ""ExcludeAPNs"": true,
   ""ExcludeCellularServices"": true,
   ""ExcludeDeviceCommunication"": true,
   ""ExcludeLocalNetworks"": true,
   ""ExtensibleSSOProvider"": 0,
   ""Identifier"": 175,
   ""Identity"": 0,
   ""IdentityData"": 0,
   ""IdentityDataHash"": 0,
   ""IdentityDataImported"": false,
   ""IdentityDataPassword"": 0,
   ""IdentityDataPasswordKeychainItem"": 0,
   ""IncludeAllNetworks"": false,
   ""NEProviderBundleIdentifier"": 190,
   ""Password"": 0,
   ""PasswordEncryption"": 0,
   ""PasswordReference"": 176,
   ""PluginType"": 178,
   ""ProxySettings"": 0,
   ""ServerAddress"": 177,
   ""Type"": 4,
   ""Username"": 0,
   ""VendorConfiguration"": 179,
   ""VendorInfo"": 0
  },
  {
   ""$class"": 3,
   ""NS.uuidbytes"": ""4qXlXZcORreUwoQLohaUQA==""
  },
  ""c3N1aQAAACCHGRyjD8kR1ISaAAUCtSEiAAAAAAAAAAAAAAAAAAAABmRibm0AAAAjL0xpYnJhcnkvS2V5Y2hhaW5zL1N5c3RlbS5rZXljaGFpbgBpdGVtAAAAaIAAAAAAAAAhU3VyZnNoYXJrLiBXaXJlR3VhcmQuIFdpcmVHdWFyZMKuAAAAO2NvbS5zdXJmc2hhcmsudnBuY2xpZW50Lm1hY29zLmRpcmVjdC5QYWNrZXRUdW5uZWwtV2lyZUd1YXJk"",
  ""Multiple endpoints"",
  ""com.surfshark.vpnclient.macos.direct"",
  {
   ""$class"": 31,
   ""NS.keys"": [
    180,
    181,
    182,
    183,
    184,
    17,
    185,
    186
   ],
   ""NS.objects"": [
    24,
    26,
    28,
    187,
    188,
    25,
    187,
    189
   ]
  },
  ""shark_port"",
  ""custom_config"",
  ""server_type"",
  ""remote_identifier"",
  ""shark_options"",
  ""server_address"",
  ""wcb_credentials_ref"",
  ""de-fra.prod.surfshark.com"",
  ""CD2A0E6C-B33F-4BBE-B4B2-35984B45FD02,0,0"",
  ""c3N1aQAAACCHGRyjD8kR1ISaAAUCtSEiAAAAAAAAAAAAAAAAAAAABmRibm0AAAAjL0xpYnJhcnkvS2V5Y2hhaW5zL1N5c3RlbS5rZXljaGFpbgBpdGVtAAAAX4AAAAAAAAAYM2JSNHR1YmVaQlNGSzdzVWZNVFVmSlJRAAAAO2NvbS5zdXJmc2hhcmsudnBuY2xpZW50Lm1hY29zLmRpcmVjdC5QYWNrZXRUdW5uZWwtV2lyZUd1YXJk"",
  ""com.surfshark.vpnclient.macos.direct.PacketTunnel-WireGuard"",
  ""anchor apple generic and identifier \""com.surfshark.vpnclient.macos.direct.PacketTunnel-WireGuard\"" and (certificate leaf[field.1.2.840.113635.100.6.1.9] /* exists */ or certificate 1[field.1.2.840.113635.100.6.2.6] /* exists */ and certificate leaf[field.1.2.840.113635.100.6.1.13] /* exists */ and certificate leaf[subject.OU] = YHUG37CKN8)"",
  ""Surfshark. WireGuard®"",
  {
   ""$class"": 38,
   ""AlwaysOnVPN"": 0,
   ""AppPush"": 0,
   ""AppVPN"": 0,
   ""Application"": 0,
   ""ApplicationName"": 0,
   ""ContentFilter"": 0,
   ""DNSProxy"": 0,
   ""DNSSettings"": 0,
   ""ExternalIdentifierString"": 0,
   ""Grade"": 2,
   ""Hotspot"": 0,
   ""Identifier"": 194,
   ""Name"": 195,
   ""PathController"": 196,
   ""ProfileInfo"": 0,
   ""Relay"": 0,
   ""URLFilter"": 0,
   ""VPN"": 0
  },
  {
   ""$class"": 3,
   ""NS.uuidbytes"": ""rZftQtJ7SEacmszVOqk7Fw==""
  },
  ""com.apple.preferences.networkprivacy-30173BC1-9F52-47F3-B636-6FEC2C5AD3D2"",
  {
   ""$class"": 322,
   ""Enabled"": true,
   ""IgnoreFallback"": true,
   ""IgnoreRouteRules"": true,
   ""PayloadAppRules"": 0,
   ""Rules"": 197,
   ""cellularFallbackFlags"": 0
  },
  {
   ""$class"": 9,
   ""NS.objects"": [
    198,
    201,
    204,
    207,
    210,
    213,
    216,
    218,
    220,
    222,
    224,
    226,
    228,
    230,
    232,
    234,
    236,
    238,
    240,
    242,
    244,
    246,
    248,
    250,
    252,
    254,
    256,
    258,
    260,
    262,
    264,
    266,
    268,
    270,
    272,
    274,
    276,
    278,
    280,
    282,
    284,
    286,
    288,
    290,
    292,
    294,
    296,
    298,
    300,
    302,
    304,
    306,
    308,
    310,
    312,
    314,
    316,
    318,
    320
   ]
  },
  {
   ""$class"": 200,
   ""AggregateEnterpriseCellularBehavior"": 0,
   ""AggregateEnterpriseWiFiBehavior"": 0,
   ""AggregatePersonalCellularBehavior"": 0,
   ""AggregatePersonalWiFiBehavior"": 0,
   ""AllowEmptyDesignatedRequirement"": true,
   ""CellularBehavior"": 0,
   ""DenyAll"": false,
   ""DenyCellularFallback"": false,
   ""DenyMulticast"": true,
   ""DesignatedRequirement"": 62,
   ""IsIdentifierExternal"": false,
   ""MatchAccountIdentifiers"": 0,
   ""MatchDomains"": 0,
   ""MatchTools"": 0,
   ""MulticastPreferenceSet"": false,
   ""NoDivertDNS"": false,
   ""Path"": 0,
   ""SigningIdentifier"": 199,
   ""TemporaryAllowMulticastNetworkName"": 0,
   ""WiFiBehavior"": 0
  },
  ""PathRuleDefaultNonSystemIdentifier"",
  {
   ""$classes"": [
    ""NEPathRule"",
    ""NEAppRule"",
    ""NSObject""
   ],
   ""$classname"": ""NEPathRule""
  },
  {
   ""$class"": 200,
   ""AggregateEnterpriseCellularBehavior"": 0,
   ""AggregateEnterpriseWiFiBehavior"": 0,
   ""AggregatePersonalCellularBehavior"": 0,
   ""AggregatePersonalWiFiBehavior"": 0,
   ""AllowEmptyDesignatedRequirement"": true,
   ""CellularBehavior"": 0,
   ""DenyAll"": false,
   ""DenyCellularFallback"": false,
   ""DenyMulticast"": true,
   ""DesignatedRequirement"": 0,
   ""IsIdentifierExternal"": false,
   ""MatchAccountIdentifiers"": 0,
   ""MatchDomains"": 0,
   ""MatchTools"": 0,
   ""MulticastPreferenceSet"": true,
   ""NoDivertDNS"": false,
   ""Path"": 203,
   ""SigningIdentifier"": 202,
   ""TemporaryAllowMulticastNetworkName"": 0,
   ""WiFiBehavior"": 0
  },
  ""com.microsoft.VSCode"",
  ""/Users/REDACTED_USER/Desktop/vscode/Visual Studio Code.app/Contents/MacOS/Electron"",
  {
   ""$class"": 200,
   ""AggregateEnterpriseCellularBehavior"": 0,
   ""AggregateEnterpriseWiFiBehavior"": 0,
   ""AggregatePersonalCellularBehavior"": 0,
   ""AggregatePersonalWiFiBehavior"": 0,
   ""AllowEmptyDesignatedRequirement"": true,
   ""CellularBehavior"": 0,
   ""DenyAll"": false,
   ""DenyCellularFallback"": false,
   ""DenyMulticast"": true,
   ""DesignatedRequirement"": 0,
   ""IsIdentifierExternal"": false,
   ""MatchAccountIdentifiers"": 0,
   ""MatchDomains"": 0,
   ""MatchTools"": 0,
   ""MulticastPreferenceSet"": true,
   ""NoDivertDNS"": false,
   ""Path"": 206,
   ""SigningIdentifier"": 205,
   ""TemporaryAllowMulticastNetworkName"": 0,
   ""WiFiBehavior"": 0
  },
  ""com.google.Chrome"",
  ""/private/var/folders/60/blqhcz_93z7djpdzp2rpplt80000gn/X/com.google.Chrome.code_sign_clone/code_sign_clone.VvANBn/Google Chrome.app/Contents/MacOS/Google Chrome"",
  {
   ""$class"": 200,
   ""AggregateEnterpriseCellularBehavior"": 0,
   ""AggregateEnterpriseWiFiBehavior"": 0,
   ""AggregatePersonalCellularBehavior"": 0,
   ""AggregatePersonalWiFiBehavior"": 0,
   ""AllowEmptyDesignatedRequirement"": true,
   ""CellularBehavior"": 0,
   ""DenyAll"": false,
   ""DenyCellularFallback"": false,
   ""DenyMulticast"": true,
   ""DesignatedRequirement"": 0,
   ""IsIdentifierExternal"": false,
   ""MatchAccountIdentifiers"": 0,
   ""MatchDomains"": 0,
   ""MatchTools"": 0,
   ""MulticastPreferenceSet"": true,
   ""NoDivertDNS"": false,
   ""Path"": 209,
   ""SigningIdentifier"": 208,
   ""TemporaryAllowMulticastNetworkName"": 0,
   ""WiFiBehavior"": 0
  },
  ""com.getdropbox.dropbox"",
  ""/Applications/Dropbox.app/Contents/MacOS/Dropbox"",
  {
   ""$class"": 200,
   ""AggregateEnterpriseCellularBehavior"": 0,
   ""AggregateEnterpriseWiFiBehavior"": 0,
   ""AggregatePersonalCellularBehavior"": 0,
   ""AggregatePersonalWiFiBehavior"": 0,
   ""AllowEmptyDesignatedRequirement"": true,
   ""CellularBehavior"": 0,
   ""DenyAll"": false,
   ""DenyCellularFallback"": false,
   ""DenyMulticast"": true,
   ""DesignatedRequirement"": 0,
   ""IsIdentifierExternal"": false,
   ""MatchAccountIdentifiers"": 0,
   ""MatchDomains"": 0,
   ""MatchTools"": 0,
   ""MulticastPreferenceSet"": true,
   ""NoDivertDNS"": false,
   ""Path"": 212,
   ""SigningIdentifier"": 211,
   ""TemporaryAllowMulticastNetworkName"": 0,
   ""WiFiBehavior"": 0
  },
  ""com.surfshark.vpnclient.macos.direct"",
  ""/Applications/Surfshark.app/Contents/MacOS/Surfshark"",
  {
   ""$class"": 200,
   ""AggregateEnterpriseCellularBehavior"": 0,
   ""AggregateEnterpriseWiFiBehavior"": 0,
   ""AggregatePersonalCellularBehavior"": 0,
   ""AggregatePersonalWiFiBehavior"": 0,
   ""AllowEmptyDesignatedRequirement"": true,
   ""CellularBehavior"": 0,
   ""DenyAll"": false,
   ""DenyCellularFallback"": false,
   ""DenyMulticast"": false,
   ""DesignatedRequirement"": 0,
   ""IsIdentifierExternal"": false,
   ""MatchAccountIdentifiers"": 0,
   ""MatchDomains"": 0,
   ""MatchTools"": 0,
   ""MulticastPreferenceSet"": true,
   ""NoDivertDNS"": false,
   ""Path"": 215,
   ""SigningIdentifier"": 214,
   ""TemporaryAllowMulticastNetworkName"": 0,
   ""WiFiBehavior"": 0
  },
  ""com.getdropbox.dropbox.fileprovider"",
  ""/Applications/Dropbox.app/Contents/PlugIns/DropboxFileProvider.appex/Contents/MacOS/DropboxFileProvider"",
  {
   ""$class"": 200,
   ""AggregateEnterpriseCellularBehavior"": 0,
   ""AggregateEnterpriseWiFiBehavior"": 0,
   ""AggregatePersonalCellularBehavior"": 0,
   ""AggregatePersonalWiFiBehavior"": 0,
   ""AllowEmptyDesignatedRequirement"": true,
   ""CellularBehavior"": 0,
   ""DenyAll"": false,
   ""DenyCellularFallback"": false,
   ""DenyMulticast"": false,
   ""DesignatedRequirement"": 0,
   ""IsIdentifierExternal"": false,
   ""MatchAccountIdentifiers"": 0,
   ""MatchDomains"": 0,
   ""MatchTools"": 0,
   ""MulticastPreferenceSet"": true,
   ""NoDivertDNS"": false,
   ""Path"": 0,
   ""SigningIdentifier"": 217,
   ""TemporaryAllowMulticastNetworkName"": 0,
   ""WiFiBehavior"": 0
  },
  ""com.anthropic.claudefordesktop"",
  {
   ""$class"": 200,
   ""AggregateEnterpriseCellularBehavior"": 0,
   ""AggregateEnterpriseWiFiBehavior"": 0,
   ""AggregatePersonalCellularBehavior"": 0,
   ""AggregatePersonalWiFiBehavior"": 0,
   ""AllowEmptyDesignatedRequirement"": true,
   ""CellularBehavior"": 0,
   ""DenyAll"": false,
   ""DenyCellularFallback"": false,
   ""DenyMulticast"": true,
   ""DesignatedRequirement"": 0,
   ""IsIdentifierExternal"": false,
   ""MatchAccountIdentifiers"": 0,
   ""MatchDomains"": 0,
   ""MatchTools"": 0,
   ""MulticastPreferenceSet"": false,
   ""NoDivertDNS"": false,
   ""Path"": 0,
   ""SigningIdentifier"": 219,
   ""TemporaryAllowMulticastNetworkName"": 0,
   ""WiFiBehavior"": 0
  },
  ""notion.id"",
  {
   ""$class"": 200,
   ""AggregateEnterpriseCellularBehavior"": 0,
   ""AggregateEnterpriseWiFiBehavior"": 0,
   ""AggregatePersonalCellularBehavior"": 0,
   ""AggregatePersonalWiFiBehavior"": 0,
   ""AllowEmptyDesignatedRequirement"": true,
   ""CellularBehavior"": 0,
   ""DenyAll"": false,
   ""DenyCellularFallback"": false,
   ""DenyMulticast"": true,
   ""DesignatedRequirement"": 0,
   ""IsIdentifierExternal"": false,
   ""MatchAccountIdentifiers"": 0,
   ""MatchDomains"": 0,
   ""MatchTools"": 0,
   ""MulticastPreferenceSet"": false,
   ""NoDivertDNS"": false,
   ""Path"": 0,
   ""SigningIdentifier"": 221,
   ""TemporaryAllowMulticastNetworkName"": 0,
   ""WiFiBehavior"": 0
  },
  ""com.es.plugin-installer"",
  {
   ""$class"": 200,
   ""AggregateEnterpriseCellularBehavior"": 0,
   ""AggregateEnterpriseWiFiBehavior"": 0,
   ""AggregatePersonalCellularBehavior"": 0,
   ""AggregatePersonalWiFiBehavior"": 0,
   ""AllowEmptyDesignatedRequirement"": true,
   ""CellularBehavior"": 0,
   ""DenyAll"": false,
   ""DenyCellularFallback"": false,
   ""DenyMulticast"": true,
   ""DesignatedRequirement"": 0,
   ""IsIdentifierExternal"": false,
   ""MatchAccountIdentifiers"": 0,
   ""MatchDomains"": 0,
   ""MatchTools"": 0,
   ""MulticastPreferenceSet"": false,
   ""NoDivertDNS"": false,
   ""Path"": 0,
   ""SigningIdentifier"": 223,
   ""TemporaryAllowMulticastNetworkName"": 0,
   ""WiFiBehavior"": 0
  },
  ""com.lemon.lvoverseas"",
  {
   ""$class"": 200,
   ""AggregateEnterpriseCellularBehavior"": 0,
   ""AggregateEnterpriseWiFiBehavior"": 0,
   ""AggregatePersonalCellularBehavior"": 0,
   ""AggregatePersonalWiFiBehavior"": 0,
   ""AllowEmptyDesignatedRequirement"": true,
   ""CellularBehavior"": 0,
   ""DenyAll"": false,
   ""DenyCellularFallback"": false,
   ""DenyMulticast"": true,
   ""DesignatedRequirement"": 0,
   ""IsIdentifierExternal"": false,
   ""MatchAccountIdentifiers"": 0,
   ""MatchDomains"": 0,
   ""MatchTools"": 0,
   ""MulticastPreferenceSet"": false,
   ""NoDivertDNS"": false,
   ""Path"": 0,
   ""SigningIdentifier"": 225,
   ""TemporaryAllowMulticastNetworkName"": 0,
   ""WiFiBehavior"": 0
  },
  ""org.torproject.torbrowser"",
  {
   ""$class"": 200,
   ""AggregateEnterpriseCellularBehavior"": 0,
   ""AggregateEnterpriseWiFiBehavior"": 0,
   ""AggregatePersonalCellularBehavior"": 0,
   ""AggregatePersonalWiFiBehavior"": 0,
   ""AllowEmptyDesignatedRequirement"": true,
   ""CellularBehavior"": 0,
   ""DenyAll"": false,
   ""DenyCellularFallback"": false,
   ""DenyMulticast"": true,
   ""DesignatedRequirement"": 0,
   ""IsIdentifierExternal"": false,
   ""MatchAccountIdentifiers"": 0,
   ""MatchDomains"": 0,
   ""MatchTools"": 0,
   ""MulticastPreferenceSet"": false,
   ""NoDivertDNS"": false,
   ""Path"": 0,
   ""SigningIdentifier"": 227,
   ""TemporaryAllowMulticastNetworkName"": 0,
   ""WiFiBehavior"": 0
  },
  ""com.grammarly.ProjectLlama"",
  {
   ""$class"": 200,
   ""AggregateEnterpriseCellularBehavior"": 0,
   ""AggregateEnterpriseWiFiBehavior"": 0,
   ""AggregatePersonalCellularBehavior"": 0,
   ""AggregatePersonalWiFiBehavior"": 0,
   ""AllowEmptyDesignatedRequirement"": true,
   ""CellularBehavior"": 0,
   ""DenyAll"": false,
   ""DenyCellularFallback"": false,
   ""DenyMulticast"": true,
   ""DesignatedRequirement"": 0,
   ""IsIdentifierExternal"": false,
   ""MatchAccountIdentifiers"": 0,
   ""MatchDomains"": 0,
   ""MatchTools"": 0,
   ""MulticastPreferenceSet"": false,
   ""NoDivertDNS"": false,
   ""Path"": 0,
   ""SigningIdentifier"": 229,
   ""TemporaryAllowMulticastNetworkName"": 0,
   ""WiFiBehavior"": 0
  },
  ""com.github.Electron.helper"",
  {
   ""$class"": 200,
   ""AggregateEnterpriseCellularBehavior"": 0,
   ""AggregateEnterpriseWiFiBehavior"": 0,
   ""AggregatePersonalCellularBehavior"": 0,
   ""AggregatePersonalWiFiBehavior"": 0,
   ""AllowEmptyDesignatedRequirement"": true,
   ""CellularBehavior"": 0,
   ""DenyAll"": false,
   ""DenyCellularFallback"": false,
   ""DenyMulticast"": true,
   ""DesignatedRequirement"": 0,
   ""IsIdentifierExternal"": false,
   ""MatchAccountIdentifiers"": 0,
   ""MatchDomains"": 0,
   ""MatchTools"": 0,
   ""MulticastPreferenceSet"": false,
   ""NoDivertDNS"": false,
   ""Path"": 0,
   ""SigningIdentifier"": 231,
   ""TemporaryAllowMulticastNetworkName"": 0,
   ""WiFiBehavior"": 0
  },
  ""com.anthropic.claudefordesktop.helper"",
  {
   ""$class"": 200,
   ""AggregateEnterpriseCellularBehavior"": 0,
   ""AggregateEnterpriseWiFiBehavior"": 0,
   ""AggregatePersonalCellularBehavior"": 0,
   ""AggregatePersonalWiFiBehavior"": 0,
   ""AllowEmptyDesignatedRequirement"": true,
   ""CellularBehavior"": 0,
   ""DenyAll"": false,
   ""DenyCellularFallback"": false,
   ""DenyMulticast"": true,
   ""DesignatedRequirement"": 0,
   ""IsIdentifierExternal"": false,
   ""MatchAccountIdentifiers"": 0,
   ""MatchDomains"": 0,
   ""MatchTools"": 0,
   ""MulticastPreferenceSet"": false,
   ""NoDivertDNS"": false,
   ""Path"": 0,
   ""SigningIdentifier"": 233,
   ""TemporaryAllowMulticastNetworkName"": 0,
   ""WiFiBehavior"": 0
  },
  ""com.microsoft.autoupdate.fba"",
  {
   ""$class"": 200,
   ""AggregateEnterpriseCellularBehavior"": 0,
   ""AggregateEnterpriseWiFiBehavior"": 0,
   ""AggregatePersonalCellularBehavior"": 0,
   ""AggregatePersonalWiFiBehavior"": 0,
   ""AllowEmptyDesignatedRequirement"": true,
   ""CellularBehavior"": 0,
   ""DenyAll"": false,
   ""DenyCellularFallback"": false,
   ""DenyMulticast"": true,
   ""DesignatedRequirement"": 0,
   ""IsIdentifierExternal"": false,
   ""MatchAccountIdentifiers"": 0,
   ""MatchDomains"": 0,
   ""MatchTools"": 0,
   ""MulticastPreferenceSet"": false,
   ""NoDivertDNS"": false,
   ""Path"": 0,
   ""SigningIdentifier"": 235,
   ""TemporaryAllowMulticastNetworkName"": 0,
   ""WiFiBehavior"": 0
  },
  ""com.microsoft.autoupdate2"",
  {
   ""$class"": 200,
   ""AggregateEnterpriseCellularBehavior"": 0,
   ""AggregateEnterpriseWiFiBehavior"": 0,
   ""AggregatePersonalCellularBehavior"": 0,
   ""AggregatePersonalWiFiBehavior"": 0,
   ""AllowEmptyDesignatedRequirement"": true,
   ""CellularBehavior"": 0,
   ""DenyAll"": false,
   ""DenyCellularFallback"": false,
   ""DenyMulticast"": true,
   ""DesignatedRequirement"": 0,
   ""IsIdentifierExternal"": false,
   ""MatchAccountIdentifiers"": 0,
   ""MatchDomains"": 0,
   ""MatchTools"": 0,
   ""MulticastPreferenceSet"": false,
   ""NoDivertDNS"": false,
   ""Path"": 0,
   ""SigningIdentifier"": 237,
   ""TemporaryAllowMulticastNetworkName"": 0,
   ""WiFiBehavior"": 0
  },
  ""com.microsoft.VSCode.helper"",
  {
   ""$class"": 200,
   ""AggregateEnterpriseCellularBehavior"": 0,
   ""AggregateEnterpriseWiFiBehavior"": 0,
   ""AggregatePersonalCellularBehavior"": 0,
   ""AggregatePersonalWiFiBehavior"": 0,
   ""AllowEmptyDesignatedRequirement"": true,
   ""CellularBehavior"": 0,
   ""DenyAll"": false,
   ""DenyCellularFallback"": false,
   ""DenyMulticast"": true,
   ""DesignatedRequirement"": 0,
   ""IsIdentifierExternal"": false,
   ""MatchAccountIdentifiers"": 0,
   ""MatchDomains"": 0,
   ""MatchTools"": 0,
   ""MulticastPreferenceSet"": false,
   ""NoDivertDNS"": false,
   ""Path"": 0,
   ""SigningIdentifier"": 239,
   ""TemporaryAllowMulticastNetworkName"": 0,
   ""WiFiBehavior"": 0
  },
  ""com.dropbox.Electron.helper"",
  {
   ""$class"": 200,
   ""AggregateEnterpriseCellularBehavior"": 0,
   ""AggregateEnterpriseWiFiBehavior"": 0,
   ""AggregatePersonalCellularBehavior"": 0,
   ""AggregatePersonalWiFiBehavior"": 0,
   ""AllowEmptyDesignatedRequirement"": true,
   ""CellularBehavior"": 0,
   ""DenyAll"": false,
   ""DenyCellularFallback"": false,
   ""DenyMulticast"": true,
   ""DesignatedRequirement"": 0,
   ""IsIdentifierExternal"": false,
   ""MatchAccountIdentifiers"": 0,
   ""MatchDomains"": 0,
   ""MatchTools"": 0,
   ""MulticastPreferenceSet"": false,
   ""NoDivertDNS"": false,
   ""Path"": 0,
   ""SigningIdentifier"": 241,
   ""TemporaryAllowMulticastNetworkName"": 0,
   ""WiFiBehavior"": 0
  },
  ""notion.id.helper"",
  {
   ""$class"": 200,
   ""AggregateEnterpriseCellularBehavior"": 0,
   ""AggregateEnterpriseWiFiBehavior"": 0,
   ""AggregatePersonalCellularBehavior"": 0,
   ""AggregatePersonalWiFiBehavior"": 0,
   ""AllowEmptyDesignatedRequirement"": true,
   ""CellularBehavior"": 0,
   ""DenyAll"": false,
   ""DenyCellularFallback"": false,
   ""DenyMulticast"": true,
   ""DesignatedRequirement"": 0,
   ""IsIdentifierExternal"": false,
   ""MatchAccountIdentifiers"": 0,
   ""MatchDomains"": 0,
   ""MatchTools"": 0,
   ""MulticastPreferenceSet"": false,
   ""NoDivertDNS"": false,
   ""Path"": 0,
   ""SigningIdentifier"": 243,
   ""TemporaryAllowMulticastNetworkName"": 0,
   ""WiFiBehavior"": 0
  },
  ""com.tcltk.wish"",
  {
   ""$class"": 200,
   ""AggregateEnterpriseCellularBehavior"": 0,
   ""AggregateEnterpriseWiFiBehavior"": 0,
   ""AggregatePersonalCellularBehavior"": 0,
   ""AggregatePersonalWiFiBehavior"": 0,
   ""AllowEmptyDesignatedRequirement"": true,
   ""CellularBehavior"": 0,
   ""DenyAll"": false,
   ""DenyCellularFallback"": false,
   ""DenyMulticast"": true,
   ""DesignatedRequirement"": 0,
   ""IsIdentifierExternal"": false,
   ""MatchAccountIdentifiers"": 0,
   ""MatchDomains"": 0,
   ""MatchTools"": 0,
   ""MulticastPreferenceSet"": false,
   ""NoDivertDNS"": false,
   ""Path"": 0,
   ""SigningIdentifier"": 245,
   ""TemporaryAllowMulticastNetworkName"": 0,
   ""WiFiBehavior"": 0
  },
  ""com.blackmagic-design.DaVinciResolveWelcome"",
  {
   ""$class"": 200,
   ""AggregateEnterpriseCellularBehavior"": 0,
   ""AggregateEnterpriseWiFiBehavior"": 0,
   ""AggregatePersonalCellularBehavior"": 0,
   ""AggregatePersonalWiFiBehavior"": 0,
   ""AllowEmptyDesignatedRequirement"": true,
   ""CellularBehavior"": 0,
   ""DenyAll"": false,
   ""DenyCellularFallback"": false,
   ""DenyMulticast"": true,
   ""DesignatedRequirement"": 0,
   ""IsIdentifierExternal"": false,
   ""MatchAccountIdentifiers"": 0,
   ""MatchDomains"": 0,
   ""MatchTools"": 0,
   ""MulticastPreferenceSet"": false,
   ""NoDivertDNS"": false,
   ""Path"": 0,
   ""SigningIdentifier"": 247,
   ""TemporaryAllowMulticastNetworkName"": 0,
   ""WiFiBehavior"": 0
  },
  ""com.github.Electron"",
  {
   ""$class"": 200,
   ""AggregateEnterpriseCellularBehavior"": 0,
   ""AggregateEnterpriseWiFiBehavior"": 0,
   ""AggregatePersonalCellularBehavior"": 0,
   ""AggregatePersonalWiFiBehavior"": 0,
   ""AllowEmptyDesignatedRequirement"": true,
   ""CellularBehavior"": 0,
   ""DenyAll"": false,
   ""DenyCellularFallback"": false,
   ""DenyMulticast"": true,
   ""DesignatedRequirement"": 0,
   ""IsIdentifierExternal"": false,
   ""MatchAccountIdentifiers"": 0,
   ""MatchDomains"": 0,
   ""MatchTools"": 0,
   ""MulticastPreferenceSet"": false,
   ""NoDivertDNS"": false,
   ""Path"": 0,
   ""SigningIdentifier"": 249,
   ""TemporaryAllowMulticastNetworkName"": 0,
   ""WiFiBehavior"": 0
  },
  ""com.apple.ScriptEditor.id.file-processing-droplet-template"",
  {
   ""$class"": 200,
   ""AggregateEnterpriseCellularBehavior"": 0,
   ""AggregateEnterpriseWiFiBehavior"": 0,
   ""AggregatePersonalCellularBehavior"": 0,
   ""AggregatePersonalWiFiBehavior"": 0,
   ""AllowEmptyDesignatedRequirement"": true,
   ""CellularBehavior"": 0,
   ""DenyAll"": false,
   ""DenyCellularFallback"": false,
   ""DenyMulticast"": true,
   ""DesignatedRequirement"": 0,
   ""IsIdentifierExternal"": false,
   ""MatchAccountIdentifiers"": 0,
   ""MatchDomains"": 0,
   ""MatchTools"": 0,
   ""MulticastPreferenceSet"": false,
   ""NoDivertDNS"": false,
   ""Path"": 0,
   ""SigningIdentifier"": 251,
   ""TemporaryAllowMulticastNetworkName"": 0,
   ""WiFiBehavior"": 0
  },
  ""com.apple.ScriptEditor.id.droplet-with-settable-properties-template"",
  {
   ""$class"": 200,
   ""AggregateEnterpriseCellularBehavior"": 0,
   ""AggregateEnterpriseWiFiBehavior"": 0,
   ""AggregatePersonalCellularBehavior"": 0,
   ""AggregatePersonalWiFiBehavior"": 0,
   ""AllowEmptyDesignatedRequirement"": true,
   ""CellularBehavior"": 0,
   ""DenyAll"": false,
   ""DenyCellularFallback"": false,
   ""DenyMulticast"": true,
   ""DesignatedRequirement"": 0,
   ""IsIdentifierExternal"": false,
   ""MatchAccountIdentifiers"": 0,
   ""MatchDomains"": 0,
   ""MatchTools"": 0,
   ""MulticastPreferenceSet"": false,
   ""NoDivertDNS"": false,
   ""Path"": 0,
   ""SigningIdentifier"": 253,
   ""TemporaryAllowMulticastNetworkName"": 0,
   ""WiFiBehavior"": 0
  },
  ""com.apple.ScriptEditor.id.image-file-processing-droplet-template"",
  {
   ""$class"": 200,
   ""AggregateEnterpriseCellularBehavior"": 0,
   ""AggregateEnterpriseWiFiBehavior"": 0,
   ""AggregatePersonalCellularBehavior"": 0,
   ""AggregatePersonalWiFiBehavior"": 0,
   ""AllowEmptyDesignatedRequirement"": true,
   ""CellularBehavior"": 0,
   ""DenyAll"": false,
   ""DenyCellularFallback"": false,
   ""DenyMulticast"": true,
   ""DesignatedRequirement"": 0,
   ""IsIdentifierExternal"": false,
   ""MatchAccountIdentifiers"": 0,
   ""MatchDomains"": 0,
   ""MatchTools"": 0,
   ""MulticastPreferenceSet"": false,
   ""NoDivertDNS"": false,
   ""Path"": 0,
   ""SigningIdentifier"": 255,
   ""TemporaryAllowMulticastNetworkName"": 0,
   ""WiFiBehavior"": 0
  },
  ""com.atlassian.trello"",
  {
   ""$class"": 200,
   ""AggregateEnterpriseCellularBehavior"": 0,
   ""AggregateEnterpriseWiFiBehavior"": 0,
   ""AggregatePersonalCellularBehavior"": 0,
   ""AggregatePersonalWiFiBehavior"": 0,
   ""AllowEmptyDesignatedRequirement"": true,
   ""CellularBehavior"": 0,
   ""DenyAll"": false,
   ""DenyCellularFallback"": false,
   ""DenyMulticast"": true,
   ""DesignatedRequirement"": 0,
   ""IsIdentifierExternal"": false,
   ""MatchAccountIdentifiers"": 0,
   ""MatchDomains"": 0,
   ""MatchTools"": 0,
   ""MulticastPreferenceSet"": false,
   ""NoDivertDNS"": false,
   ""Path"": 0,
   ""SigningIdentifier"": 257,
   ""TemporaryAllowMulticastNetworkName"": 0,
   ""WiFiBehavior"": 0
  },
  ""com.microsoft.Powerpoint"",
  {
   ""$class"": 200,
   ""AggregateEnterpriseCellularBehavior"": 0,
   ""AggregateEnterpriseWiFiBehavior"": 0,
   ""AggregatePersonalCellularBehavior"": 0,
   ""AggregatePersonalWiFiBehavior"": 0,
   ""AllowEmptyDesignatedRequirement"": true,
   ""CellularBehavior"": 0,
   ""DenyAll"": false,
   ""DenyCellularFallback"": false,
   ""DenyMulticast"": true,
   ""DesignatedRequirement"": 0,
   ""IsIdentifierExternal"": false,
   ""MatchAccountIdentifiers"": 0,
   ""MatchDomains"": 0,
   ""MatchTools"": 0,
   ""MulticastPreferenceSet"": false,
   ""NoDivertDNS"": false,
   ""Path"": 0,
   ""SigningIdentifier"": 259,
   ""TemporaryAllowMulticastNetworkName"": 0,
   ""WiFiBehavior"": 0
  },
  ""com.microsoft.Excel"",
  {
   ""$class"": 200,
   ""AggregateEnterpriseCellularBehavior"": 0,
   ""AggregateEnterpriseWiFiBehavior"": 0,
   ""AggregatePersonalCellularBehavior"": 0,
   ""AggregatePersonalWiFiBehavior"": 0,
   ""AllowEmptyDesignatedRequirement"": true,
   ""CellularBehavior"": 0,
   ""DenyAll"": false,
   ""DenyCellularFallback"": false,
   ""DenyMulticast"": true,
   ""DesignatedRequirement"": 0,
   ""IsIdentifierExternal"": false,
   ""MatchAccountIdentifiers"": 0,
   ""MatchDomains"": 0,
   ""MatchTools"": 0,
   ""MulticastPreferenceSet"": false,
   ""NoDivertDNS"": false,
   ""Path"": 0,
   ""SigningIdentifier"": 261,
   ""TemporaryAllowMulticastNetworkName"": 0,
   ""WiFiBehavior"": 0
  },
  ""com.microsoft.Word"",
  {
   ""$class"": 200,
   ""AggregateEnterpriseCellularBehavior"": 0,
   ""AggregateEnterpriseWiFiBehavior"": 0,
   ""AggregatePersonalCellularBehavior"": 0,
   ""AggregatePersonalWiFiBehavior"": 0,
   ""AllowEmptyDesignatedRequirement"": true,
   ""CellularBehavior"": 0,
   ""DenyAll"": false,
   ""DenyCellularFallback"": false,
   ""DenyMulticast"": true,
   ""DesignatedRequirement"": 0,
   ""IsIdentifierExternal"": false,
   ""MatchAccountIdentifiers"": 0,
   ""MatchDomains"": 0,
   ""MatchTools"": 0,
   ""MulticastPreferenceSet"": false,
   ""NoDivertDNS"": false,
   ""Path"": 0,
   ""SigningIdentifier"": 263,
   ""TemporaryAllowMulticastNetworkName"": 0,
   ""WiFiBehavior"": 0
  },
  ""com.goodnotesapp.x"",
  {
   ""$class"": 200,
   ""AggregateEnterpriseCellularBehavior"": 0,
   ""AggregateEnterpriseWiFiBehavior"": 0,
   ""AggregatePersonalCellularBehavior"": 0,
   ""AggregatePersonalWiFiBehavior"": 0,
   ""AllowEmptyDesignatedRequirement"": true,
   ""CellularBehavior"": 0,
   ""DenyAll"": false,
   ""DenyCellularFallback"": false,
   ""DenyMulticast"": true,
   ""DesignatedRequirement"": 0,
   ""IsIdentifierExternal"": false,
   ""MatchAccountIdentifiers"": 0,
   ""MatchDomains"": 0,
   ""MatchTools"": 0,
   ""MulticastPreferenceSet"": false,
   ""NoDivertDNS"": false,
   ""Path"": 0,
   ""SigningIdentifier"": 265,
   ""TemporaryAllowMulticastNetworkName"": 0,
   ""WiFiBehavior"": 0
  },
  ""com.microsoft.Outlook"",
  {
   ""$class"": 200,
   ""AggregateEnterpriseCellularBehavior"": 0,
   ""AggregateEnterpriseWiFiBehavior"": 0,
   ""AggregatePersonalCellularBehavior"": 0,
   ""AggregatePersonalWiFiBehavior"": 0,
   ""AllowEmptyDesignatedRequirement"": true,
   ""CellularBehavior"": 0,
   ""DenyAll"": false,
   ""DenyCellularFallback"": false,
   ""DenyMulticast"": true,
   ""DesignatedRequirement"": 0,
   ""IsIdentifierExternal"": false,
   ""MatchAccountIdentifiers"": 0,
   ""MatchDomains"": 0,
   ""MatchTools"": 0,
   ""MulticastPreferenceSet"": false,
   ""NoDivertDNS"": false,
   ""Path"": 0,
   ""SigningIdentifier"": 267,
   ""TemporaryAllowMulticastNetworkName"": 0,
   ""WiFiBehavior"": 0
  },
  ""com.dropbox.DropboxUpdater"",
  {
   ""$class"": 200,
   ""AggregateEnterpriseCellularBehavior"": 0,
   ""AggregateEnterpriseWiFiBehavior"": 0,
   ""AggregatePersonalCellularBehavior"": 0,
   ""AggregatePersonalWiFiBehavior"": 0,
   ""AllowEmptyDesignatedRequirement"": true,
   ""CellularBehavior"": 0,
   ""DenyAll"": false,
   ""DenyCellularFallback"": false,
   ""DenyMulticast"": true,
   ""DesignatedRequirement"": 0,
   ""IsIdentifierExternal"": false,
   ""MatchAccountIdentifiers"": 0,
   ""MatchDomains"": 0,
   ""MatchTools"": 0,
   ""MulticastPreferenceSet"": false,
   ""NoDivertDNS"": false,
   ""Path"": 0,
   ""SigningIdentifier"": 269,
   ""TemporaryAllowMulticastNetworkName"": 0,
   ""WiFiBehavior"": 0
  },
  ""com.dropbox.DropboxMacUpdate"",
  {
   ""$class"": 200,
   ""AggregateEnterpriseCellularBehavior"": 0,
   ""AggregateEnterpriseWiFiBehavior"": 0,
   ""AggregatePersonalCellularBehavior"": 0,
   ""AggregatePersonalWiFiBehavior"": 0,
   ""AllowEmptyDesignatedRequirement"": true,
   ""CellularBehavior"": 0,
   ""DenyAll"": false,
   ""DenyCellularFallback"": false,
   ""DenyMulticast"": true,
   ""DesignatedRequirement"": 0,
   ""IsIdentifierExternal"": false,
   ""MatchAccountIdentifiers"": 0,
   ""MatchDomains"": 0,
   ""MatchTools"": 0,
   ""MulticastPreferenceSet"": false,
   ""NoDivertDNS"": false,
   ""Path"": 0,
   ""SigningIdentifier"": 271,
   ""TemporaryAllowMulticastNetworkName"": 0,
   ""WiFiBehavior"": 0
  },
  ""com.spotify.client.installer"",
  {
   ""$class"": 200,
   ""AggregateEnterpriseCellularBehavior"": 0,
   ""AggregateEnterpriseWiFiBehavior"": 0,
   ""AggregatePersonalCellularBehavior"": 0,
   ""AggregatePersonalWiFiBehavior"": 0,
   ""AllowEmptyDesignatedRequirement"": true,
   ""CellularBehavior"": 0,
   ""DenyAll"": false,
   ""DenyCellularFallback"": false,
   ""DenyMulticast"": false,
   ""DesignatedRequirement"": 0,
   ""IsIdentifierExternal"": false,
   ""MatchAccountIdentifiers"": 0,
   ""MatchDomains"": 0,
   ""MatchTools"": 0,
   ""MulticastPreferenceSet"": true,
   ""NoDivertDNS"": false,
   ""Path"": 0,
   ""SigningIdentifier"": 273,
   ""TemporaryAllowMulticastNetworkName"": 0,
   ""WiFiBehavior"": 0
  },
  ""com.spotify.client"",
  {
   ""$class"": 200,
   ""AggregateEnterpriseCellularBehavior"": 0,
   ""AggregateEnterpriseWiFiBehavior"": 0,
   ""AggregatePersonalCellularBehavior"": 0,
   ""AggregatePersonalWiFiBehavior"": 0,
   ""AllowEmptyDesignatedRequirement"": true,
   ""CellularBehavior"": 0,
   ""DenyAll"": false,
   ""DenyCellularFallback"": false,
   ""DenyMulticast"": true,
   ""DesignatedRequirement"": 0,
   ""IsIdentifierExternal"": false,
   ""MatchAccountIdentifiers"": 0,
   ""MatchDomains"": 0,
   ""MatchTools"": 0,
   ""MulticastPreferenceSet"": false,
   ""NoDivertDNS"": false,
   ""Path"": 0,
   ""SigningIdentifier"": 275,
   ""TemporaryAllowMulticastNetworkName"": 0,
   ""WiFiBehavior"": 0
  },
  ""com.spotify.client.helper"",
  {
   ""$class"": 200,
   ""AggregateEnterpriseCellularBehavior"": 0,
   ""AggregateEnterpriseWiFiBehavior"": 0,
   ""AggregatePersonalCellularBehavior"": 0,
   ""AggregatePersonalWiFiBehavior"": 0,
   ""AllowEmptyDesignatedRequirement"": true,
   ""CellularBehavior"": 0,
   ""DenyAll"": false,
   ""DenyCellularFallback"": false,
   ""DenyMulticast"": true,
   ""DesignatedRequirement"": 0,
   ""IsIdentifierExternal"": false,
   ""MatchAccountIdentifiers"": 0,
   ""MatchDomains"": 0,
   ""MatchTools"": 0,
   ""MulticastPreferenceSet"": false,
   ""NoDivertDNS"": false,
   ""Path"": 0,
   ""SigningIdentifier"": 277,
   ""TemporaryAllowMulticastNetworkName"": 0,
   ""WiFiBehavior"": 0
  },
  ""com.spotify.client.startuphelper"",
  {
   ""$class"": 200,
   ""AggregateEnterpriseCellularBehavior"": 0,
   ""AggregateEnterpriseWiFiBehavior"": 0,
   ""AggregatePersonalCellularBehavior"": 0,
   ""AggregatePersonalWiFiBehavior"": 0,
   ""AllowEmptyDesignatedRequirement"": true,
   ""CellularBehavior"": 0,
   ""DenyAll"": false,
   ""DenyCellularFallback"": false,
   ""DenyMulticast"": true,
   ""DesignatedRequirement"": 0,
   ""IsIdentifierExternal"": false,
   ""MatchAccountIdentifiers"": 0,
   ""MatchDomains"": 0,
   ""MatchTools"": 0,
   ""MulticastPreferenceSet"": false,
   ""NoDivertDNS"": false,
   ""Path"": 0,
   ""SigningIdentifier"": 279,
   ""TemporaryAllowMulticastNetworkName"": 0,
   ""WiFiBehavior"": 0
  },
  ""com.microsoft.teams2"",
  {
   ""$class"": 200,
   ""AggregateEnterpriseCellularBehavior"": 0,
   ""AggregateEnterpriseWiFiBehavior"": 0,
   ""AggregatePersonalCellularBehavior"": 0,
   ""AggregatePersonalWiFiBehavior"": 0,
   ""AllowEmptyDesignatedRequirement"": true,
   ""CellularBehavior"": 0,
   ""DenyAll"": false,
   ""DenyCellularFallback"": false,
   ""DenyMulticast"": true,
   ""DesignatedRequirement"": 0,
   ""IsIdentifierExternal"": false,
   ""MatchAccountIdentifiers"": 0,
   ""MatchDomains"": 0,
   ""MatchTools"": 0,
   ""MulticastPreferenceSet"": false,
   ""NoDivertDNS"": false,
   ""Path"": 0,
   ""SigningIdentifier"": 281,
   ""TemporaryAllowMulticastNetworkName"": 0,
   ""WiFiBehavior"": 0
  },
  ""com.microsoft.teams2.modulehost"",
  {
   ""$class"": 200,
   ""AggregateEnterpriseCellularBehavior"": 0,
   ""AggregateEnterpriseWiFiBehavior"": 0,
   ""AggregatePersonalCellularBehavior"": 0,
   ""AggregatePersonalWiFiBehavior"": 0,
   ""AllowEmptyDesignatedRequirement"": true,
   ""CellularBehavior"": 0,
   ""DenyAll"": false,
   ""DenyCellularFallback"": false,
   ""DenyMulticast"": true,
   ""DesignatedRequirement"": 0,
   ""IsIdentifierExternal"": false,
   ""MatchAccountIdentifiers"": 0,
   ""MatchDomains"": 0,
   ""MatchTools"": 0,
   ""MulticastPreferenceSet"": false,
   ""NoDivertDNS"": false,
   ""Path"": 0,
   ""SigningIdentifier"": 283,
   ""TemporaryAllowMulticastNetworkName"": 0,
   ""WiFiBehavior"": 0
  },
  ""com.microsoft.teams2.helper"",
  {
   ""$class"": 200,
   ""AggregateEnterpriseCellularBehavior"": 0,
   ""AggregateEnterpriseWiFiBehavior"": 0,
   ""AggregatePersonalCellularBehavior"": 0,
   ""AggregatePersonalWiFiBehavior"": 0,
   ""AllowEmptyDesignatedRequirement"": true,
   ""CellularBehavior"": 0,
   ""DenyAll"": false,
   ""DenyCellularFallback"": false,
   ""DenyMulticast"": true,
   ""DesignatedRequirement"": 0,
   ""IsIdentifierExternal"": false,
   ""MatchAccountIdentifiers"": 0,
   ""MatchDomains"": 0,
   ""MatchTools"": 0,
   ""MulticastPreferenceSet"": false,
   ""NoDivertDNS"": false,
   ""Path"": 0,
   ""SigningIdentifier"": 285,
   ""TemporaryAllowMulticastNetworkName"": 0,
   ""WiFiBehavior"": 0
  },
  ""com.adobe.acrobat.AcroInstallAlert"",
  {
   ""$class"": 200,
   ""AggregateEnterpriseCellularBehavior"": 0,
   ""AggregateEnterpriseWiFiBehavior"": 0,
   ""AggregatePersonalCellularBehavior"": 0,
   ""AggregatePersonalWiFiBehavior"": 0,
   ""AllowEmptyDesignatedRequirement"": true,
   ""CellularBehavior"": 0,
   ""DenyAll"": false,
   ""DenyCellularFallback"": false,
   ""DenyMulticast"": true,
   ""DesignatedRequirement"": 0,
   ""IsIdentifierExternal"": false,
   ""MatchAccountIdentifiers"": 0,
   ""MatchDomains"": 0,
   ""MatchTools"": 0,
   ""MulticastPreferenceSet"": false,
   ""NoDivertDNS"": false,
   ""Path"": 0,
   ""SigningIdentifier"": 287,
   ""TemporaryAllowMulticastNetworkName"": 0,
   ""WiFiBehavior"": 0
  },
  ""com.adobe.acrobat.AcroAppTool"",
  {
   ""$class"": 200,
   ""AggregateEnterpriseCellularBehavior"": 0,
   ""AggregateEnterpriseWiFiBehavior"": 0,
   ""AggregatePersonalCellularBehavior"": 0,
   ""AggregatePersonalWiFiBehavior"": 0,
   ""AllowEmptyDesignatedRequirement"": true,
   ""CellularBehavior"": 0,
   ""DenyAll"": false,
   ""DenyCellularFallback"": false,
   ""DenyMulticast"": true,
   ""DesignatedRequirement"": 0,
   ""IsIdentifierExternal"": false,
   ""MatchAccountIdentifiers"": 0,
   ""MatchDomains"": 0,
   ""MatchTools"": 0,
   ""MulticastPreferenceSet"": false,
   ""NoDivertDNS"": false,
   ""Path"": 0,
   ""SigningIdentifier"": 289,
   ""TemporaryAllowMulticastNetworkName"": 0,
   ""WiFiBehavior"": 0
  },
  ""com.adobe.adobe_licutil"",
  {
   ""$class"": 200,
   ""AggregateEnterpriseCellularBehavior"": 0,
   ""AggregateEnterpriseWiFiBehavior"": 0,
   ""AggregatePersonalCellularBehavior"": 0,
   ""AggregatePersonalWiFiBehavior"": 0,
   ""AllowEmptyDesignatedRequirement"": true,
   ""CellularBehavior"": 0,
   ""DenyAll"": false,
   ""DenyCellularFallback"": false,
   ""DenyMulticast"": true,
   ""DesignatedRequirement"": 0,
   ""IsIdentifierExternal"": false,
   ""MatchAccountIdentifiers"": 0,
   ""MatchDomains"": 0,
   ""MatchTools"": 0,
   ""MulticastPreferenceSet"": false,
   ""NoDivertDNS"": false,
   ""Path"": 0,
   ""SigningIdentifier"": 291,
   ""TemporaryAllowMulticastNetworkName"": 0,
   ""WiFiBehavior"": 0
  },
  ""com.adobe.AdobeRNAWebInstaller"",
  {
   ""$class"": 200,
   ""AggregateEnterpriseCellularBehavior"": 0,
   ""AggregateEnterpriseWiFiBehavior"": 0,
   ""AggregatePersonalCellularBehavior"": 0,
   ""AggregatePersonalWiFiBehavior"": 0,
   ""AllowEmptyDesignatedRequirement"": true,
   ""CellularBehavior"": 0,
   ""DenyAll"": false,
   ""DenyCellularFallback"": false,
   ""DenyMulticast"": true,
   ""DesignatedRequirement"": 0,
   ""IsIdentifierExternal"": false,
   ""MatchAccountIdentifiers"": 0,
   ""MatchDomains"": 0,
   ""MatchTools"": 0,
   ""MulticastPreferenceSet"": false,
   ""NoDivertDNS"": false,
   ""Path"": 0,
   ""SigningIdentifier"": 293,
   ""TemporaryAllowMulticastNetworkName"": 0,
   ""WiFiBehavior"": 0
  },
  ""com.adobe.Acrobat.Pro"",
  {
   ""$class"": 200,
   ""AggregateEnterpriseCellularBehavior"": 0,
   ""AggregateEnterpriseWiFiBehavior"": 0,
   ""AggregatePersonalCellularBehavior"": 0,
   ""AggregatePersonalWiFiBehavior"": 0,
   ""AllowEmptyDesignatedRequirement"": true,
   ""CellularBehavior"": 0,
   ""DenyAll"": false,
   ""DenyCellularFallback"": false,
   ""DenyMulticast"": true,
   ""DesignatedRequirement"": 0,
   ""IsIdentifierExternal"": false,
   ""MatchAccountIdentifiers"": 0,
   ""MatchDomains"": 0,
   ""MatchTools"": 0,
   ""MulticastPreferenceSet"": false,
   ""NoDivertDNS"": false,
   ""Path"": 0,
   ""SigningIdentifier"": 295,
   ""TemporaryAllowMulticastNetworkName"": 0,
   ""WiFiBehavior"": 0
  },
  ""com.adobe.Acrobat.NativeMessagingHost"",
  {
   ""$class"": 200,
   ""AggregateEnterpriseCellularBehavior"": 0,
   ""AggregateEnterpriseWiFiBehavior"": 0,
   ""AggregatePersonalCellularBehavior"": 0,
   ""AggregatePersonalWiFiBehavior"": 0,
   ""AllowEmptyDesignatedRequirement"": true,
   ""CellularBehavior"": 0,
   ""DenyAll"": false,
   ""DenyCellularFallback"": false,
   ""DenyMulticast"": true,
   ""DesignatedRequirement"": 0,
   ""IsIdentifierExternal"": false,
   ""MatchAccountIdentifiers"": 0,
   ""MatchDomains"": 0,
   ""MatchTools"": 0,
   ""MulticastPreferenceSet"": false,
   ""NoDivertDNS"": false,
   ""Path"": 0,
   ""SigningIdentifier"": 297,
   ""TemporaryAllowMulticastNetworkName"": 0,
   ""WiFiBehavior"": 0
  },
  ""com.adobe.Acrobat.Uninstaller"",
  {
   ""$class"": 200,
   ""AggregateEnterpriseCellularBehavior"": 0,
   ""AggregateEnterpriseWiFiBehavior"": 0,
   ""AggregatePersonalCellularBehavior"": 0,
   ""AggregatePersonalWiFiBehavior"": 0,
   ""AllowEmptyDesignatedRequirement"": true,
   ""CellularBehavior"": 0,
   ""DenyAll"": false,
   ""DenyCellularFallback"": false,
   ""DenyMulticast"": true,
   ""DesignatedRequirement"": 0,
   ""IsIdentifierExternal"": false,
   ""MatchAccountIdentifiers"": 0,
   ""MatchDomains"": 0,
   ""MatchTools"": 0,
   ""MulticastPreferenceSet"": false,
   ""NoDivertDNS"": false,
   ""Path"": 0,
   ""SigningIdentifier"": 299,
   ""TemporaryAllowMulticastNetworkName"": 0,
   ""WiFiBehavior"": 0
  },
  ""com.adobe.ARMDCHelper"",
  {
   ""$class"": 200,
   ""AggregateEnterpriseCellularBehavior"": 0,
   ""AggregateEnterpriseWiFiBehavior"": 0,
   ""AggregatePersonalCellularBehavior"": 0,
   ""AggregatePersonalWiFiBehavior"": 0,
   ""AllowEmptyDesignatedRequirement"": true,
   ""CellularBehavior"": 0,
   ""DenyAll"": false,
   ""DenyCellularFallback"": false,
   ""DenyMulticast"": true,
   ""DesignatedRequirement"": 0,
   ""IsIdentifierExternal"": false,
   ""MatchAccountIdentifiers"": 0,
   ""MatchDomains"": 0,
   ""MatchTools"": 0,
   ""MulticastPreferenceSet"": false,
   ""NoDivertDNS"": false,
   ""Path"": 0,
   ""SigningIdentifier"": 301,
   ""TemporaryAllowMulticastNetworkName"": 0,
   ""WiFiBehavior"": 0
  },
  ""com.adobe.AdobeResourceSynchronizer"",
  {
   ""$class"": 200,
   ""AggregateEnterpriseCellularBehavior"": 0,
   ""AggregateEnterpriseWiFiBehavior"": 0,
   ""AggregatePersonalCellularBehavior"": 0,
   ""AggregatePersonalWiFiBehavior"": 0,
   ""AllowEmptyDesignatedRequirement"": true,
   ""CellularBehavior"": 0,
   ""DenyAll"": false,
   ""DenyCellularFallback"": false,
   ""DenyMulticast"": true,
   ""DesignatedRequirement"": 0,
   ""IsIdentifierExternal"": false,
   ""MatchAccountIdentifiers"": 0,
   ""MatchDomains"": 0,
   ""MatchTools"": 0,
   ""MulticastPreferenceSet"": false,
   ""NoDivertDNS"": false,
   ""Path"": 0,
   ""SigningIdentifier"": 303,
   ""TemporaryAllowMulticastNetworkName"": 0,
   ""WiFiBehavior"": 0
  },
  ""com.adobe.AdobeAcroCEF"",
  {
   ""$class"": 200,
   ""AggregateEnterpriseCellularBehavior"": 0,
   ""AggregateEnterpriseWiFiBehavior"": 0,
   ""AggregatePersonalCellularBehavior"": 0,
   ""AggregatePersonalWiFiBehavior"": 0,
   ""AllowEmptyDesignatedRequirement"": true,
   ""CellularBehavior"": 0,
   ""DenyAll"": false,
   ""DenyCellularFallback"": false,
   ""DenyMulticast"": true,
   ""DesignatedRequirement"": 0,
   ""IsIdentifierExternal"": false,
   ""MatchAccountIdentifiers"": 0,
   ""MatchDomains"": 0,
   ""MatchTools"": 0,
   ""MulticastPreferenceSet"": false,
   ""NoDivertDNS"": false,
   ""Path"": 0,
   ""SigningIdentifier"": 305,
   ""TemporaryAllowMulticastNetworkName"": 0,
   ""WiFiBehavior"": 0
  },
  ""com.adobe.AdobeAcroCEFHelperGPU"",
  {
   ""$class"": 200,
   ""AggregateEnterpriseCellularBehavior"": 0,
   ""AggregateEnterpriseWiFiBehavior"": 0,
   ""AggregatePersonalCellularBehavior"": 0,
   ""AggregatePersonalWiFiBehavior"": 0,
   ""AllowEmptyDesignatedRequirement"": true,
   ""CellularBehavior"": 0,
   ""DenyAll"": false,
   ""DenyCellularFallback"": false,
   ""DenyMulticast"": true,
   ""DesignatedRequirement"": 0,
   ""IsIdentifierExternal"": false,
   ""MatchAccountIdentifiers"": 0,
   ""MatchDomains"": 0,
   ""MatchTools"": 0,
   ""MulticastPreferenceSet"": false,
   ""NoDivertDNS"": false,
   ""Path"": 0,
   ""SigningIdentifier"": 307,
   ""TemporaryAllowMulticastNetworkName"": 0,
   ""WiFiBehavior"": 0
  },
  ""com.adobe.AdobeCRDaemon"",
  {
   ""$class"": 200,
   ""AggregateEnterpriseCellularBehavior"": 0,
   ""AggregateEnterpriseWiFiBehavior"": 0,
   ""AggregatePersonalCellularBehavior"": 0,
   ""AggregatePersonalWiFiBehavior"": 0,
   ""AllowEmptyDesignatedRequirement"": true,
   ""CellularBehavior"": 0,
   ""DenyAll"": false,
   ""DenyCellularFallback"": false,
   ""DenyMulticast"": true,
   ""DesignatedRequirement"": 0,
   ""IsIdentifierExternal"": false,
   ""MatchAccountIdentifiers"": 0,
   ""MatchDomains"": 0,
   ""MatchTools"": 0,
   ""MulticastPreferenceSet"": false,
   ""NoDivertDNS"": false,
   ""Path"": 0,
   ""SigningIdentifier"": 309,
   ""TemporaryAllowMulticastNetworkName"": 0,
   ""WiFiBehavior"": 0
  },
  ""com.adobe.ARMDC"",
  {
   ""$class"": 200,
   ""AggregateEnterpriseCellularBehavior"": 0,
   ""AggregateEnterpriseWiFiBehavior"": 0,
   ""AggregatePersonalCellularBehavior"": 0,
   ""AggregatePersonalWiFiBehavior"": 0,
   ""AllowEmptyDesignatedRequirement"": true,
   ""CellularBehavior"": 0,
   ""DenyAll"": false,
   ""DenyCellularFallback"": false,
   ""DenyMulticast"": true,
   ""DesignatedRequirement"": 0,
   ""IsIdentifierExternal"": false,
   ""MatchAccountIdentifiers"": 0,
   ""MatchDomains"": 0,
   ""MatchTools"": 0,
   ""MulticastPreferenceSet"": false,
   ""NoDivertDNS"": false,
   ""Path"": 0,
   ""SigningIdentifier"": 311,
   ""TemporaryAllowMulticastNetworkName"": 0,
   ""WiFiBehavior"": 0
  },
  ""io.tailscale.ipn.macsys"",
  {
   ""$class"": 200,
   ""AggregateEnterpriseCellularBehavior"": 0,
   ""AggregateEnterpriseWiFiBehavior"": 0,
   ""AggregatePersonalCellularBehavior"": 0,
   ""AggregatePersonalWiFiBehavior"": 0,
   ""AllowEmptyDesignatedRequirement"": true,
   ""CellularBehavior"": 0,
   ""DenyAll"": false,
   ""DenyCellularFallback"": false,
   ""DenyMulticast"": true,
   ""DesignatedRequirement"": 0,
   ""IsIdentifierExternal"": false,
   ""MatchAccountIdentifiers"": 0,
   ""MatchDomains"": 0,
   ""MatchTools"": 0,
   ""MulticastPreferenceSet"": false,
   ""NoDivertDNS"": false,
   ""Path"": 0,
   ""SigningIdentifier"": 313,
   ""TemporaryAllowMulticastNetworkName"": 0,
   ""WiFiBehavior"": 0
  },
  ""org.sparkle-project.Sparkle.Updater"",
  {
   ""$class"": 200,
   ""AggregateEnterpriseCellularBehavior"": 0,
   ""AggregateEnterpriseWiFiBehavior"": 0,
   ""AggregatePersonalCellularBehavior"": 0,
   ""AggregatePersonalWiFiBehavior"": 0,
   ""AllowEmptyDesignatedRequirement"": true,
   ""CellularBehavior"": 0,
   ""DenyAll"": false,
   ""DenyCellularFallback"": false,
   ""DenyMulticast"": true,
   ""DesignatedRequirement"": 0,
   ""IsIdentifierExternal"": false,
   ""MatchAccountIdentifiers"": 0,
   ""MatchDomains"": 0,
   ""MatchTools"": 0,
   ""MulticastPreferenceSet"": false,
   ""NoDivertDNS"": false,
   ""Path"": 0,
   ""SigningIdentifier"": 315,
   ""TemporaryAllowMulticastNetworkName"": 0,
   ""WiFiBehavior"": 0
  },
  ""io.tailscale.ipn.macsys.login-item-helper"",
  {
   ""$class"": 200,
   ""AggregateEnterpriseCellularBehavior"": 0,
   ""AggregateEnterpriseWiFiBehavior"": 0,
   ""AggregatePersonalCellularBehavior"": 0,
   ""AggregatePersonalWiFiBehavior"": 0,
   ""AllowEmptyDesignatedRequirement"": true,
   ""CellularBehavior"": 0,
   ""DenyAll"": false,
   ""DenyCellularFallback"": false,
   ""DenyMulticast"": true,
   ""DesignatedRequirement"": 0,
   ""IsIdentifierExternal"": false,
   ""MatchAccountIdentifiers"": 0,
   ""MatchDomains"": 0,
   ""MatchTools"": 0,
   ""MulticastPreferenceSet"": false,
   ""NoDivertDNS"": false,
   ""Path"": 0,
   ""SigningIdentifier"": 317,
   ""TemporaryAllowMulticastNetworkName"": 0,
   ""WiFiBehavior"": 0
  },
  ""org.torproject.plugincontainer"",
  {
   ""$class"": 200,
   ""AggregateEnterpriseCellularBehavior"": 0,
   ""AggregateEnterpriseWiFiBehavior"": 0,
   ""AggregatePersonalCellularBehavior"": 0,
   ""AggregatePersonalWiFiBehavior"": 0,
   ""AllowEmptyDesignatedRequirement"": true,
   ""CellularBehavior"": 0,
   ""DenyAll"": false,
   ""DenyCellularFallback"": false,
   ""DenyMulticast"": true,
   ""DesignatedRequirement"": 0,
   ""IsIdentifierExternal"": false,
   ""MatchAccountIdentifiers"": 0,
   ""MatchDomains"": 0,
   ""MatchTools"": 0,
   ""MulticastPreferenceSet"": false,
   ""NoDivertDNS"": false,
   ""Path"": 0,
   ""SigningIdentifier"": 319,
   ""TemporaryAllowMulticastNetworkName"": 0,
   ""WiFiBehavior"": 0
  },
  ""com.adobe.headlights.LogTransport2App"",
  {
   ""$class"": 200,
   ""AggregateEnterpriseCellularBehavior"": 0,
   ""AggregateEnterpriseWiFiBehavior"": 0,
   ""AggregatePersonalCellularBehavior"": 0,
   ""AggregatePersonalWiFiBehavior"": 0,
   ""AllowEmptyDesignatedRequirement"": true,
   ""CellularBehavior"": 0,
   ""DenyAll"": false,
   ""DenyCellularFallback"": false,
   ""DenyMulticast"": true,
   ""DesignatedRequirement"": 0,
   ""IsIdentifierExternal"": false,
   ""MatchAccountIdentifiers"": 0,
   ""MatchDomains"": 0,
   ""MatchTools"": 0,
   ""MulticastPreferenceSet"": false,
   ""NoDivertDNS"": false,
   ""Path"": 0,
   ""SigningIdentifier"": 321,
   ""TemporaryAllowMulticastNetworkName"": 0,
   ""WiFiBehavior"": 0
  },
  ""org.python.python"",
  {
   ""$classes"": [
    ""NEPathController"",
    ""NSObject""
   ],
   ""$classname"": ""NEPathController""
  },
  {
   ""$class"": 69,
   ""NS.keys"": [
    324,
    325,
    326
   ],
   ""NS.objects"": [
    327,
    337,
    360
   ]
  },
  ""UserMap"",
  ""ConfigurationProperties"",
  ""AppGroupMap"",
  {
   ""$class"": 69,
   ""NS.keys"": [
    328,
    329
   ],
   ""NS.objects"": [
    330,
    335
   ]
  },
  {
   ""$class"": 3,
   ""NS.uuidbytes"": ""AAAAAAAAAAAAAAAAAAAAAA==""
  },
  {
   ""$class"": 3,
   ""NS.uuidbytes"": ""MBc7wZ9SR/O2Nm/sLFrT0g==""
  },
  {
   ""$class"": 123,
   ""NS.objects"": [
    331,
    332,
    333,
    334
   ]
  },
  {
   ""$class"": 3,
   ""NS.uuidbytes"": ""Xb/jscIPSo2u5tOzh5h6Iw==""
  },
  {
   ""$class"": 3,
   ""NS.uuidbytes"": ""RQX7EmcKSp2kf/ZFLmBrVw==""
  },
  {
   ""$class"": 3,
   ""NS.uuidbytes"": ""/RpdLTzERhK7p40eJ9LxtA==""
  },
  {
   ""$class"": 3,
   ""NS.uuidbytes"": ""mdYmM8zkRs+dk21RJ9LJtQ==""
  },
  {
   ""$class"": 123,
   ""NS.objects"": [
    194,
    336
   ]
  },
  {
   ""$class"": 3,
   ""NS.uuidbytes"": ""DvIZj7MqTxqLooWA/H+gkg==""
  },
  {
   ""$class"": 69,
   ""NS.keys"": [
    332,
    331,
    194,
    336,
    334,
    333
   ],
   ""NS.objects"": [
    338,
    343,
    347,
    350,
    353,
    357
   ]
  },
  {
   ""$class"": 69,
   ""NS.keys"": [
    339,
    340,
    341
   ],
   ""NS.objects"": [
    14,
    4,
    342
   ]
  },
  ""PluginType"",
  ""ApplicationID"",
  ""Signature"",
  ""JETgwOZG1bw0ZH2AXgIvEmgy6sU="",
  {
   ""$class"": 69,
   ""NS.keys"": [
    344,
    345,
    341
   ],
   ""NS.objects"": [
    124,
    41,
    346
   ]
  },
  ""PluginType"",
  ""ApplicationID"",
  ""txbeLVDAcWAeNZp6r/qNMPC8J5I="",
  {
   ""$class"": 69,
   ""NS.keys"": [
    348
   ],
   ""NS.objects"": [
    349
   ]
  },
  ""Signature"",
  ""0i+XH0GLP7OOF3q/S505pqf8lBw="",
  {
   ""$class"": 69,
   ""NS.keys"": [
    351,
    341
   ],
   ""NS.objects"": [
    133,
    352
   ]
  },
  ""ApplicationID"",
  ""/Osj5ZXW1vSjiJ2Qkuuc8nQ02tM="",
  {
   ""$class"": 69,
   ""NS.keys"": [
    354,
    355,
    341
   ],
   ""NS.objects"": [
    165,
    157,
    356
   ]
  },
  ""PluginType"",
  ""ApplicationID"",
  ""OPVY+0td/YKlW6sGAINv5XYM+Ew="",
  {
   ""$class"": 69,
   ""NS.keys"": [
    358,
    351,
    341
   ],
   ""NS.objects"": [
    178,
    133,
    359
   ]
  },
  ""PluginType"",
  ""jODvQcb92V7peWetFja2BaZtnrU="",
  {
   ""$class"": 31,
   ""NS.keys"": [
    361,
    362,
    363
   ],
   ""NS.objects"": [
    364,
    157,
    157
   ]
  },
  ""YHUG37CKN8.com.surfshark.vpn.direct"",
  ""group.W5364U7YZB.io.tailscale.shared"",
  ""W5364U7YZB.io.tailscale.ipn.macsys"",
  ""com.surfshark.vpnclient.macos.direct"",
  {
   ""$class"": 366,
   ""NS.data"": ""EQAAAQAAAAAa5UACAAAAAKc3pGoAAAAAlyaIOwAAAABxPAAAAAAAAA==""
  },
  {
   ""$classes"": [
    ""NSMutableData"",
    ""NSData"",
    ""NSObject""
   ],
   ""$classname"": ""NSMutableData""
  }
 ],
 ""$top"": {
  ""0EF2198F-B32A-4F1A-8BA2-8580FC7FA092"": 131,
  ""4505FB12-670A-4A9D-A47F-F6452E606B57"": 1,
  ""5DBFE3B1-C20F-4A8D-AEE6-D3B387987A23"": 39,
  ""99D62633-CCE4-46CF-9D93-6D5127D2C9B5"": 155,
  ""AD97ED42-D27B-4846-9C9A-CCD53AA93B17"": 193,
  ""FD1A5D2D-3CC4-4612-BBA7-8D1E27D2F1B4"": 169,
  ""Generation"": 1216,
  ""Index"": 323,
  ""SCPreferencesSignature2"": 365,
  ""Version"": 1
 },
 ""$version"": 100000
}",
/Library/Preferences/com.apple.networkextension.uuidcache.plist,2026-09-14T05:02:00.458049636Z,"{
 ""boot-uuid"": ""dyITbWfcRvi2RQR74u0QHg=="",
 ""os-version"": ""25G83"",
 ""synthesized-uuid-mappings"": {},
 ""uuid-mappings"": {
  ""PathRuleDefaultNonSystemIdentifier"": [],
  ""com.adobe.ARMDC"": [],
  ""com.adobe.ARMDCHelper"": [
   ""AKSvZ1fnOWO0Q3O0kJsY+A=="",
   ""p908dl+tNLaxw7izwhTEfw==""
  ],
  ""com.adobe.Acrobat.NativeMessagingHost"": [
   ""oUUXW4Q4OuCcuWFRF0XNdA=="",
   ""CRrkgvrAMi6uzfR3YQRPOg==""
  ],
  ""com.adobe.Acrobat.Pro"": [
   ""2Ant2fIgNfSZgRODbJZM/Q=="",
   ""a6dkPlwFPuqV1iDm42vB+A==""
  ],
  ""com.adobe.Acrobat.Uninstaller"": [],
  ""com.adobe.AdobeAcroCEF"": [
   ""KQ5YvzZpMaeEU5ue0gTqZg=="",
   ""YNtaWr7zMm+caPhkg9yzuA==""
  ],
  ""com.adobe.AdobeAcroCEFHelperGPU"": [
   ""OM5VU4CNPKyGjr9JQ1tdxw=="",
   ""EAY4ptASPoOWVML4pz9efg==""
  ],
  ""com.adobe.AdobeCRDaemon"": [
   ""7EbmDuGJM4qiAHzr8CZKkg=="",
   ""d6v8hUasNjuhtlzK3M+ejg==""
  ],
  ""com.adobe.AdobeRNAWebInstaller"": [],
  ""com.adobe.AdobeResourceSynchronizer"": [
   ""zeNWD4VqOLiYlZ080mWKTA=="",
   ""j/JvMcApN9ak87+QyL4Yaw==""
  ],
  ""com.adobe.acrobat.AcroAppTool"": [],
  ""com.adobe.acrobat.AcroInstallAlert"": [],
  ""com.adobe.adobe_licutil"": [],
  ""com.adobe.headlights.LogTransport2App"": [],
  ""com.anthropic.claudefordesktop"": [
   ""TExEKFVVMUShUnTKvGKzuQ=="",
   ""TExEx1VVMUShqh24n5jMJg==""
  ],
  ""com.anthropic.claudefordesktop.helper"": [
   ""TExEiFVVMUShr7cB+9r5NQ=="",
   ""TExEclVVMUShlx4T1/DwqQ==""
  ],
  ""com.apple.AppStore"": [
   ""D6Ze5aNGNqKoLS7RxeewEw=="",
   ""1k27qTnvN7SLB6wDuwonaA==""
  ],
  ""com.apple.AssistantServices"": [],
  ""com.apple.BlackPowderInferenceExtension"": [
   ""HxCVUVaJME+XC9AEGiTPmA=="",
   ""aA4M0jNoP+CDY2KXgOlgTA==""
  ],
  ""com.apple.CloudDocs-metadata"": [],
  ""com.apple.CloudTelemetryService.xpc"": [],
  ""com.apple.CompressorApp"": [],
  ""com.apple.ExternalLanguageModelInferenceExtension"": [],
  ""com.apple.FaceTime"": [
   ""oo+0yoEoNie/zRUNoV+vKQ=="",
   ""mDMQH7ASMzq60HyKExr30Q=="",
   ""Tqf7cCl9NTCvk49Imr8n/g=="",
   ""vUu57ie0NzSv8LnOC9Sixw==""
  ],
  ""com.apple.FinalCutApp"": [],
  ""com.apple.GenerativePlaygroundApp"": [
   ""vPRrkdKcPueo/YVq89dd3A=="",
   ""9N+OOaUwPSS9ccxYB4rQOA=="",
   ""dCLF0c1NOp6D0x1MDEMjrA==""
  ],
  ""com.apple.Internet-Accounts-Settings.extension"": [
   ""cFkNTqBHPM2OZXCb+rbeRA=="",
   ""H8hE3O9aOqyHwB+Kq3mwlQ==""
  ],
  ""com.apple.Keynote"": [],
  ""com.apple.MainStageApp"": [],
  ""com.apple.Maps"": [
   ""+8wxwL62Npqy92XIFbc3tg=="",
   ""8iERkH/IMN2jcB5JhirExA=="",
   ""53e3y7TnP1qRkCpojOez2g=="",
   ""bC1kQ4NKMvOvroBIX4YTlQ==""
  ],
  ""com.apple.Memoji"": [],
  ""com.apple.MobileAccessoryUpdater"": [],
  ""com.apple.MobileAsset.DownloadService.Builtin"": [],
  ""com.apple.Music"": [
   ""hYrmkXaBOBmPUHqGJ8C5aQ=="",
   ""ZXuagjoBMxyIhWe2QLDW/Q=="",
   ""3hr87Dw/PsGZ/Qd6H93l0A=="",
   ""WGWvqPqoPO2aONzSMjvGiQ=="",
   ""5dKP+1rqMce/l1H+Hak+OA=="",
   ""kKBkcC+/OGGic2WuH9/Uog==""
  ],
  ""com.apple.Notes"": [
   ""MCwZncaIOu2p/95I77H7KA=="",
   ""6a8bMSMrNuamrI79+kcgIw=="",
   ""+hXf+IopP0i2lLkLbUn7fw=="",
   ""ZNOZQ2yXOSWDUFf6nY1/+w=="",
   ""Cbkra5WHMt+uiVcy9fqZEg=="",
   ""2vGELIZUPcu4ZLyngRFIFA=="",
   ""DSXNpl/mNfWBrDECJCltWQ=="",
   ""9iNS9iuiPiWEzmyxHonRlA=="",
   ""RMijCi/gMgycuoTxj4+OJw=="",
   ""NNBV7KMVMlObXjVgbRpj8A=="",
   ""CGN5RNVYMTiaYH2w3V070A=="",
   ""IIdisC3uMXms7a4LPHtc2w==""
  ],
  ""com.apple.Notes.IntentsExtension"": [
   ""+hXf+IopP0i2lLkLbUn7fw=="",
   ""ZNOZQ2yXOSWDUFf6nY1/+w==""
  ],
  ""com.apple.Numbers"": [],
  ""com.apple.Pages"": [],
  ""com.apple.Passbook"": [],
  ""com.apple.Photos"": [
   ""2hdZZAP3O36hAdEkmv8x6g=="",
   ""g1eb4NsRMFy1AovHOeT3wQ=="",
   ""rzHMETd9OZSy0Kn4Lsc0lQ=="",
   ""zZ4NOpQRP7KzobHKMR0W3w=="",
   ""ur47cB63PFWyH5oP5NQ+9A=="",
   ""cfoBob8SP3mi3HVesR51wA=="",
   ""HiaCEw5ONI2i1bnFN++VQQ=="",
   ""JlmaLr6OMn2SzgoIQZKpRA=="",
   ""0xOrqE8iP/aaLx2sXSKDpA=="",
   ""+Ql5TClZPE+MmgPHh4JskA==""
  ],
  ""com.apple.Safari"": [
   ""3JWaA3l8PieWCEnp8PYaFw=="",
   ""EyZXXph3OA+azamz0Tq5EA=="",
   ""m6wUX2xeOTOR9ZjtaHXQAg=="",
   ""+ym7eSwnNRy5ugxEKG8w9w=="",
   ""FL+9qhggM/C4/rIKRhbWCg=="",
   ""may17vJeOES+pOKmKxawKg=="",
   ""OaF0rsz4MbiNNvFdiXilTw=="",
   ""nOU8Vb7ZORizQXG9g2vOng=="",
   ""8mSkXp7RMgq5LtUBCQUVYw=="",
   ""DSGHI4lYO7O+AkqBwbE7Kw=="",
   ""iKw4ykDmNESJVaGBBNEBUg=="",
   ""pGUqUW3PO0uZgnkDqTsRsQ==""
  ],
  ""com.apple.ScreenTimeSettingsAgent"": [],
  ""com.apple.ScreenshotServicesService"": [],
  ""com.apple.ScriptEditor.id.droplet-with-settable-properties-template"": [],
  ""com.apple.ScriptEditor.id.file-processing-droplet-template"": [],
  ""com.apple.ScriptEditor.id.image-file-processing-droplet-template"": [],
  ""com.apple.Starshot"": [],
  ""com.apple.Starshot.dev"": [],
  ""com.apple.StatusKitAgent"": [
   ""jj6hbT5kMJm+lLIrLsHSyA=="",
   ""JBXb55FnN7GA79n10xY/Xg==""
  ],
  ""com.apple.Translate"": [],
  ""com.apple.TransporterApp"": [],
  ""com.apple.UsageTrackingAgent"": [],
  ""com.apple.VisualIntelligenceCamera"": [],
  ""com.apple.XProtectFramework.UpdateService"": [],
  ""com.apple.accessibility.AccessibilityUIServer"": [],
  ""com.apple.accessibility.heard"": [],
  ""com.apple.amsaccountsd"": [],
  ""com.apple.amsengagementd"": [],
  ""com.apple.ap.promotedcontentd"": [],
  ""com.apple.appleaccountd"": [
   ""ahvkbV+eMEadWCcZeZp7zg=="",
   ""eVyUVrSMOx6cxPF6fm/1TA==""
  ],
  ""com.apple.appstoreagent"": [],
  ""com.apple.appstorecomponentsd"": [],
  ""com.apple.assistant.assistantd"": [],
  ""com.apple.biomesyncd"": [
   ""VUd+0MVTOKeNTYQZBzWDsg=="",
   ""jUrBJ5OJN6CV7UwcMGgFaw==""
  ],
  ""com.apple.bird"": [],
  ""com.apple.bluetoothuserd"": [
   ""ktn1WIB7PquclDNwGGoDUA=="",
   ""iG1DaM88MXqDdjd4ZwQGuw==""
  ],
  ""com.apple.businessservicesd"": [],
  ""com.apple.camera"": [],
  ""com.apple.cloudd"": [
   ""q8m8ALnYPOirGfBAFAlYHA=="",
   ""se99iF3bMZCoee7livHYFw==""
  ],
  ""com.apple.cloudpaird"": [],
  ""com.apple.contacts.postersyncd"": [],
  ""com.apple.contentdelivery.vbtx"": [],
  ""com.apple.corerecents.recentsd"": [],
  ""com.apple.datausage.airdrop"": [
   ""nOi1AZDnRW6VK0k37SnHvQ==""
  ],
  ""com.apple.datausage.telephony.rcs.private"": [
   ""1a465F0AQ/a8JbREHeNyuQ==""
  ],
  ""com.apple.donotdisturbd"": [],
  ""com.apple.external.searchpartner"": [],
  ""com.apple.facetime.debug"": [],
  ""com.apple.findmy.findmylocateagent"": [],
  ""com.apple.freeform"": [
   ""Wz+hCWfAOPe7Gak+TDxVPA=="",
   ""Ldu7KVsQOFCnet2T96yHhw=="",
   ""PI6ctSq4O9uc1BxsgU/ihQ=="",
   ""2XxzTX+KPiO2w+drWt0/+w=="",
   ""feMyP426MiCfjNJ9lGQtkA=="",
   ""Od5XhMoLO6y11rA4GJWDkQ==""
  ],
  ""com.apple.geoanalyticsd"": [],
  ""com.apple.helpviewer"": [
   ""dWK/t+ggOEe7/Xh96yCcuw=="",
   ""J2IcTp0zOCm5bLmgVRD06A=="",
   ""KdKuChkiN6ewLY+R9o2Qfw=="",
   ""UZMWBtMxMDy3PpiOX1S87Q=="",
   ""XzISp5WKPsS1+GImYhPmeg=="",
   ""Ik0pLyqsNvi45NABQbgx5w==""
  ],
  ""com.apple.homeenergyd"": [],
  ""com.apple.iCal"": [
   ""oFRgXhqiMcWlU7s8sE7ugQ=="",
   ""G0k9NHRrMoCSUgOs5HAs6g=="",
   ""oYRqHwSsMPuzPApHrHANEg=="",
   ""3Cwwj/9rNyK1ljMwtoaKLQ=="",
   ""g94ELVlpO/iXyLk84HbB5w=="",
   ""Rqt7+stzM065Z6L0mI9Fow=="",
   ""aUJIF7olMNuD8rDeLso5nw=="",
   ""FvT+ZiaIORWP0RZC8i1x8Q=="",
   ""C132jX+mN8iY27+vPCSdNQ=="",
   ""G7bLDbVROsSzgOPLabv7cA==""
  ],
  ""com.apple.iWork.AppsGenDemo"": [],
  ""com.apple.iWork.Numbers"": [
   ""j5iCsa4dO7yPPWORpIHEiA=="",
   ""CpUH61bmNCu6uUO+NaB+dw=="",
   ""kmo0LIvJNGKsFL0tTHWZCw=="",
   ""egD0buFYMRi4k7Js/nLuCg==""
  ],
  ""com.apple.icloud.searchpartyuseragent"": [
   ""iZB00FlpPhWrn5YsoDfifA=="",
   ""USrK2/MsO8+cHVih6A8Ebg==""
  ],
  ""com.apple.identityservicesd"": [
   ""goCKyMPzMzKkFlT81ztkCQ=="",
   ""WYVvoazUO9WWDHFwIyxalQ==""
  ],
  ""com.apple.imagent"": [
   ""xocoKXysPSOoNrFLcL4vBA=="",
   ""FkpNuqwEN4yuknLX0Y80bg=="",
   ""xocoKXysPSOoNrFLcL4vBA=="",
   ""FkpNuqwEN4yuknLX0Y80bg==""
  ],
  ""com.apple.keyboardservicesd"": [
   ""/HKBsu1lMCCprJ6kX4q8hA=="",
   ""vE609TP1Pg+WAhlb2e5SQQ==""
  ],
  ""com.apple.knowledge-agent"": [
   ""gOe3NOqrPySMHPrWaAQ3Gg=="",
   ""9G5jHMQWM824yQjA02V7/w==""
  ],
  ""com.apple.looks"": [],
  ""com.apple.looks.dev"": [],
  ""com.apple.mail"": [
   ""4trrJ4pLOwaJyZVDiI6yIw=="",
   ""ost4BBJXOBytq8K/CUpMKA=="",
   ""iRdccMl9N1WINmytVkZ2IA=="",
   ""b8jmCmv2O3al2W8R7jWI6Q=="",
   ""M2hsvqFtPn+B+Sn/mK7hSw=="",
   ""AqHGpXPsMKuDiginpAIQeQ=="",
   ""XNfTnuqHM2CWpVMoxJgoOA=="",
   ""Dy8jSkXZO/SefnDVMhHf2w=="",
   ""1SrVvTeMOmWz+CSAWK/NFw=="",
   ""QITzPlC8PjylSEEBICsACA=="",
   ""J966sJ8rPcmyhgg19/wh0w=="",
   ""3L2c4XbxM+WfiZQMna5+gQ=="",
   ""f/JwnlBFMlOI79Bm5FO90Q=="",
   ""cSCRYobANtOVwau401vfog==""
  ],
  ""com.apple.mediaanalysisd"": [
   ""Uy53H/juN0GLmv8+r99u/A=="",
   ""J7EpD8K/OWKjjEHDL8Sgew==""
  ],
  ""com.apple.mlhost.CloudWorker"": [
   ""rDf8XJq8OkKVYhtoV5Rqdw=="",
   ""In13hztIOw+xE27OlXXZ4A==""
  ],
  ""com.apple.mobileassetd.client.audioanalyticsd"": [],
  ""com.apple.mobileassetd.client.com.apple.CallHistorySyncHelper"": [],
  ""com.apple.mobileassetd.client.com.apple.CoreSpeech"": [],
  ""com.apple.mobileassetd.client.com.apple.DeviceCheckInternal"": [],
  ""com.apple.mobileassetd.client.com.apple.DictionaryServiceHelper"": [],
  ""com.apple.mobileassetd.client.com.apple.FaceTime"": [],
  ""com.apple.mobileassetd.client.com.apple.MobileAsset.UAF.FM.Overrides"": [],
  ""com.apple.mobileassetd.client.com.apple.MobileAsset.UAF.FM.Visual"": [],
  ""com.apple.mobileassetd.client.com.apple.MobileAsset.UAF.Handwriting.Synthesis"": [],
  ""com.apple.mobileassetd.client.com.apple.MobileAsset.UAF.Shortcuts.Generator"": [],
  ""com.apple.mobileassetd.client.com.apple.MobileAsset.UAF.Translation.MMAssets"": [],
  ""com.apple.mobileassetd.client.com.apple.Photos"": [],
  ""com.apple.mobileassetd.client.com.apple.Safari"": [],
  ""com.apple.mobileassetd.client.com.apple.TKModelMessages"": [],
  ""com.apple.mobileassetd.client.com.apple.TelephonyUtilities"": [],
  ""com.apple.mobileassetd.client.com.apple.accessibility.axassetsd"": [],
  ""com.apple.mobileassetd.client.com.apple.audiomxd"": [],
  ""com.apple.mobileassetd.client.com.apple.duetexpertd"": [],
  ""com.apple.mobileassetd.client.com.apple.gamecontroller.ConfigService"": [],
  ""com.apple.mobileassetd.client.com.apple.gamepolicyd"": [],
  ""com.apple.mobileassetd.client.com.apple.geoanalyticsd"": [],
  ""com.apple.mobileassetd.client.com.apple.homed"": [],
  ""com.apple.mobileassetd.client.com.apple.if.planner"": [],
  ""com.apple.mobileassetd.client.com.apple.if.planner.overrides"": [],
  ""com.apple.mobileassetd.client.com.apple.keyboardservicesd"": [],
  ""com.apple.mobileassetd.client.com.apple.languageassetd"": [],
  ""com.apple.mobileassetd.client.com.apple.mediaanalysisd"": [],
  ""com.apple.mobileassetd.client.com.apple.mobileassetd"": [],
  ""com.apple.mobileassetd.client.com.apple.mobilephone"": [],
  ""com.apple.mobileassetd.client.com.apple.modelcatalog"": [],
  ""com.apple.mobileassetd.client.com.apple.nehelper"": [],
  ""com.apple.mobileassetd.client.com.apple.photoanalysisd"": [],
  ""com.apple.mobileassetd.client.com.apple.proactiveeventtrackerd"": [],
  ""com.apple.mobileassetd.client.com.apple.sequoia.asset"": [],
  ""com.apple.mobileassetd.client.com.apple.siri.answer_synthesis"": [],
  ""com.apple.mobileassetd.client.com.apple.siri.asr.hammer"": [],
  ""com.apple.mobileassetd.client.com.apple.siri.context.service"": [],
  ""com.apple.mobileassetd.client.com.apple.siri.dialog"": [],
  ""com.apple.mobileassetd.client.com.apple.siri.findmy"": [],
  ""com.apple.mobileassetd.client.com.apple.siri.tts"": [],
  ""com.apple.mobileassetd.client.com.apple.siri.uaf.platform"": [],
  ""com.apple.mobileassetd.client.com.apple.siri.understanding"": [],
  ""com.apple.mobileassetd.client.com.apple.siri.understanding.nl.overrides"": [],
  ""com.apple.mobileassetd.client.com.apple.siriinferenced"": [],
  ""com.apple.mobileassetd.client.com.apple.speech.automaticspeechrecognition"": [],
  ""com.apple.mobileassetd.client.com.apple.suggestd"": [],
  ""com.apple.mobileassetd.client.com.apple.summarizationkit"": [],
  ""com.apple.mobileassetd.client.com.apple.translationd"": [],
  ""com.apple.mobileassetd.client.com.apple.trustd"": [],
  ""com.apple.mobileassetd.client.corekdld"": [],
  ""com.apple.mobileassetd.client.corespotlightd"": [],
  ""com.apple.mobileassetd.client.lskdd"": [],
  ""com.apple.mobileassetd.client.softwareupdated"": [],
  ""com.apple.mobileassetd.client.type:com.apple.MobileAsset.IntelligentRouting|specifier:IntelligentRoutingSettingsAsset(any version)"": [],
  ""com.apple.mobileassetd.client.type:com.apple.MobileAsset.LinguisticDataAuto|specifier:Priority_(null)(any version)"": [],
  ""com.apple.mobileassetd.client.type:com.apple.MobileAsset.LinguisticDataAuto|specifier:Priority_cs(any version)"": [],
  ""com.apple.mobileassetd.client.type:com.apple.MobileAsset.LinguisticDataAuto|specifier:Priority_da(any version)"": [],
  ""com.apple.mobileassetd.client.type:com.apple.MobileAsset.LinguisticDataAuto|specifier:Priority_de(any version)"": [],
  ""com.apple.mobileassetd.client.type:com.apple.MobileAsset.LinguisticDataAuto|specifier:Priority_emoji(any version)"": [],
  ""com.apple.mobileassetd.client.type:com.apple.MobileAsset.LinguisticDataAuto|specifier:Priority_en(any version)"": [],
  ""com.apple.mobileassetd.client.type:com.apple.MobileAsset.LinguisticDataAuto|specifier:Priority_es(any version)"": [],
  ""com.apple.mobileassetd.client.type:com.apple.MobileAsset.LinguisticDataAuto|specifier:Priority_fi(any version)"": [],
  ""com.apple.mobileassetd.client.type:com.apple.MobileAsset.LinguisticDataAuto|specifier:Priority_fr(any version)"": [],
  ""com.apple.mobileassetd.client.type:com.apple.MobileAsset.LinguisticDataAuto|specifier:Priority_ga(any version)"": [],
  ""com.apple.mobileassetd.client.type:com.apple.MobileAsset.LinguisticDataAuto|specifier:Priority_hr(any version)"": [],
  ""com.apple.mobileassetd.client.type:com.apple.MobileAsset.LinguisticDataAuto|specifier:Priority_hu(any version)"": [],
  ""com.apple.mobileassetd.client.type:com.apple.MobileAsset.LinguisticDataAuto|specifier:Priority_it(any version)"": [],
  ""com.apple.mobileassetd.client.type:com.apple.MobileAsset.LinguisticDataAuto|specifier:Priority_nb(any version)"": [],
  ""com.apple.mobileassetd.client.type:com.apple.MobileAsset.LinguisticDataAuto|specifier:Priority_nl(any version)"": [],
  ""com.apple.mobileassetd.client.type:com.apple.MobileAsset.LinguisticDataAuto|specifier:Priority_nn(any version)"": [],
  ""com.apple.mobileassetd.client.type:com.apple.MobileAsset.LinguisticDataAuto|specifier:Priority_pl(any version)"": [],
  ""com.apple.mobileassetd.client.type:com.apple.MobileAsset.LinguisticDataAuto|specifier:Priority_pt(any version)"": [],
  ""com.apple.mobileassetd.client.type:com.apple.MobileAsset.LinguisticDataAuto|specifier:Priority_ro(any version)"": [],
  ""com.apple.mobileassetd.client.type:com.apple.MobileAsset.LinguisticDataAuto|specifier:Priority_sk(any version)"": [],
  ""com.apple.mobileassetd.client.type:com.apple.MobileAsset.LinguisticDataAuto|specifier:Priority_sv(any version)"": [],
  ""com.apple.mobileassetd.client.type:com.apple.MobileAsset.LinguisticDataAuto|specifier:Priority_tr(any version)"": [],
  ""com.apple.mobileassetd.client.type:com.apple.MobileAsset.LinguisticDataAuto|specifier:Priority_vi(any version)"": [],
  ""com.apple.mobileassetd.client.type:com.apple.MobileAsset.OSEligibility|specifier:Parameters(any version)"": [],
  ""com.apple.mobileassetd.client.type:com.apple.MobileAsset.PKITrustStore|specifier:PKITrustStore(any version)"": [],
  ""com.apple.mobileassetd.client.tzd"": [],
  ""com.apple.mobilelogic"": [],
  ""com.apple.mobileslideshow"": [],
  ""com.apple.motionappApp"": [],
  ""com.apple.networkQuality"": [
   ""JNFukicuMr6c2KM+Pc06/g=="",
   ""yilW9EANO+m0d/hVdWyIPA==""
  ],
  ""com.apple.networkserviceproxy"": [
   ""JKGtgcQ1O1iFA6jBCTVJ4g=="",
   ""7Rxjs2jHPHCtlz5CVEghWA==""
  ],
  ""com.apple.news"": [],
  ""com.apple.passd"": [
   ""5IyY339uOO6NDZacLFFYqg=="",
   ""clB/IECpNgGzgo/TsiwkPA==""
  ],
  ""com.apple.photos"": [
   ""2hdZZAP3O36hAdEkmv8x6g=="",
   ""g1eb4NsRMFy1AovHOeT3wQ=="",
   ""rzHMETd9OZSy0Kn4Lsc0lQ=="",
   ""zZ4NOpQRP7KzobHKMR0W3w=="",
   ""ur47cB63PFWyH5oP5NQ+9A=="",
   ""cfoBob8SP3mi3HVesR51wA=="",
   ""HiaCEw5ONI2i1bnFN++VQQ=="",
   ""JlmaLr6OMn2SzgoIQZKpRA=="",
   ""0xOrqE8iP/aaLx2sXSKDpA=="",
   ""+Ql5TClZPE+MmgPHh4JskA==""
  ],
  ""com.apple.pixelmator"": [],
  ""com.apple.pixelmator.photos-extension"": [],
  ""com.apple.reminders"": [
   ""6UaLBmPKPFy24N96sDqCmw=="",
   ""CwJ3dZE7PfGzGJgC2H406A=="",
   ""BQxd0FTIPreJCBjktKBVMA=="",
   ""9s3h/qsMO6CtsczOQJ1wkQ=="",
   ""tQ8kUlx7NjStw7gFDGBZDA=="",
   ""QmTLvZLtNfm26RMnspFq3g=="",
   ""yM1YTiL+N0mldnLWcZQ+qA=="",
   ""uOBViKzIOVqtXgtzUbdRbA=="",
   ""YvMZLwCOMZCt3ybI8vf7YA=="",
   ""09Q4nxghP8u7iPDvZi8WDA=="",
   ""XrccSzHVMsK2saVws+W4pQ=="",
   ""mexxy9UjMmqhizlgZO9Qkw==""
  ],
  ""com.apple.routined"": [
   ""ihiVGGUoO/W409niET9IaA=="",
   ""/iI7TwIvPcCHZ3lstetLrA==""
  ],
  ""com.apple.screencaptureui"": [
   ""2YbNWr9VNWW+PRW71HjFsQ=="",
   ""TRj1Utk/MeORFdcFqjPYJw==""
  ],
  ""com.apple.security.cuttlefish"": [],
  ""com.apple.securityd"": [
   ""qMj7KLRBMl+cAs2ipS0zOQ=="",
   ""yurMmc7OPjGSHrHUnR5oTA==""
  ],
  ""com.apple.shortcuts"": [
   ""COHOPKlcPwWgfgt0MY49dg=="",
   ""RzfqYf3aMFaku0rddc5khA=="",
   ""0UxI/tK3Nru0o4isqhb1aQ=="",
   ""Be+d0YwKNUeXnuf3amrMrQ=="",
   ""xrs/P0HMPNyCs9L7WNAQzQ=="",
   ""x9HYnukaNuW+JkqStK32hg=="",
   ""rtnmNn4aPgiHCS6/lBE3Kg=="",
   ""4s39RRoBMnmyZoYHCLOZHA=="",
   ""wzTrQeT+MpSt5zo/lXIroQ=="",
   ""djdGrDrEM06pPYxT17iWbw=="",
   ""kpxQ9GfgOZqJuECOuLU/mg=="",
   ""MKqtJ8xYOFi9H9pn4IfXcA==""
  ],
  ""com.apple.siriknowledged"": [
   ""Ag8FxamkPv+gdtO6Vl1qug=="",
   ""fGkKkWOlOBORuILAxJX3ig==""
  ],
  ""com.apple.stickersd"": [],
  ""com.apple.stocks"": [
   ""Ld5tbOeGPIW4k6xYiUSe7A=="",
   ""QHy1RE/QMWKloWhflkzOWw=="",
   ""1VHSdhhQMomUJKcCgCPuKw=="",
   ""/MtN9RetOdOGNblszxLmig==""
  ],
  ""com.apple.syncdefaultsd"": [
   ""uYxRK/UmM1WpQ/iGYbdzGw=="",
   ""JpshKMg0O7+X5XTdVKmqGg==""
  ],
  ""com.apple.syspolicyd.spTest"": [],
  ""com.apple.tipsd"": [
   ""grNMdWrROjCdsOv01o24cA=="",
   ""2mhhq8vwOoKdt1lfwzr9qw==""
  ],
  ""com.apple.transparencyd"": [
   ""CoDWpNXhNZ+vocn3ssCgcg=="",
   ""iJ/6SnKNN36hHcuv4julOw==""
  ],
  ""com.apple.triald"": [
   ""GmX4xcp1PwuhSAZdUHbHlA=="",
   ""jrabXADlNCaJDLqM/jD9hA==""
  ],
  ""com.apple.triald.system"": [],
  ""com.apple.trustd"": [
   ""EQCNQ3V6Pd2IDJDAEn0bEA=="",
   ""mg4rIq/yMg62kR7VJBt7oQ==""
  ],
  ""com.apple.upload-request-proxy.com.apple.photos.cloud"": [],
  ""com.apple.visualintelligenced"": [],
  ""com.apple.weather"": [
   ""qr/R6OiuPJOpgCd5V8HyTw=="",
   ""uNjYItcDN9eBjX7jMvexcg=="",
   ""9N04A3ffMnSFZxR8lvsoaw=="",
   ""TsZbU2wEMnSqDKa+QbhLyw=="",
   ""ZU2xNQWFPvSDLqhnLc8xcQ=="",
   ""pxapIXpONiqeyVmIHEyf8Q=="",
   ""KEwSceqPO3e3iwAcGO12Aw=="",
   ""QTW5bFlEPJKIJAL697fwQg=="",
   ""Xo64aPzEMqOI3cw1oGvRBQ=="",
   ""06pMXpL+OJ+I8AxQaJ4iKw==""
  ],
  ""com.apple.weather.WeatherAppIntents"": [
   ""Xo64aPzEMqOI3cw1oGvRBQ=="",
   ""06pMXpL+OJ+I8AxQaJ4iKw==""
  ],
  ""com.apple.weather.widget"": [
   ""KEwSceqPO3e3iwAcGO12Aw=="",
   ""QTW5bFlEPJKIJAL697fwQg==""
  ],
  ""com.apple.wifi.WiFiAgent"": [
   ""/fe2kDz3Ni+ZtcilL6CGGw=="",
   ""dv7z+zJkMxSzGj6p3syXCA==""
  ],
  ""com.apple.willowd"": [],
  ""com.apple.willowd.homekit"": [],
  ""com.apple.willowd.homekit.camera.clips"": [],
  ""com.atlassian.trello"": [
   ""TExEDVVVMUShpq7atWjijA=="",
   ""TExEblVVMUShrX/3bcXtzA==""
  ],
  ""com.blackmagic-design.DaVinciResolveWelcome"": [
   ""TJgzx6YaMBq4d4tdQ3xetA=="",
   ""mwRS8cE5MYWbtkMAw+AAUA==""
  ],
  ""com.dropbox.DropboxMacUpdate"": [
   ""TExEYVVVMUShhHVk1aQPeQ==""
  ],
  ""com.dropbox.DropboxUpdater"": [
   ""TExEYlVVMUShZiQaDRb+Kg==""
  ],
  ""com.dropbox.Electron.helper"": [
   ""TExEnlVVMUShY2J3HUtLcg==""
  ],
  ""com.es.plugin-installer"": [
   ""TExEMVVVMUSh9b/PiqSt9A=="",
   ""TExEHlVVMUShTadiLSB3+w==""
  ],
  ""com.getdropbox.dropbox"": [
   ""TAQozvt1NWm8d9gRgIWmhw==""
  ],
  ""com.getdropbox.dropbox.fileprovider"": [
   ""g+Fn7VcjOGGMJ0/QKQeaYA==""
  ],
  ""com.github.Electron"": [
   ""TExEdFVVMUShyyqC3ePlrw=="",
   ""TExEuFVVMUShB5rBS0iPSQ==""
  ],
  ""com.github.Electron.helper"": [
   ""TExEiVVVMUShsIEpOvtiaQ=="",
   ""TExEXlVVMUShZ3fZ+k+a7A==""
  ],
  ""com.goodnotesapp.x"": [
   ""muE0UdyjOY+qP4rXuP+WDA=="",
   ""UoWAHM9zObqBDfUOzaHY2A=="",
   ""gOYM9jPQMtGSjXEamnmdbA=="",
   ""QSFVnI5XMEGibXw934gf1w==""
  ],
  ""com.google.Chrome"": [],
  ""com.grammarly.ProjectLlama"": [
   ""6TEjBjv7MDy2X4Z1YdFjoQ=="",
   ""P+4hA3DqPvasyE+DZBWM5A==""
  ],
  ""com.lemon.lvoverseas"": [
   ""bGL63t5rNaKgb2Dmcc4vgw=="",
   ""5sfun+FmPG+t+ftL+n8yKQ==""
  ],
  ""com.microsoft.Excel"": [
   ""w0O0yL4QOMicVWCdz6Q6eQ=="",
   ""eDxZ7AnDPh6q/fLRdgs2/A=="",
   ""4Goml1hCNE2001YAP8Fsgg=="",
   ""ME+sA0dmOrivSbTt2nmxmA==""
  ],
  ""com.microsoft.Outlook"": [
   ""jSr3pe4cNea5Y6JzNBWgaA=="",
   ""QKLqmcXlONKS+967yYYM6Q=="",
   ""7MR26yzhOAC9tp85oCUwNQ=="",
   ""KRQSyLCmMM2EMK2eN+OJFQ==""
  ],
  ""com.microsoft.Powerpoint"": [
   ""heDj8biAOtevFOPH6nmWHQ=="",
   ""ogYbkpKSOJ+p9IShu6iOJA==""
  ],
  ""com.microsoft.VSCode"": [
   ""TExEDFVVMUShUCgu/KGbww=="",
   ""TExEbVVVMUShowH5b9RP6Q==""
  ],
  ""com.microsoft.VSCode.helper"": [
   ""TExEZFVVMUShpTXeGaG5ZQ=="",
   ""TExE8VVVMUShi77b+phLTA==""
  ],
  ""com.microsoft.Word"": [
   ""g32gvWN3NxeltDk7sahXYQ=="",
   ""CBdPo7TnMVWC90wuEB5NIw=="",
   ""HAF5vxl8On2xp4M7v4XNiQ=="",
   ""sEke9mkLMhS8pGD6GPO6XA==""
  ],
  ""com.microsoft.autoupdate.fba"": [
   ""8/fsEHRuOTGAWGFpKOOkkA=="",
   ""g3uggeybNnGXQo8ULIF1mA==""
  ],
  ""com.microsoft.autoupdate2"": [
   ""mPAuJcXMPEGhsJrxNAGCtA=="",
   ""wzcgsTztMjOenJmTtkdVAQ==""
  ],
  ""com.microsoft.teams2"": [
   ""kvfa5w64On+EU4GFGAshuA=="",
   ""KJFHq1b8PlCqsU5S80zyMA=="",
   ""RIWmgG0XOzyS6/s3Fz9o5g=="",
   ""djJLPgOpOpmf69jRWY863A==""
  ],
  ""com.microsoft.teams2.helper"": [],
  ""com.microsoft.teams2.modulehost"": [],
  ""com.spotify.client"": [
   ""Fyj+ChIhOMK/qKV1EqZSkg==""
  ],
  ""com.spotify.client.helper"": [
   ""gdBFURD1OKimCpug6KEzaQ==""
  ],
  ""com.spotify.client.installer"": [
   ""SP0FhUUlOWy2E6Q6RPKUkQ=="",
   ""/rdKcNOyP6S+YZ+9d2peTQ==""
  ],
  ""com.spotify.client.startuphelper"": [
   ""snOaGl8zMnmvqnxB+0OEHg==""
  ],
  ""com.surfshark.vpnclient.macos.direct"": [
   ""fjNAYu9SOHy63dd3V8OkzQ=="",
   ""ZppVPUD+NAO11PJC8nfNAw==""
  ],
  ""com.tcltk.wish"": [],
  ""io.tailscale.ipn.macsys"": [
   ""74OPiBbuNfmQdZJLyGKwZQ=="",
   ""mWVUCVtnNBmOcAb7Q8nbgA=="",
   ""0GzT6GEbN2ONhBLffNgeow=="",
   ""nc3cAbRfPC6CXS25TL0Fyw==""
  ],
  ""io.tailscale.ipn.macsys.login-item-helper"": [
   ""sZY0ssMIN06XFt/OofItFA=="",
   ""CXflJg0VP4GgOtMwV7JGvg==""
  ],
  ""notion.id"": [
   ""TExErVVVMUShFCy5YAx4uQ==""
  ],
  ""notion.id.helper"": [],
  ""org.python.python"": [
   ""MWYVvn+lNomxrvKmIfdljg=="",
   ""XzBM3jrLPPq34ixk0cJDjQ==""
  ],
  ""org.sparkle-project.Sparkle.Updater"": [],
  ""org.torproject.plugincontainer"": [],
  ""org.torproject.torbrowser"": [
   ""TExEZVVVMUSh0czFMCSGnQ=="",
   ""TExE4lVVMUShQh/Pu8ht0A==""
  ]
 }
}",
/Library/Preferences/com.apple.noticeboard.plist,2026-09-06T13:15:25.35455403Z,"{
 ""LastNoticeboardCatalogCheck"": ""2026-09-06T13:15:22.17505002Z""
}",
/Library/Preferences/com.apple.powerlogHelperd.plist,2026-08-28T19:05:34.679076712Z,"{
 ""BootSessionUUID"": ""7722136D-67DC-46F8-B645-047BE2ED101E"",
 ""HourBucketOffset-system"": 1628.4248249530792
}",
/Library/Preferences/com.apple.powerlogd.plist,2026-09-14T08:25:40.42757724Z,"{
 ""BatterySerial"": ""F8Y42710CP913QFCE"",
 ""BootSessionUUID"": ""7722136D-67DC-46F8-B645-047BE2ED101E"",
 ""HourBucketOffset-monotonic"": 0,
 ""HourBucketOffset-system"": 1624.1657040119171,
 ""LastBGSQLUpgradeSystemTimestamp"": 1787859988.084049,
 ""LastBuild"": ""25G83"",
 ""LastEPSQLVacuumDate"": 1787336452.750126,
 ""LastShutdownSystemTimestamp"": 1784054583,
 ""LastUpgradeSystemTimestamp"": 1787860222.527503,
 ""LastUpgradeTimestamp"": 1787860395.163447,
 ""MXClientsAvailable"": {
  ""REDACTED_USER"": true
 },
 ""MemoryCoreAnalyticsLastReportedDayNumber"": 9385,
 ""Mode"": 0,
 ""PLUUID"": ""E090494F-43FC-4256-B43D-D6604B5C046D"",
 ""PreviousUpdateBuild"": ""25F84"",
 ""TimeOffset-kernel"": -1722122289.22433,
 ""TimeOffset-monotonic"": 1789154806.839172,
 ""TimeOffset-system"": -175.83429598808289,
 ""assertionCookie"": 191443,
 ""lastChargingSystemTimestamp"": 1789161124.392117,
 ""lastChargingTimestamp"": 1789161300.069331,
 ""lastChargingValue"": 100,
 ""newCLPCPath"": true
}",
/Library/Preferences/com.apple.security.appsandbox.plist,2026-08-13T02:51:55Z,"{
 ""UnrestrictSpotlightContainerScope"": true
}",
/Library/Preferences/com.apple.security.plist,2026-08-27T19:48:27.871639784Z,"{
 ""SecItemSynchronizable"": true
}",
/Library/Preferences/com.apple.security.systemidentities.plist,2024-07-28T10:02:40.994543749Z,"{
 ""com.apple.kerberos.kdc"": ""KafYLU1YnbXJj/v9leJ1Wj+1a0M="",
 ""com.apple.systemdefault"": ""jvfj48SkXRZFxoOvPmn4jwLVS+s=""
}",
/Library/Preferences/com.apple.timezone.auto.plist,2024-08-27T15:03:06.37047955Z,"{
 ""Active"": true
}",
/Library/Preferences/com.apple.updatesettings.plist,2026-08-27T19:48:20.063738775Z,"{
 ""DidFixPublicSharePoints"": true,
 ""UpdateSettingsRunStamp"": {
  ""buildVersion"": ""25G83"",
  ""majorVersion"": 26,
  ""minorVersion"": 6,
  ""patchVersion"": 2
 },
 ""addedRemoteAppleEventsAccess"": true,
 ""did_disable_ftp"": true,
 ""systemUpdateDate"": ""2024-07-28T10:02:39.064352035Z""
}",
/Library/Preferences/com.apple.wifi.known-networks.plist,2026-09-14T08:12:24.743224797Z,,
/Library/Preferences/com.apple.windowserver.displays.plist,2026-09-14T08:12:24.708630078Z,"{
 ""DisplayAnyUserSets"": {
  ""Configs"": [
   {
    ""ConfigVersion"": 1,
    ""DisplayConfig"": [
     {
      ""CurrentInfo"": {
       ""Depth"": 8,
       ""High"": 956,
       ""Hz"": 60,
       ""IsLink"": false,
       ""IsVRR"": false,
       ""OriginX"": 0,
       ""OriginY"": 0,
       ""Scale"": 2,
       ""Wide"": 1470
      },
      ""Rotation"": 0,
      ""UUID"": ""37D8832A-2D66-02CA-B9F7-8F30A301B230"",
      ""UnmirrorInfo"": {
       ""Depth"": 8,
       ""High"": 956,
       ""Hz"": 60,
       ""IsLink"": false,
       ""IsVRR"": false,
       ""OriginX"": 0,
       ""OriginY"": 0,
       ""Scale"": 2,
       ""Wide"": 1470
      }
     }
    ]
   },
   {
    ""ConfigVersion"": 1,
    ""DefaultConfigVersion"": 1,
    ""DisplayConfig"": [
     {
      ""CurrentInfo"": {
       ""Depth"": 4,
       ""High"": 1080,
       ""Hz"": 60,
       ""IsLink"": false,
       ""IsVRR"": false,
       ""OriginX"": 0,
       ""OriginY"": 0,
       ""Scale"": 1,
       ""Wide"": 1920
      },
      ""Rotation"": 0,
      ""UUID"": ""EB64E722-779F-404D-8B15-53B5E30F2EC6"",
      ""UnmirrorInfo"": {
       ""Depth"": 4,
       ""High"": 1080,
       ""Hz"": 60,
       ""IsLink"": false,
       ""IsVRR"": false,
       ""OriginX"": 0,
       ""OriginY"": 0,
       ""Scale"": 1,
       ""Wide"": 1920
      }
     }
    ]
   },
   {
    ""ConfigVersion"": 1,
    ""DisplayConfig"": [
     {
      ""CurrentInfo"": {
       ""Depth"": 8,
       ""High"": 1080,
       ""Hz"": 60,
       ""IsLink"": false,
       ""IsVRR"": false,
       ""OriginX"": 0,
       ""OriginY"": 0,
       ""Scale"": 1,
       ""Wide"": 1920
      },
      ""MasterUUID"": ""015E2001-2232-451D-8704-D3CDAC8AF47C"",
      ""Rotation"": 0,
      ""UUID"": ""37D8832A-2D66-02CA-B9F7-8F30A301B230"",
      ""UnmirrorInfo"": {
       ""Depth"": 8,
       ""High"": 956,
       ""Hz"": 60,
       ""IsLink"": false,
       ""IsVRR"": false,
       ""OriginX"": 0,
       ""OriginY"": 0,
       ""Scale"": 2,
       ""Wide"": 1470
      }
     },
     {
      ""CurrentInfo"": {
       ""Depth"": 4,
       ""High"": 1080,
       ""Hz"": 60,
       ""IsLink"": false,
       ""IsVRR"": false,
       ""OriginX"": 0,
       ""OriginY"": 0,
       ""Scale"": 1,
       ""Wide"": 1920
      },
      ""Rotation"": 0,
      ""UUID"": ""015E2001-2232-451D-8704-D3CDAC8AF47C"",
      ""UnmirrorInfo"": {
       ""Depth"": 4,
       ""High"": 1080,
       ""Hz"": 60,
       ""IsLink"": false,
       ""IsVRR"": false,
       ""OriginX"": 1470,
       ""OriginY"": 0,
       ""Scale"": 1,
       ""Wide"": 1920
      }
     }
    ]
   },
   {
    ""ConfigVersion"": 1,
    ""DefaultConfigVersion"": 1,
    ""DisplayConfig"": [
     {
      ""CurrentInfo"": {
       ""Depth"": 4,
       ""High"": 1080,
       ""Hz"": 60,
       ""IsLink"": false,
       ""IsVRR"": false,
       ""OriginX"": 0,
       ""OriginY"": 0,
       ""Scale"": 1,
       ""Wide"": 1920
      },
      ""Rotation"": 0,
      ""UUID"": ""CEE6D220-4A40-4B6A-9D2F-F989848782F9"",
      ""UnmirrorInfo"": {
       ""Depth"": 4,
       ""High"": 1080,
       ""Hz"": 60,
       ""IsLink"": false,
       ""IsVRR"": false,
       ""OriginX"": 0,
       ""OriginY"": 0,
       ""Scale"": 1,
       ""Wide"": 1920
      }
     }
    ]
   },
   {
    ""ConfigVersion"": 1,
    ""DisplayConfig"": [
     {
      ""CurrentInfo"": {
       ""Depth"": 8,
       ""High"": 1080,
       ""Hz"": 60,
       ""IsLink"": false,
       ""IsVRR"": false,
       ""OriginX"": 0,
       ""OriginY"": 0,
       ""Scale"": 1,
       ""Wide"": 1920
      },
      ""MasterUUID"": ""78BE5560-5568-47DC-B2C2-7255E6BB9D54"",
      ""Rotation"": 0,
      ""UUID"": ""37D8832A-2D66-02CA-B9F7-8F30A301B230"",
      ""UnmirrorInfo"": {
       ""Depth"": 8,
       ""High"": 956,
       ""Hz"": 60,
       ""IsLink"": false,
       ""IsVRR"": false,
       ""OriginX"": 0,
       ""OriginY"": 0,
       ""Scale"": 2,
       ""Wide"": 1470
      }
     },
     {
      ""CurrentInfo"": {
       ""Depth"": 4,
       ""High"": 1080,
       ""Hz"": 60,
       ""IsLink"": false,
       ""IsVRR"": false,
       ""OriginX"": 0,
       ""OriginY"": 0,
       ""Scale"": 1,
       ""Wide"": 1920
      },
      ""Rotation"": 0,
      ""UUID"": ""78BE5560-5568-47DC-B2C2-7255E6BB9D54"",
      ""UnmirrorInfo"": {
       ""Depth"": 4,
       ""High"": 1080,
       ""Hz"": 60,
       ""IsLink"": false,
       ""IsVRR"": false,
       ""OriginX"": 1470,
       ""OriginY"": 0,
       ""Scale"": 1,
       ""Wide"": 1920
      }
     }
    ]
   },
   {
    ""ConfigVersion"": 0,
    ""DisplayConfig"": [
     {
      ""CurrentInfo"": {
       ""Depth"": 8,
       ""High"": 956,
       ""Hz"": 60,
       ""IsLink"": false,
       ""IsVRR"": false,
       ""OriginX"": 1920,
       ""OriginY"": 0,
       ""Scale"": 2,
       ""Wide"": 1470
      },
      ""Rotation"": 0,
      ""UUID"": ""37D8832A-2D66-02CA-B9F7-8F30A301B230"",
      ""UnmirrorInfo"": {
       ""Depth"": 8,
       ""High"": 956,
       ""Hz"": 60,
       ""IsLink"": false,
       ""IsVRR"": false,
       ""OriginX"": 0,
       ""OriginY"": 0,
       ""Scale"": 2,
       ""Wide"": 1470
      }
     },
     {
      ""CurrentInfo"": {
       ""Depth"": 8,
       ""High"": 1080,
       ""Hz"": 60,
       ""IsLink"": false,
       ""IsVRR"": false,
       ""OriginX"": 0,
       ""OriginY"": 0,
       ""Scale"": 1,
       ""Wide"": 1920
      },
      ""Rotation"": 0,
      ""UUID"": ""9B135578-2B40-4BA4-A15D-AD81FC7967BA"",
      ""UnmirrorInfo"": {
       ""Depth"": 8,
       ""High"": 1080,
       ""Hz"": 60,
       ""IsLink"": false,
       ""IsVRR"": false,
       ""OriginX"": 0,
       ""OriginY"": 0,
       ""Scale"": 1,
       ""Wide"": 1920
      }
     },
     {
      ""CurrentInfo"": {
       ""Depth"": 4,
       ""High"": 946,
       ""Hz"": 60,
       ""IsLink"": false,
       ""IsVRR"": false,
       ""OriginX"": 3390,
       ""OriginY"": 0,
       ""Scale"": 2,
       ""Wide"": 1288
      },
      ""Rotation"": 0,
      ""UUID"": ""D3C583C4-01E6-4E83-850D-9884AFCA065A"",
      ""UnmirrorInfo"": {
       ""Depth"": 4,
       ""High"": 946,
       ""Hz"": 60,
       ""IsLink"": false,
       ""IsVRR"": false,
       ""OriginX"": 0,
       ""OriginY"": 0,
       ""Scale"": 2,
       ""Wide"": 1288
      }
     }
    ]
   },
   {
    ""ConfigVersion"": 1,
    ""DisplayConfig"": [
     {
      ""CurrentInfo"": {
       ""Depth"": 8,
       ""High"": 956,
       ""Hz"": 60,
       ""IsLink"": false,
       ""IsVRR"": false,
       ""OriginX"": -1470,
       ""OriginY"": 0,
       ""Scale"": 2,
       ""Wide"": 1470
      },
      ""Rotation"": 0,
      ""UUID"": ""37D8832A-2D66-02CA-B9F7-8F30A301B230"",
      ""UnmirrorInfo"": {
       ""Depth"": 8,
       ""High"": 956,
       ""Hz"": 60,
       ""IsLink"": false,
       ""IsVRR"": false,
       ""OriginX"": 0,
       ""OriginY"": 0,
       ""Scale"": 2,
       ""Wide"": 1470
      }
     },
     {
      ""CurrentInfo"": {
       ""Depth"": 8,
       ""High"": 1080,
       ""Hz"": 60,
       ""IsLink"": false,
       ""IsVRR"": false,
       ""OriginX"": 0,
       ""OriginY"": 0,
       ""Scale"": 1,
       ""Wide"": 1920
      },
      ""Rotation"": 0,
      ""UUID"": ""9B135578-2B40-4BA4-A15D-AD81FC7967BA"",
      ""UnmirrorInfo"": {
       ""Depth"": 8,
       ""High"": 1080,
       ""Hz"": 60,
       ""IsLink"": false,
       ""IsVRR"": false,
       ""OriginX"": 0,
       ""OriginY"": 0,
       ""Scale"": 1,
       ""Wide"": 1920
      }
     }
    ]
   },
   {
    ""ConfigVersion"": 1,
    ""DisplayConfig"": [
     {
      ""CurrentInfo"": {
       ""Depth"": 8,
       ""High"": 1080,
       ""Hz"": 75,
       ""IsLink"": false,
       ""IsVRR"": false,
       ""OriginX"": 0,
       ""OriginY"": 0,
       ""Scale"": 1,
       ""Wide"": 1920
      },
      ""Rotation"": 0,
      ""UUID"": ""9B135578-2B40-4BA4-A15D-AD81FC7967BA"",
      ""UnmirrorInfo"": {
       ""Depth"": 4,
       ""High"": 1,
       ""Hz"": 60,
       ""IsLink"": false,
       ""IsVRR"": false,
       ""OriginX"": 0,
       ""OriginY"": 0,
       ""Scale"": 1,
       ""Wide"": 1
      }
     }
    ]
   },
   {
    ""ConfigVersion"": 1,
    ""DisplayConfig"": [
     {
      ""CurrentInfo"": {
       ""Depth"": 8,
       ""High"": 720,
       ""Hz"": 60,
       ""IsLink"": false,
       ""IsVRR"": false,
       ""OriginX"": 0,
       ""OriginY"": 0,
       ""Scale"": 1,
       ""Wide"": 1280
      },
      ""MasterUUID"": ""2B0E9801-BADA-4915-9694-252B0BA07EB7"",
      ""Rotation"": 0,
      ""UUID"": ""37D8832A-2D66-02CA-B9F7-8F30A301B230"",
      ""UnmirrorInfo"": {
       ""Depth"": 8,
       ""High"": 956,
       ""Hz"": 60,
       ""IsLink"": false,
       ""IsVRR"": false,
       ""OriginX"": 0,
       ""OriginY"": 0,
       ""Scale"": 2,
       ""Wide"": 1470
      }
     },
     {
      ""CurrentInfo"": {
       ""Depth"": 4,
       ""High"": 720,
       ""Hz"": 60,
       ""IsLink"": false,
       ""IsVRR"": false,
       ""OriginX"": 0,
       ""OriginY"": 0,
       ""Scale"": 1,
       ""Wide"": 1280
      },
      ""Rotation"": 0,
      ""UUID"": ""2B0E9801-BADA-4915-9694-252B0BA07EB7"",
      ""UnmirrorInfo"": {
       ""Depth"": 4,
       ""High"": 720,
       ""Hz"": 60,
       ""IsLink"": false,
       ""IsVRR"": false,
       ""OriginX"": -1280,
       ""OriginY"": 0,
       ""Scale"": 1,
       ""Wide"": 1280
      }
     }
    ]
   },
   {
    ""ConfigVersion"": 0,
    ""DisplayConfig"": [
     {
      ""CurrentInfo"": {
       ""Depth"": 8,
       ""High"": 956,
       ""Hz"": 60,
       ""IsLink"": false,
       ""IsVRR"": false,
       ""OriginX"": 0,
       ""OriginY"": 0,
       ""Scale"": 2,
       ""Wide"": 1470
      },
      ""Rotation"": 0,
      ""UUID"": ""37D8832A-2D66-02CA-B9F7-8F30A301B230"",
      ""UnmirrorInfo"": {
       ""Depth"": 8,
       ""High"": 956,
       ""Hz"": 60,
       ""IsLink"": false,
       ""IsVRR"": false,
       ""OriginX"": 1288,
       ""OriginY"": 0,
       ""Scale"": 2,
       ""Wide"": 1470
      }
     },
     {
      ""CurrentInfo"": {
       ""Depth"": 4,
       ""High"": 956,
       ""Hz"": 60,
       ""IsLink"": false,
       ""IsVRR"": false,
       ""OriginX"": 0,
       ""OriginY"": 0,
       ""Scale"": 2,
       ""Wide"": 1470
      },
      ""MasterUUID"": ""37D8832A-2D66-02CA-B9F7-8F30A301B230"",
      ""Rotation"": 0,
      ""UUID"": ""D3C583C4-01E6-4E83-850D-9884AFCA065A"",
      ""UnmirrorInfo"": {
       ""Depth"": 4,
       ""High"": 946,
       ""Hz"": 60,
       ""IsLink"": false,
       ""IsVRR"": false,
       ""OriginX"": 0,
       ""OriginY"": 0,
       ""Scale"": 2,
       ""Wide"": 1288
      }
     }
    ]
   }
  ],
  ""Underscan"": {
   ""015E2001-2232-451D-8704-D3CDAC8AF47C"": 1,
   ""2B0E9801-BADA-4915-9694-252B0BA07EB7"": 1,
   ""37D8832A-2D66-02CA-B9F7-8F30A301B230"": 1,
   ""78BE5560-5568-47DC-B2C2-7255E6BB9D54"": 1,
   ""9B135578-2B40-4BA4-A15D-AD81FC7967BA"": 1,
   ""CEE6D220-4A40-4B6A-9D2F-F989848782F9"": 1,
   ""D3C583C4-01E6-4E83-850D-9884AFCA065A"": 1,
   ""EB64E722-779F-404D-8B15-53B5E30F2EC6"": 1
  },
  ""Version"": 2
 },
 ""DisplayUUIDMappings_v3"": {
  ""UUIDEntryMap"": {
   ""03EC2C56-63E7-F441"": [
    [
     ""0F93-5A69417CA049"",
     ""CEE6D220-4A40-4B6A-9D2F-F989848782F9"",
     3
    ]
   ],
   ""623BAADD-7B11-A37C"": [
    [
     ""0F93-5A69417CA049"",
     ""D3C583C4-01E6-4E83-850D-9884AFCA065A"",
     3
    ]
   ],
   ""81CFA1BF-33AA-D47B"": [
    [
     ""0F93-5A69417CA049"",
     ""9B135578-2B40-4BA4-A15D-AD81FC7967BA"",
     3
    ]
   ],
   ""81D70CC7-5427-97B1"": [
    [
     ""0F93-5A69417CA049"",
     ""93F83701-081F-4AA4-A55A-553BF049D9AF"",
     3
    ]
   ],
   ""95D8B15F-B22F-B02E"": [
    [
     ""0F93-5A69417CA049"",
     ""91983D49-D294-4F77-BE65-D062EFE2F51F"",
     3
    ]
   ],
   ""9B603E2E-98E1-E840"": [
    [
     ""0F93-5A69417CA049"",
     ""EB64E722-779F-404D-8B15-53B5E30F2EC6"",
     3
    ]
   ],
   ""BCE90E49-9B16-62B8"": [
    [
     ""0F93-5A69417CA049"",
     ""801EC51D-3862-4EE5-A3A3-5E9E9BBAFECD"",
     3
    ]
   ],
   ""BE9FA586-345F-877C"": [
    [
     ""0F93-5A69417CA049"",
     ""78BE5560-5568-47DC-B2C2-7255E6BB9D54"",
     3
    ]
   ],
   ""D24B361F-7FDF-6596"": [
    [
     ""0F93-5A69417CA049"",
     ""2B0E9801-BADA-4915-9694-252B0BA07EB7"",
     3
    ]
   ],
   ""F88D3836-4FB0-2081"": [
    [
     ""0F93-5A69417CA049"",
     ""015E2001-2232-451D-8704-D3CDAC8AF47C"",
     3
    ]
   ]
  },
  ""UsedUUIDs"": [
   ""CEE6D220-4A40-4B6A-9D2F-F989848782F9"",
   ""EB64E722-779F-404D-8B15-53B5E30F2EC6"",
   ""D3C583C4-01E6-4E83-850D-9884AFCA065A"",
   ""2B0E9801-BADA-4915-9694-252B0BA07EB7"",
   ""93F83701-081F-4AA4-A55A-553BF049D9AF"",
   ""9B135578-2B40-4BA4-A15D-AD81FC7967BA"",
   ""801EC51D-3862-4EE5-A3A3-5E9E9BBAFECD"",
   ""78BE5560-5568-47DC-B2C2-7255E6BB9D54"",
   ""91983D49-D294-4F77-BE65-D062EFE2F51F"",
   ""015E2001-2232-451D-8704-D3CDAC8AF47C""
  ],
  ""Version"": 3
 }
}",
/Library/Preferences/com.microsoft.autoupdate2.plist,2026-09-11T01:19:01.075556139Z,"{
 ""ApplicationsSystem"": {
  ""/Applications/Microsoft Teams.app"": {
   ""Application ID"": ""TEAMS21"",
   ""LCID"": ""1033"",
   ""Last Updated Version"": ""26225.1706.5101.3140""
  },
  ""/Library/Application Support/Microsoft/MAU2.0/Microsoft AutoUpdate.app"": {
   ""Application ID"": ""MSau04"",
   ""LCID"": ""1033"",
   ""Last Update Seen"": ""2026-08-13T18:56:25.768620967Z""
  }
 }
}",
/Library/Preferences/com.tableau.Tableau-2026.2.plist,2026-08-19T13:10:31.873047223Z,"{
 ""Settings.Extensions.Disable3PTrustedExtensions"": 0,
 ""Settings.Extensions.DisableExtensions"": 0,
 ""Settings.Extensions.DisableNetworkExtensions"": 0,
 ""Settings.Extensions.DisableSandboxExtensions"": 0,
 ""Settings.Extensions.DisableTabTrustedExtensions"": 0,
 ""Telemetry.TelemetryEnabled"": 1
}",
/Library/Preferences/com.tableau.Tableau-Public-2025.3.plist,2026-01-27T22:52:43.048940982Z,"{
 ""Telemetry.TelemetryEnabled"": 1
}",
/Library/Preferences/org.cups.printers.plist,2024-07-28T10:02:38.866928708Z,[],
