Pid,Ppid,Name,CommandLine,Exe,Hash,Username,CreateTime,RSS,Deleted
" 0"," 0",kernel_task,kernel_task,,"{
 ""MD5"": ""d41d8cd98f00b204e9800998ecf8427e"",
 ""SHA1"": ""da39a3ee5e6b4b0d3255bfef95601890afd80709"",
 ""SHA256"": ""e3b0c44298fc1c149afbf4c8996fb92427ae41e4649b934ca495991b7852b855""
}",root,2026-08-27T19:46:29.000000611Z,0,false
" 1"," 0",/sbin/launchd,/sbin/launchd,/sbin/launchd,"{
 ""MD5"": ""a3be16ab2298b118714dafcf68fc7549"",
 ""SHA1"": ""193414dc8d7004f8c6d5f1cce459744f68e4c16e"",
 ""SHA256"": ""7b636e967e77705d88aad9ad9ea9af627852d83686cd19ab4d94c6010cd67b09""
}",root,2026-08-27T19:46:29.000000632Z,13959168,false
" 1002"," 1",/System/Library/PrivateFrameworks/SystemMigrationNetwork.framework/Resources/migrationhelper,/System/Library/PrivateFrameworks/SystemMigrationNetwork.framework/Resources/migrationhelper,/System/Library/PrivateFrameworks/SystemMigrationNetwork.framework/Versions/A/Resources/migrationhelper,"{
 ""MD5"": ""48df5ec8964cb98f88f848626c37cce3"",
 ""SHA1"": ""4e1050424473dcfbdd74ecc2cc5f11e5dc077041"",
 ""SHA256"": ""0547bf0992e76a27f591c5604e87cb4082a855339a8b53f87450d8097826691f""
}",REDACTED_USER,2026-08-27T19:48:27.000000934Z,1261568,false
" 1008"," 1",/System/Library/PrivateFrameworks/UserNotificationsCore.framework/Support/usernotificationsd,/System/Library/PrivateFrameworks/UserNotificationsCore.framework/Support/usernotificationsd,/System/Library/PrivateFrameworks/UserNotificationsCore.framework/Support/usernotificationsd,"{
 ""MD5"": ""6620a0706a52f717a2c6e9688f42249c"",
 ""SHA1"": ""bfe9b9b3df98b471b587ad3765aa7f8b2dc9a186"",
 ""SHA256"": ""c487642ee96949011e80cf8b461f05dfb9777efed63a4e57fd4a684b3247d321""
}",REDACTED_USER,2026-08-27T19:48:27.000000946Z,5636096,false
" 1014"," 1",/usr/libexec/trustd,/usr/libexec/trustd --agent,/usr/libexec/trustd,"{
 ""MD5"": ""172317acee4195f71c7b92868c1f459c"",
 ""SHA1"": ""a995ca7c75986b6cbcb33fcab3932739379537fb"",
 ""SHA256"": ""9bfa3e7afa0567b0298954fb7d1fa295fec00f340d13b230166e18e2c0f41f05""
}",REDACTED_USER,2026-08-27T19:48:28.000000021Z,8142848,false
" 1016"," 1",/System/Library/PrivateFrameworks/IDS.framework/identityservicesd.app/Contents/MacOS/identityservicesd,/System/Library/PrivateFrameworks/IDS.framework/identityservicesd.app/Contents/MacOS/identityservicesd,/System/Library/PrivateFrameworks/IDS.framework/identityservicesd.app/Contents/MacOS/identityservicesd,"{
 ""MD5"": ""1dc7a215150490670fcdde80b33b1a62"",
 ""SHA1"": ""5b31761d65b67506259f2c29737f1ec8f04c7ddb"",
 ""SHA256"": ""6dca75131399c554edd768c92c7b31f9fec72dda029f93fae4256b75282bebe9""
}",REDACTED_USER,2026-08-27T19:48:28.000000025Z,15106048,false
" 1018"," 1",/System/Library/CoreServices/WiFiAgent.app/Contents/MacOS/WiFiAgent,/System/Library/CoreServices/WiFiAgent.app/Contents/MacOS/WiFiAgent,/System/Library/CoreServices/WiFiAgent.app/Contents/MacOS/WiFiAgent,"{
 ""MD5"": ""076648dbf8f9856efc4d26ce3e0984d5"",
 ""SHA1"": ""7ebdd6d23acc047b0602dafba3a54cac6cb42c01"",
 ""SHA256"": ""ef5cdf483c9a5d3f7be43b488ba94c14fbbf3383e93c3b4994783341d135f4dd""
}",REDACTED_USER,2026-08-27T19:48:28.000000088Z,13582336,false
" 1024"," 1",/System/Library/PrivateFrameworks/IMCore.framework/imagent.app/Contents/MacOS/imagent,/System/Library/PrivateFrameworks/IMCore.framework/imagent.app/Contents/MacOS/imagent,/System/Library/PrivateFrameworks/IMCore.framework/imagent.app/Contents/MacOS/imagent,"{
 ""MD5"": ""d2585aecabce1a90c5700d163e2482a0"",
 ""SHA1"": ""3dba64e73514b08ccbf3dd4244f8d5190a1248b9"",
 ""SHA256"": ""e34d1645d50a876c999987dfe6edccc3566df7f06cf5a2722f88060bde3aa0ee""
}",REDACTED_USER,2026-08-27T19:48:28.000000987Z,12779520,false
" 1026"," 1",/usr/libexec/sharingd,/usr/libexec/sharingd,/usr/libexec/sharingd,"{
 ""MD5"": ""08d3278e029ae8a6c332e37b205fb6f6"",
 ""SHA1"": ""ff5a1e0c7e27563bdc7b78d5600b248766d31e9b"",
 ""SHA256"": ""c1923bb10f5d2842c119e1eff0c4aa5c45a248aaad1da61436b70fc39169ae77""
}",REDACTED_USER,2026-08-27T19:48:29Z,21790720,false
" 1027"," 1",/usr/sbin/filecoordinationd,/usr/sbin/filecoordinationd,/usr/sbin/filecoordinationd,"{
 ""MD5"": ""e5768dee878acc0ae83b1592f1da508e"",
 ""SHA1"": ""cc6d2e0ca35d74a373091d85cd9fce69502242a3"",
 ""SHA256"": ""a0902ae15332003b2969b368d40b38fc2664d03e4b7b652da7e5eecc966835f9""
}",root,2026-08-27T19:48:29.000000044Z,5095424,false
" 1045"," 1",/System/Library/CoreServices/sharedfilelistd,/System/Library/CoreServices/sharedfilelistd,/System/Library/CoreServices/sharedfilelistd,"{
 ""MD5"": ""0d2d3ebbf36502e544c357ce18dbcebf"",
 ""SHA1"": ""105faccb01c58386160ae96460ca410b6e073e61"",
 ""SHA256"": ""c7a09b186851d5115c6632b6be516f77cbf08e744bb9f52ba6458781b6101219""
}",REDACTED_USER,2026-08-27T19:48:29.000000645Z,3768320,false
" 1048"," 1",/System/Library/PrivateFrameworks/FamilyCircle.framework/Versions/A/Resources/familycircled,/System/Library/PrivateFrameworks/FamilyCircle.framework/Versions/A/Resources/familycircled,/System/Library/PrivateFrameworks/FamilyCircle.framework/Versions/A/Resources/familycircled,"{
 ""MD5"": ""7f31fc6d025613da7f3b3d75807be3bc"",
 ""SHA1"": ""a784d197b16ea2fdfb9d3e406a5694768368a0be"",
 ""SHA256"": ""e1a136417868fed87e86987ef1a35b001f6c0f3a12f30a3ab3fa67995224b288""
}",REDACTED_USER,2026-08-27T19:48:29.00000066Z,10043392,false
" 1067"," 1",/System/Library/PrivateFrameworks/FileProvider.framework/Support/fileproviderd,/System/Library/PrivateFrameworks/FileProvider.framework/Support/fileproviderd,/System/Library/Frameworks/FileProvider.framework/Support/fileproviderd,"{
 ""MD5"": ""c190d6cd4dd96f5293fd1029e748fac4"",
 ""SHA1"": ""34223dc30606fe6b6ff23678f24e33b8490a717a"",
 ""SHA256"": ""c129ac0176c59254df954f21d3c5ffa63749beacde900590b24e81d310b1e25b""
}",REDACTED_USER,2026-08-27T19:48:30.000000505Z,10649600,false
" 1068"," 1",/System/Library/Frameworks/CryptoTokenKit.framework/ctkd,/System/Library/Frameworks/CryptoTokenKit.framework/ctkd -st,/System/Library/Frameworks/CryptoTokenKit.framework/ctkd,"{
 ""MD5"": ""5a4e6475c4e99f531986ac73add18fcd"",
 ""SHA1"": ""a41fca6e4f42018995fb4dbd0c50268472c75553"",
 ""SHA256"": ""ce2cf8d6cb3bdd6c771d19794776a737d9736f657bba0b43897e45487e5731f1""
}",_ctkd,2026-08-27T19:48:30.000000543Z,2392064,false
" 1077"," 1",/System/Library/PrivateFrameworks/CommunicationsFilter.framework/CMFSyncAgent,/System/Library/PrivateFrameworks/CommunicationsFilter.framework/CMFSyncAgent,/System/Library/PrivateFrameworks/CommunicationsFilter.framework/CMFSyncAgent,"{
 ""MD5"": ""0a0bb9038ba8b873d20887b78c44148e"",
 ""SHA1"": ""64a4432b61c95f1bc881294d1e91aacd80265a73"",
 ""SHA256"": ""fa971ab3aebf0294071de036216226563f6f328e908550dc9376a0c32f2ddb0b""
}",REDACTED_USER,2026-08-27T19:48:31.000000014Z,2867200,false
" 1088"," 1",/System/Library/CoreServices/AccessibilityUIServer.app/Contents/MacOS/AccessibilityUIServer,/System/Library/CoreServices/AccessibilityUIServer.app/Contents/MacOS/AccessibilityUIServer,/System/Library/CoreServices/AccessibilityUIServer.app/Contents/MacOS/AccessibilityUIServer,"{
 ""MD5"": ""8ec455fd0ea55d2225eb47a1b248f1b7"",
 ""SHA1"": ""b53d6e00d437befbf552a99bd77bf755398b2786"",
 ""SHA256"": ""2b9f07692cfd7247f7386b1def339eba30e188b2f5d223105af003e573c7496c""
}",REDACTED_USER,2026-08-27T19:48:31.000000724Z,6144000,false
" 1089"," 1",/usr/libexec/ContinuityCaptureAgent,/usr/libexec/ContinuityCaptureAgent server,/usr/libexec/ContinuityCaptureAgent,"{
 ""MD5"": ""3b5f1fa9dc45842be7d6fe51c890550b"",
 ""SHA1"": ""15ce7d4e0b844e3fda08a02b55444ac07b36f91f"",
 ""SHA256"": ""15fdbd7df279f81c481a88a7a230f7f60e5b354a5f6de6d9b1deacbf658247a9""
}",REDACTED_USER,2026-08-27T19:48:31.000000773Z,4767744,false
" 1092"," 1",/usr/libexec/nearbyd,/usr/libexec/nearbyd,/usr/libexec/nearbyd,"{
 ""MD5"": ""c267a20a4bd8c7c360dc08e25343e8ad"",
 ""SHA1"": ""9a33f7827eabc56a643fa92b3280118b191e4045"",
 ""SHA256"": ""1aaef74d183ad0fb461d3f86b52fa33c181c6335d735b861a38705cf45380223""
}",_nearbyd,2026-08-27T19:48:31.000000911Z,3276800,false
" 1104"," 1",/usr/sbin/distnoted,/usr/sbin/distnoted agent,/usr/sbin/distnoted,"{
 ""MD5"": ""bdfc6332efdc373bbcfcff26b1c5acad"",
 ""SHA1"": ""5c76ffa37daee4590c126b8790ac737bd4ed0304"",
 ""SHA256"": ""1fcd1f4a6cbf830b92aef1866a250a0887a4b9706233868bc9e3a1c770f6abc1""
}",_appinstalld,2026-08-27T19:48:33.0000008Z,1556480,false
" 1105"," 1",/usr/sbin/distnoted,/usr/sbin/distnoted agent,/usr/sbin/distnoted,"{
 ""MD5"": ""bdfc6332efdc373bbcfcff26b1c5acad"",
 ""SHA1"": ""5c76ffa37daee4590c126b8790ac737bd4ed0304"",
 ""SHA256"": ""1fcd1f4a6cbf830b92aef1866a250a0887a4b9706233868bc9e3a1c770f6abc1""
}",_securityagent,2026-08-27T19:48:33.000000898Z,1605632,false
" 1107"," 1",/System/Library/PrivateFrameworks/CoreSpeech.framework/corespeechd,/System/Library/PrivateFrameworks/CoreSpeech.framework/corespeechd,/System/Library/PrivateFrameworks/CoreSpeech.framework/corespeechd,"{
 ""MD5"": ""d8fb4eceda11ec4db847f36ce07ca321"",
 ""SHA1"": ""a09cf7fa92881c12d3b9eb64d5ae6822cbaaaf97"",
 ""SHA256"": ""7ae3d29060e379e48e34ad9386da53b06045c65226a258f48375bbd0201a4e08""
}",REDACTED_USER,2026-08-27T19:48:34.000000034Z,10043392,false
" 1115"," 1",/usr/libexec/modelmanagerd,/usr/libexec/modelmanagerd,/usr/libexec/modelmanagerd,"{
 ""MD5"": ""513fc60538ff840653a9d688bfc5cf30"",
 ""SHA1"": ""39ea76565b18383891aaf050066da7713ff6cb92"",
 ""SHA256"": ""c3867653abec37d4eccea1d13c94e521ab9e7a61dbe0645ceb034211e3b99a18""
}",_modelmanagerd,2026-08-27T19:48:34.000000733Z,4980736,false
" 1122"," 1",/System/Library/Frameworks/CoreServices.framework/Versions/A/Frameworks/Metadata.framework/Versions/A/Support/corespotlightd,/System/Library/Frameworks/CoreServices.framework/Versions/A/Frameworks/Metadata.framework/Versions/A/Support/corespotlightd,/System/Library/Frameworks/CoreServices.framework/Versions/A/Frameworks/Metadata.framework/Versions/A/Support/corespotlightd,"{
 ""MD5"": ""51e238346104ade965b5cd08b0a079b9"",
 ""SHA1"": ""f895f7b1c58fad3f7d3c4ac152c37795230310d3"",
 ""SHA256"": ""c213e849a67331cf5a2cde4b5d064af7d35f4173d3dd3678f8b0194f3b6ec428""
}",REDACTED_USER,2026-08-27T19:48:35.00000048Z,59621376,false
" 1145"," 1",/usr/sbin/distnoted,/usr/sbin/distnoted agent,/usr/sbin/distnoted,"{
 ""MD5"": ""bdfc6332efdc373bbcfcff26b1c5acad"",
 ""SHA1"": ""5c76ffa37daee4590c126b8790ac737bd4ed0304"",
 ""SHA256"": ""1fcd1f4a6cbf830b92aef1866a250a0887a4b9706233868bc9e3a1c770f6abc1""
}",_appleevents,2026-08-27T19:48:39.000000466Z,1540096,false
" 1150"," 1",/System/Library/Frameworks/ApplicationServices.framework/Frameworks/ATS.framework/Support/fontd,/System/Library/Frameworks/ApplicationServices.framework/Frameworks/ATS.framework/Support/fontd,/System/Library/Frameworks/ApplicationServices.framework/Versions/A/Frameworks/ATS.framework/Versions/A/Support/fontd,"{
 ""MD5"": ""5c58fefb0c4e562d72563e2e75a761ea"",
 ""SHA1"": ""0bff769b65848880cd6fe9fbb3cd9b5c530fd651"",
 ""SHA256"": ""a3c33cc4644b010d8b84b2b85e7a8e5b925a4942d5e95dbe52f9edc03d7e6922""
}",REDACTED_USER,2026-08-27T19:48:40.0000002Z,5341184,false
" 1151"," 1",/System/Library/PrivateFrameworks/ChronoCore.framework/Support/chronod,/System/Library/PrivateFrameworks/ChronoCore.framework/Support/chronod,/System/Library/PrivateFrameworks/ChronoCore.framework/Support/chronod,"{
 ""MD5"": ""6cd133d87bfaddc298d75ef53cb9e99e"",
 ""SHA1"": ""300cc8a198a251ed37b243094302e3d845da4f6e"",
 ""SHA256"": ""4313f530477042d70bc8e8bd98d7ca53bd47feab8c1f3035208678d5d9b4507a""
}",REDACTED_USER,2026-08-27T19:48:40.000000235Z,23232512,false
" 1153"," 1",/System/Library/Frameworks/ApplicationServices.framework/Versions/A/Frameworks/ATS.framework/Versions/A/Support/fontworker,/System/Library/Frameworks/ApplicationServices.framework/Versions/A/Frameworks/ATS.framework/Versions/A/Support/fontworker,/System/Library/Frameworks/ApplicationServices.framework/Versions/A/Frameworks/ATS.framework/Versions/A/Support/fontworker,"{
 ""MD5"": ""391c6d00ada3d691c5e533d0fc4474e2"",
 ""SHA1"": ""0f723fd1429f0b9fd36547a76ea34cfdf60f5902"",
 ""SHA256"": ""32c39c27f3d77b1dd65ac8b864373c1a00f94328d5541a138b39729c1ff86764""
}",REDACTED_USER,2026-08-27T19:48:40.000000306Z,2572288,false
" 1165"," 1",/System/Library/CoreServices/NotificationCenter.app/Contents/MacOS/NotificationCenter,/System/Library/CoreServices/NotificationCenter.app/Contents/MacOS/NotificationCenter,/System/Library/CoreServices/NotificationCenter.app/Contents/MacOS/NotificationCenter,"{
 ""MD5"": ""196b79eb5c5a0a7e9e66b465d052a989"",
 ""SHA1"": ""5e7d04d05c7e81961135e61d4960d5f374818fe1"",
 ""SHA256"": ""08eb757fc2224d8e9e7d686be806df7fb6c6d9173939cad64c391dde50bccefb""
}",REDACTED_USER,2026-08-27T19:48:41.000000081Z,59424768,false
" 1168"," 1",/System/Library/CoreServices/UIKitSystem.app/Contents/MacOS/UIKitSystem,/System/Library/CoreServices/UIKitSystem.app/Contents/MacOS/UIKitSystem system_app_start,/System/Library/CoreServices/UIKitSystem.app/Contents/MacOS/UIKitSystem,"{
 ""MD5"": ""8007a8d5e48fcbb63c3ce2e43ba48d38"",
 ""SHA1"": ""9cb8826f132d2c9097d45f97193e64588c437ef1"",
 ""SHA256"": ""9c52f5ade6b15a3b3275d06ac6da6c4104c6d2c9535b6ca1ef56f50f17828fb7""
}",REDACTED_USER,2026-08-27T19:48:41.000000556Z,8339456,false
" 1172"," 1",/System/Library/PrivateFrameworks/ViewBridge.framework/Versions/A/XPCServices/ViewBridgeAuxiliary.xpc/Contents/MacOS/ViewBridgeAuxiliary,/System/Library/PrivateFrameworks/ViewBridge.framework/Versions/A/XPCServices/ViewBridgeAuxiliary.xpc/Contents/MacOS/ViewBridgeAuxiliary,/System/Library/PrivateFrameworks/ViewBridge.framework/Versions/A/XPCServices/ViewBridgeAuxiliary.xpc/Contents/MacOS/ViewBridgeAuxiliary,"{
 ""MD5"": ""783d94f1905b0ff0235d59cdaf4a806e"",
 ""SHA1"": ""c88ae77a50eaf9e6a17fcc766f762471fd37d14b"",
 ""SHA256"": ""eb83a9f1ce79d3dc8663546b2a6bf99b86582d3e440f4ccd92831d91428b648c""
}",REDACTED_USER,2026-08-27T19:48:41.000000631Z,5996544,false
" 1173"," 1",/System/Library/Frameworks/CoreServices.framework/Versions/A/Frameworks/Metadata.framework/Versions/A/Support/mdbulkimport,/System/Library/Frameworks/CoreServices.framework/Versions/A/Frameworks/Metadata.framework/Versions/A/Support/mdbulkimport -s mdworker-bundle -c MDSImporterBundleFinder -m com.apple.metadata.mdbulkimport,/System/Library/Frameworks/CoreServices.framework/Versions/A/Frameworks/Metadata.framework/Versions/A/Support/mdbulkimport,"{
 ""MD5"": ""2f25bf5180001263446c649c100bac18"",
 ""SHA1"": ""66b9dafca187d064e097ce7ff06e8aac9ab8eedb"",
 ""SHA256"": ""97b4e37c0c737e952dd6e3c556ad158f5a01bba615b01b8786bb441fabc99905""
}",REDACTED_USER,2026-08-27T19:48:41.000000643Z,4718592,false
" 1174"," 1",/System/Library/PrivateFrameworks/UserActivity.framework/Agents/useractivityd,/System/Library/PrivateFrameworks/UserActivity.framework/Agents/useractivityd,/System/Library/PrivateFrameworks/UserActivity.framework/Agents/useractivityd,"{
 ""MD5"": ""6d3c94f025d5e21dfba61fb21d638ce4"",
 ""SHA1"": ""1e4bf5b5c720da1f277c9f80511cc281311d2a6a"",
 ""SHA256"": ""de69811d1c73f5f4e6b94bc7ac3e7bab802aa7e17a87d621ae2759571a6c7207""
}",REDACTED_USER,2026-08-27T19:48:41.000000668Z,6864896,false
" 1175"," 1",/System/Library/PrivateFrameworks/MediaRemote.framework/Support/mediaremoteagent,/System/Library/PrivateFrameworks/MediaRemote.framework/Support/mediaremoteagent,/System/Library/PrivateFrameworks/MediaRemote.framework/Support/mediaremoteagent,"{
 ""MD5"": ""4c1dbc8a7dfefc2b58d3769562fc5c9e"",
 ""SHA1"": ""f6b08af609f93710b8026a8009bc6ae678dec3a4"",
 ""SHA256"": ""6663a2cd48a7955a71977286c2e69aae1bda3170227da32373086d465b5a1722""
}",REDACTED_USER,2026-08-27T19:48:41.000000674Z,1736704,false
" 1176"," 1",/usr/libexec/avconferenced,/usr/libexec/avconferenced,/usr/libexec/avconferenced,"{
 ""MD5"": ""3931ed9c74a74d0825f7981d0f5295ed"",
 ""SHA1"": ""28d74f84b6c734a123870034ddefc140254db4db"",
 ""SHA256"": ""b1d3815404a87d05a57320f3e4fa0a72284eccc987fae9d71629d1ee80e42ef1""
}",REDACTED_USER,2026-08-27T19:48:41.000000682Z,10485760,false
" 1189"," 1",/System/Library/PrivateFrameworks/CoreFP.framework/Versions/A/fairplayd,/System/Library/PrivateFrameworks/CoreFP.framework/Versions/A/fairplayd,/System/Library/PrivateFrameworks/CoreFP.framework/Versions/A/fairplayd,"{
 ""MD5"": ""b500316b02f02e2cd4a582d046e4b7e4"",
 ""SHA1"": ""3da62c47cace1d11e30c6ee508874d1f2e6e4cef"",
 ""SHA256"": ""12a1c55e5381dbe3de3b3c310e5e87052dcee02020498c19b1918466b148e2e8""
}",_fpsd,2026-08-27T19:48:42.000000868Z,1605632,false
" 1195"," 1",/usr/sbin/distnoted,/usr/sbin/distnoted agent,/usr/sbin/distnoted,"{
 ""MD5"": ""bdfc6332efdc373bbcfcff26b1c5acad"",
 ""SHA1"": ""5c76ffa37daee4590c126b8790ac737bd4ed0304"",
 ""SHA256"": ""1fcd1f4a6cbf830b92aef1866a250a0887a4b9706233868bc9e3a1c770f6abc1""
}",_gamecontrollerd,2026-08-27T19:48:43.000000098Z,1540096,false
" 1198"," 1",/usr/sbin/distnoted,/usr/sbin/distnoted agent,/usr/sbin/distnoted,"{
 ""MD5"": ""bdfc6332efdc373bbcfcff26b1c5acad"",
 ""SHA1"": ""5c76ffa37daee4590c126b8790ac737bd4ed0304"",
 ""SHA256"": ""1fcd1f4a6cbf830b92aef1866a250a0887a4b9706233868bc9e3a1c770f6abc1""
}",_applepay,2026-08-27T19:48:43.000000651Z,1540096,false
" 1212"," 1",/System/Library/CoreServices/ControlCenter.app/Contents/MacOS/ControlCenter,/System/Library/CoreServices/ControlCenter.app/Contents/MacOS/ControlCenter,/System/Library/CoreServices/ControlCenter.app/Contents/MacOS/ControlCenter,"{
 ""MD5"": ""fcc37fe698b3d475ef762c876374f8c9"",
 ""SHA1"": ""920794931c0acdf91b855fce8c94fcab9ef7f7a8"",
 ""SHA256"": ""a3eed2b953cff36f44de8e1b6d9a579c7203425717ddb9503f8480796c6c971d""
}",REDACTED_USER,2026-08-27T19:48:45.00000018Z,30162944,false
" 12264"," 1",/System/Library/PrivateFrameworks/StatusKit.framework/StatusKitAgent,/System/Library/PrivateFrameworks/StatusKit.framework/StatusKitAgent,/System/Library/PrivateFrameworks/StatusKit.framework/StatusKitAgent,"{
 ""MD5"": ""c4c009d33c62fd0a166f6a15a94685d5"",
 ""SHA1"": ""2e2881070354b9cfaafb656d315427621cf614fa"",
 ""SHA256"": ""1f08c6bc799b3a1ee3df9a704f1e386e1ab0c96287e238bfee22e77a1fdb5766""
}",REDACTED_USER,2026-08-31T20:53:09.000000064Z,7897088,false
" 1263"," 1",/System/Library/PrivateFrameworks/PassKitCore.framework/passd,/System/Library/PrivateFrameworks/PassKitCore.framework/passd,/System/Library/PrivateFrameworks/PassKitCore.framework/passd,"{
 ""MD5"": ""4054e6a0bfbf0a9b65e178984dfbf252"",
 ""SHA1"": ""76414236c12ce1690b5206f7999d06d95a4c49fc"",
 ""SHA256"": ""f738624b1ff07d5fc94c3dc4ad5a0a26966dcc07f242861f8785abfa69050020""
}",REDACTED_USER,2026-08-27T19:48:52.000000105Z,7864320,false
" 1271"," 1",/System/Library/CoreServices/Dock.app/Contents/PlugIns/DockControls.appex/Contents/MacOS/DockControls,/System/Library/CoreServices/Dock.app/Contents/PlugIns/DockControls.appex/Contents/MacOS/DockControls -LaunchArguments eyJlbmhhbmNlZFNlY3VyaXR5IjpmYWxzZSwidHlwZSI6MSwic2VydmljZU5hbWUiOiJjb20uYXBwbGUuZG9jay5jb250cm9scyJ9,/System/Library/CoreServices/Dock.app/Contents/PlugIns/DockControls.appex/Contents/MacOS/DockControls,"{
 ""MD5"": ""4104f5d3fabb5ae6ec39ee3aa7b60bfb"",
 ""SHA1"": ""02304b36bca340c9007bda70452e6cc6090855e8"",
 ""SHA256"": ""cde9b7ab06c5e05f1be4d521bf55cdc6c347202d6380886ccda519a1ede9eba9""
}",REDACTED_USER,2026-08-27T19:48:52.000000867Z,2850816,false
" 1272"," 1",/System/Applications/Notes.app/Contents/PlugIns/com.apple.Notes.WidgetExtension.appex/Contents/MacOS/com.apple.Notes.WidgetExtension,/System/Applications/Notes.app/Contents/PlugIns/com.apple.Notes.WidgetExtension.appex/Contents/MacOS/com.apple.Notes.WidgetExtension -LaunchArguments eyJ0eXBlIjoxLCJlbmhhbmNlZFNlY3VyaXR5IjpmYWxzZSwic2VydmljZU5hbWUiOiJjb20uYXBwbGUuTm90ZXMuV2lkZ2V0RXh0ZW5zaW9uIn0=,/System/Applications/Notes.app/Contents/PlugIns/com.apple.Notes.WidgetExtension.appex/Contents/MacOS/com.apple.Notes.WidgetExtension,"{
 ""MD5"": ""9948d4f2eec13a7468f678069d75e282"",
 ""SHA1"": ""6af85c89e76f4e00cbeb5246849b1f4369961385"",
 ""SHA256"": ""9fe8ea39b288ed70c7652f60f0eafae6331c1255c076de3f7a414de1603a0113""
}",REDACTED_USER,2026-08-27T19:48:53.000000036Z,3162112,false
" 1273"," 1",/System/Library/ExtensionKit/Extensions/NotificationsSettingsIntents.appex/Contents/MacOS/NotificationsSettingsIntents,/System/Library/ExtensionKit/Extensions/NotificationsSettingsIntents.appex/Contents/MacOS/NotificationsSettingsIntents -LaunchArguments eyJ0eXBlIjoxLCJlbmhhbmNlZFNlY3VyaXR5IjpmYWxzZSwic2VydmljZU5hbWUiOiJjb20uYXBwbGUubm90aWZpY2F0aW9ucy5Ob3RpZmljYXRpb25zU2V0dGluZ3NJbnRlbnRzIn0=,/System/Library/ExtensionKit/Extensions/NotificationsSettingsIntents.appex/Contents/MacOS/NotificationsSettingsIntents,"{
 ""MD5"": ""b862ab2f32e4b07fb6d578900459df17"",
 ""SHA1"": ""e627416ba4655743e700cfb75aa5341d14362938"",
 ""SHA256"": ""0a4bfbdc5173a46a09baa6c7b5e0dfd7b0827a0fb91148c7648bcca30c23de1b""
}",REDACTED_USER,2026-08-27T19:48:53.000000128Z,2998272,false
" 1274"," 1",/System/Library/ExtensionKit/Extensions/ControlCenterSettingsIntents.appex/Contents/MacOS/ControlCenterSettingsIntents,/System/Library/ExtensionKit/Extensions/ControlCenterSettingsIntents.appex/Contents/MacOS/ControlCenterSettingsIntents -LaunchArguments eyJ0eXBlIjoxLCJlbmhhbmNlZFNlY3VyaXR5IjpmYWxzZSwic2VydmljZU5hbWUiOiJjb20uYXBwbGUuY29udHJvbGNlbnRlci5Db250cm9sQ2VudGVyU2V0dGluZ3NJbnRlbnRzIn0=,/System/Library/ExtensionKit/Extensions/ControlCenterSettingsIntents.appex/Contents/MacOS/ControlCenterSettingsIntents,"{
 ""MD5"": ""91f1241c690d6eace8237fb996baff23"",
 ""SHA1"": ""04eaf422831af7e29775a588449762fd32500979"",
 ""SHA256"": ""8af976ed9cffa1dfc890ba3297771a9f19ebbbed0dbb761698f450ec95f15b38""
}",REDACTED_USER,2026-08-27T19:48:53.00000032Z,2899968,false
" 1276"," 1",/System/Applications/Shortcuts.app/Contents/PlugIns/ShortcutLiveActivityWidgetExtension.appex/Contents/MacOS/ShortcutLiveActivityWidgetExtension,/System/Applications/Shortcuts.app/Contents/PlugIns/ShortcutLiveActivityWidgetExtension.appex/Contents/MacOS/ShortcutLiveActivityWidgetExtension -LaunchArguments eyJ0eXBlIjoxLCJlbmhhbmNlZFNlY3VyaXR5IjpmYWxzZSwic2VydmljZU5hbWUiOiJjb20uYXBwbGUuc2hvcnRjdXRzLlNob3J0Y3V0TGl2ZUFjdGl2aXR5V2lkZ2V0In0=,/System/Applications/Shortcuts.app/Contents/PlugIns/ShortcutLiveActivityWidgetExtension.appex/Contents/MacOS/ShortcutLiveActivityWidgetExtension,"{
 ""MD5"": ""9d2737cfda8862d62a3721b168bbaa5e"",
 ""SHA1"": ""9e356fb1317be8866fcf97b4fece465f289d09a8"",
 ""SHA256"": ""29e1686fb7056ebfeb5ab3f03efb933fec9834c5aa8c5bc2b4a5f481aed7b8bd""
}",REDACTED_USER,2026-08-27T19:48:53.000000468Z,1884160,false
" 1282"," 1",/System/Library/CoreServices/Batteries.app/Contents/PlugIns/BatteriesAvocadoWidgetExtension.appex/Contents/MacOS/BatteriesAvocadoWidgetExtension,/System/Library/CoreServices/Batteries.app/Contents/PlugIns/BatteriesAvocadoWidgetExtension.appex/Contents/MacOS/BatteriesAvocadoWidgetExtension -LaunchArguments eyJ0eXBlIjoxLCJlbmhhbmNlZFNlY3VyaXR5IjpmYWxzZSwic2VydmljZU5hbWUiOiJjb20uYXBwbGUuQmF0dGVyaWVzLkJhdHRlcmllc0F2b2NhZG9XaWRnZXRFeHRlbnNpb24ifQ==,/System/Library/CoreServices/Batteries.app/Contents/PlugIns/BatteriesAvocadoWidgetExtension.appex/Contents/MacOS/BatteriesAvocadoWidgetExtension,"{
 ""MD5"": ""84f93b5a0dd836407acee2df5d455fec"",
 ""SHA1"": ""23a41d4a72d21fff207d6d20d110043017610646"",
 ""SHA256"": ""32a44a1e0b729afc9c98619eab3444041ee2aaf816e9392cdfa27218eab0cd4d""
}",REDACTED_USER,2026-08-27T19:48:53.000000791Z,15171584,false
" 1285"," 1",/System/Applications/Clock.app/Contents/PlugIns/WorldClockWidget.appex/Contents/MacOS/WorldClockWidget,/System/Applications/Clock.app/Contents/PlugIns/WorldClockWidget.appex/Contents/MacOS/WorldClockWidget -LaunchArguments eyJ0eXBlIjoxLCJlbmhhbmNlZFNlY3VyaXR5IjpmYWxzZSwic2VydmljZU5hbWUiOiJjb20uYXBwbGUuY2xvY2suV29ybGRDbG9ja1dpZGdldCJ9,/System/Applications/Clock.app/Contents/PlugIns/WorldClockWidget.appex/Contents/MacOS/WorldClockWidget,"{
 ""MD5"": ""b81d4d01d268a3997a013caa447e3b2f"",
 ""SHA1"": ""945609f855a45b3e746f5347e4b5d61322143d2e"",
 ""SHA256"": ""3e878e1dd2b4877da77a6655b1e19c737beb6eea387d86fe89aae11b6d159a06""
}",REDACTED_USER,2026-08-27T19:48:54.000000048Z,10027008,false
" 1286"," 1",/System/Applications/Calendar.app/Contents/PlugIns/CalendarWidgetExtension.appex/Contents/MacOS/CalendarWidgetExtension,/System/Applications/Calendar.app/Contents/PlugIns/CalendarWidgetExtension.appex/Contents/MacOS/CalendarWidgetExtension -LaunchArguments eyJ0eXBlIjoxLCJlbmhhbmNlZFNlY3VyaXR5IjpmYWxzZSwic2VydmljZU5hbWUiOiJjb20uYXBwbGUuaUNhbC5DYWxlbmRhcldpZGdldEV4dGVuc2lvbiJ9,/System/Applications/Calendar.app/Contents/PlugIns/CalendarWidgetExtension.appex/Contents/MacOS/CalendarWidgetExtension,"{
 ""MD5"": ""6c5e1d7a866e4a82cf852a7f0d311a7a"",
 ""SHA1"": ""c57d91382e2d36fdd3a85b412a14ab35d0668c06"",
 ""SHA256"": ""f2bec232a9c40b37d1f2d09092930b3666d94f3ba0d92b1098d437601f189979""
}",REDACTED_USER,2026-08-27T19:48:54.000000107Z,6651904,false
" 1287"," 1",/System/Applications/Notes.app/Contents/PlugIns/com.apple.Notes.IntentsExtension.appex/Contents/MacOS/com.apple.Notes.IntentsExtension,"/System/Applications/Notes.app/Contents/PlugIns/com.apple.Notes.IntentsExtension.appex/Contents/MacOS/com.apple.Notes.IntentsExtension -AppleLanguages (""en-US"", ""de-DE"")",/System/Applications/Notes.app/Contents/PlugIns/com.apple.Notes.IntentsExtension.appex/Contents/MacOS/com.apple.Notes.IntentsExtension,"{
 ""MD5"": ""2b0908a9fde9b4629352a9f3056d7dc9"",
 ""SHA1"": ""e2e84c21aa5adc1dca28d6cd750070609dcc8cb3"",
 ""SHA256"": ""508f75c62ca6fede011cd95e5f829665ac764c88218b288a8c1792ab90749acb""
}",REDACTED_USER,2026-08-27T19:48:54.000000151Z,3080192,false
" 1290"," 1",/System/Library/ExtensionKit/Extensions/WallpaperSettingsIntents.appex/Contents/MacOS/WallpaperSettingsIntents,/System/Library/ExtensionKit/Extensions/WallpaperSettingsIntents.appex/Contents/MacOS/WallpaperSettingsIntents -LaunchArguments eyJ0eXBlIjoxLCJlbmhhbmNlZFNlY3VyaXR5IjpmYWxzZSwic2VydmljZU5hbWUiOiJjb20uYXBwbGUuc2V0dGluZ3MtaW50ZW50cy5XYWxscGFwZXJJbnRlbnRzIn0=,/System/Library/ExtensionKit/Extensions/WallpaperSettingsIntents.appex/Contents/MacOS/WallpaperSettingsIntents,"{
 ""MD5"": ""8363ec873dc7dc10663413df158c745a"",
 ""SHA1"": ""f17f522d4cb354506a39e5f13374772cde026770"",
 ""SHA256"": ""9af91b33a8b4addbc2296f543d093f23a8d31886f1d6f16e3b00d056aeb5db11""
}",REDACTED_USER,2026-08-27T19:48:54.000000222Z,2883584,false
" 1295"," 1",/System/Library/PrivateFrameworks/AppStoreDaemon.framework/Support/appstoreagent,/System/Library/PrivateFrameworks/AppStoreDaemon.framework/Support/appstoreagent,/System/Library/PrivateFrameworks/AppStoreDaemon.framework/Support/appstoreagent,"{
 ""MD5"": ""ff4fdab3f19bbdea02f45fb4c1f3f501"",
 ""SHA1"": ""7c0bb360b6a4e51b0df89751f7d67fd4596d2a94"",
 ""SHA256"": ""6a492fac0806694160445015f3d8b224af30a79a52a37172ab4f694363ecc7a4""
}",REDACTED_USER,2026-08-27T19:48:54.000000854Z,11108352,false
" 1297"," 1",/System/Library/CoreServices/WallpaperAgent.app/Contents/PlugIns/WallpaperControlsExtension.appex/Contents/MacOS/WallpaperControlsExtension,/System/Library/CoreServices/WallpaperAgent.app/Contents/PlugIns/WallpaperControlsExtension.appex/Contents/MacOS/WallpaperControlsExtension -LaunchArguments eyJ0eXBlIjoxLCJlbmhhbmNlZFNlY3VyaXR5IjpmYWxzZSwic2VydmljZU5hbWUiOiJjb20uYXBwbGUud2FsbHBhcGVyLmFnZW50LmNvbnRyb2xzIn0=,/System/Library/CoreServices/WallpaperAgent.app/Contents/PlugIns/WallpaperControlsExtension.appex/Contents/MacOS/WallpaperControlsExtension,"{
 ""MD5"": ""eda849b6e9bfac855598a98562812165"",
 ""SHA1"": ""47fe7542cabc6ef5fd73aff58573131cf6196b43"",
 ""SHA256"": ""b7fb79a04b1666d886bcf90f876a1761d89c7f1bf06edce6003a5f2805773e50""
}",REDACTED_USER,2026-08-27T19:48:54.000000892Z,2883584,false
" 1298"," 1",/System/Library/PrivateFrameworks/MobileTimer.framework/PlugIns/MobileTimerIntents.appex/Contents/MacOS/MobileTimerIntents,"/System/Library/PrivateFrameworks/MobileTimer.framework/PlugIns/MobileTimerIntents.appex/Contents/MacOS/MobileTimerIntents -AppleLanguages (""en-US"", ""de-DE"")",/System/Library/PrivateFrameworks/MobileTimer.framework/PlugIns/MobileTimerIntents.appex/Contents/MacOS/MobileTimerIntents,"{
 ""MD5"": ""196fa7161ac34faf0ab7270d4df5f9e3"",
 ""SHA1"": ""bde010f8223166e977787a8a7b83068d69ce20ac"",
 ""SHA256"": ""cabd8a6782133cabb4c4d1428aec46bfee38982080c4afbd202d49361b4c9004""
}",REDACTED_USER,2026-08-27T19:48:54.000000912Z,2686976,false
" 1299"," 1",/System/Applications/Photos.app/Contents/PlugIns/PhotosReliveWidget.appex/Contents/MacOS/PhotosReliveWidget,/System/Applications/Photos.app/Contents/PlugIns/PhotosReliveWidget.appex/Contents/MacOS/PhotosReliveWidget -LaunchArguments eyJ0eXBlIjoxLCJlbmhhbmNlZFNlY3VyaXR5IjpmYWxzZSwic2VydmljZU5hbWUiOiJjb20uYXBwbGUuUGhvdG9zLlBob3Rvc1JlbGl2ZVdpZGdldCJ9,/System/Applications/Photos.app/Contents/PlugIns/PhotosReliveWidget.appex/Contents/MacOS/PhotosReliveWidget,"{
 ""MD5"": ""768131c2c708588903439f5da8b62775"",
 ""SHA1"": ""93a4032a39683a9e1b679172e2fedb00a50eeac5"",
 ""SHA256"": ""c94e3fde7b4d22f6778d81e8794a081c3be7919c3af445db561d180a8b68d340""
}",REDACTED_USER,2026-08-27T19:48:54.000000922Z,5128192,false
" 1301"," 1",/System/Library/CoreServices/Dock.app/Contents/MacOS/Dock,/System/Library/CoreServices/Dock.app/Contents/MacOS/Dock,/System/Library/CoreServices/Dock.app/Contents/MacOS/Dock,"{
 ""MD5"": ""9f82848926f3a2e6ec68f629d6547d53"",
 ""SHA1"": ""4202ffbbed40ce94a2a6d35e1b52ec6e944b5016"",
 ""SHA256"": ""10d4bacc207d9dd51ff6940f7a18cf151a6196d29d27cb6b8482600bff6b4952""
}",REDACTED_USER,2026-08-27T19:48:54.000000995Z,14008320,false
" 1302"," 1",/System/Library/CoreServices/SystemUIServer.app/Contents/MacOS/SystemUIServer,/System/Library/CoreServices/SystemUIServer.app/Contents/MacOS/SystemUIServer,/System/Library/CoreServices/SystemUIServer.app/Contents/MacOS/SystemUIServer,"{
 ""MD5"": ""51b57bdcf64594f5bae5637fffc9ca2a"",
 ""SHA1"": ""b588ce9c8474c162a825122515d177c77ece4bd8"",
 ""SHA256"": ""140d4b0d0d49b66f45d0271adaac4674c327a375bc4fa88940e926689d8e9e5d""
}",REDACTED_USER,2026-08-27T19:48:55.000000032Z,4521984,false
" 1303"," 1",/System/Library/CoreServices/Finder.app/Contents/MacOS/Finder,/System/Library/CoreServices/Finder.app/Contents/MacOS/Finder,/System/Library/CoreServices/Finder.app/Contents/MacOS/Finder,"{
 ""MD5"": ""b94168336b78a162a911c676455d2a25"",
 ""SHA1"": ""37a1bda33cf11281c33d60a8b12fede4523a807f"",
 ""SHA256"": ""7179cf4ee3ce4ff6f220d8e477658372a38e03e72e2bed39db519b4c7519a5a8""
}",REDACTED_USER,2026-08-27T19:48:55.000000046Z,26394624,false
" 1305"," 1",/System/Applications/Weather.app/Contents/PlugIns/WeatherIntents.appex/Contents/MacOS/WeatherIntents,"/System/Applications/Weather.app/Contents/PlugIns/WeatherIntents.appex/Contents/MacOS/WeatherIntents -AppleLanguages (""en-US"", ""de-DE"")",/System/Applications/Weather.app/Contents/PlugIns/WeatherIntents.appex/Contents/MacOS/WeatherIntents,"{
 ""MD5"": ""802b7a58a73eb3108fbccffc20ef9044"",
 ""SHA1"": ""6ad368924bf6f3d9be8cc979ee03b9efe3868ffc"",
 ""SHA256"": ""cd0b1afef1d47a9e3de89ec257e0b572159c7e3a7fbc330207676044bc0d51b4""
}",REDACTED_USER,2026-08-27T19:48:55.00000007Z,3817472,false
" 1307"," 1",/System/Library/CoreServices/diagnostics_agent,/System/Library/CoreServices/diagnostics_agent,/System/Library/CoreServices/diagnostics_agent,"{
 ""MD5"": ""a19606337fa5e54ba1ea02e7ea723e23"",
 ""SHA1"": ""e1f6f1f5a77c4b1267c94b019ca438c893772750"",
 ""SHA256"": ""b81b1e870d28040785c66b2535f8bf31c09288619f9e50e1179627823efb5200""
}",REDACTED_USER,2026-08-27T19:48:55.000000095Z,5488640,false
" 1310"," 1",/System/Library/CoreServices/WallpaperAgent.app/Contents/MacOS/WallpaperAgent,/System/Library/CoreServices/WallpaperAgent.app/Contents/MacOS/WallpaperAgent,/System/Library/CoreServices/WallpaperAgent.app/Contents/MacOS/WallpaperAgent,"{
 ""MD5"": ""e41bedb52f4493d36a9bfb2fc249180a"",
 ""SHA1"": ""c006ea2c8344197561793f3fa7fcd0e8351d0735"",
 ""SHA256"": ""9e1dee8813b2834a659921797f32863d6ec73da668a1bc545864e4c28ced5252""
}",REDACTED_USER,2026-08-27T19:48:55.000000166Z,8470528,false
" 1313"," 1",automountd,automountd,/usr/libexec/automountd,"{
 ""MD5"": ""645c559e0d8907769b6693e534b223b4"",
 ""SHA1"": ""c4864138d45fe334790cf6640aac75e8dd67496f"",
 ""SHA256"": ""c7d3a7d930b0e65851a8f091aaede4c71f54fbb0e2535dd4c359cc996988c6f0""
}",root,2026-08-27T19:48:55.000000329Z,1212416,false
" 1314"," 1",/System/Library/PrivateFrameworks/AMPDevices.framework/Versions/A/Support/AMPDeviceDiscoveryAgent,/System/Library/PrivateFrameworks/AMPDevices.framework/Versions/A/Support/AMPDeviceDiscoveryAgent --launchd,/System/Library/PrivateFrameworks/AMPDevices.framework/Versions/A/Support/AMPDeviceDiscoveryAgent,"{
 ""MD5"": ""b971ab13b0af06190c878a6db4273abc"",
 ""SHA1"": ""9590f944410de33688fe2f61b5fb7ab7aedaec0d"",
 ""SHA256"": ""c039cab3113b7203955739afc1c4ad713f82a629dd524cf52125d060dfba3d87""
}",REDACTED_USER,2026-08-27T19:48:55.000000351Z,2293760,false
" 1319"," 1",/System/Library/CoreServices/WindowManager.app/Contents/PlugIns/WindowManagerControlsExtension.appex/Contents/MacOS/WindowManagerControlsExtension,/System/Library/CoreServices/WindowManager.app/Contents/PlugIns/WindowManagerControlsExtension.appex/Contents/MacOS/WindowManagerControlsExtension -LaunchArguments eyJ0eXBlIjoxLCJlbmhhbmNlZFNlY3VyaXR5IjpmYWxzZSwic2VydmljZU5hbWUiOiJjb20uYXBwbGUuV2luZG93TWFuYWdlci5jb250cm9scyJ9,/System/Library/CoreServices/WindowManager.app/Contents/PlugIns/WindowManagerControlsExtension.appex/Contents/MacOS/WindowManagerControlsExtension,"{
 ""MD5"": ""99e5d4b2f19717a28762d469c97868af"",
 ""SHA1"": ""d08aee4462b75fa5f2d21abb4ec0696b4b82f107"",
 ""SHA256"": ""c47d6c49867f3a372f9ad7f81feef65a1d5e9badd8e06c03cc5752711d3b1ca8""
}",REDACTED_USER,2026-08-27T19:48:55.000000591Z,4030464,false
" 1324"," 1",/System/Library/Frameworks/CryptoTokenKit.framework/ctkahp.bundle/Contents/MacOS/ctkahp,/System/Library/Frameworks/CryptoTokenKit.framework/ctkahp.bundle/Contents/MacOS/ctkahp -d,/System/Library/Frameworks/CryptoTokenKit.framework/ctkahp.bundle/Contents/MacOS/ctkahp,"{
 ""MD5"": ""4af512adee93fd6459c75e4ff7a03525"",
 ""SHA1"": ""c1612a3159501144060823266b91823c97159993"",
 ""SHA256"": ""42caabdf67172a8a80542093b71d7ba0b13beaea6a4105b276c48872d3d0a8ce""
}",root,2026-08-27T19:48:55.000000768Z,2506752,false
" 1329"," 1",/System/Library/ExtensionKit/Extensions/WallpaperAerialsExtension.appex/Contents/MacOS/WallpaperAerialsExtension,/System/Library/ExtensionKit/Extensions/WallpaperAerialsExtension.appex/Contents/MacOS/WallpaperAerialsExtension -LaunchArguments eyJ0eXBlIjoxLCJzZXJ2aWNlTmFtZSI6ImNvbS5hcHBsZS53YWxscGFwZXIuZXh0ZW5zaW9uLmFlcmlhbHMiLCJlbmhhbmNlZFNlY3VyaXR5IjpmYWxzZX0=,/System/Library/ExtensionKit/Extensions/WallpaperAerialsExtension.appex/Contents/MacOS/WallpaperAerialsExtension,"{
 ""MD5"": ""ea1e49b58312bdc884545ec692c100cc"",
 ""SHA1"": ""96900290bb042ea6628f5d5cebe8c171e4e9156a"",
 ""SHA256"": ""26619b399ecee19d820bd16952a139473b28135f2787d544c6210ed67f9a2d19""
}",REDACTED_USER,2026-08-27T19:48:56.000000011Z,11337728,false
" 1331"," 1",/System/Library/Frameworks/InputMethodKit.framework/Resources/imklaunchagent,/System/Library/Frameworks/InputMethodKit.framework/Resources/imklaunchagent,/System/Library/Frameworks/InputMethodKit.framework/Versions/A/Resources/imklaunchagent,"{
 ""MD5"": ""b7d8f397e28276ac430b444764d7d876"",
 ""SHA1"": ""d9489ecd4c7d8a84f817f99fdfeacf12a0534bfc"",
 ""SHA256"": ""43aa586031d2c5b9bbbd7b2c83d82c98b789ecaa69ef95021fee7420d7fe9bb7""
}",REDACTED_USER,2026-08-27T19:48:56.000000025Z,2916352,false
" 1332"," 1",/System/Library/PrivateFrameworks/CloudDocs.framework/PlugIns/com.apple.CloudDocs.iCloudDriveFileProvider.appex/Contents/MacOS/com.apple.CloudDocs.iCloudDriveFileProvider,/System/Library/PrivateFrameworks/CloudDocs.framework/PlugIns/com.apple.CloudDocs.iCloudDriveFileProvider.appex/Contents/MacOS/com.apple.CloudDocs.iCloudDriveFileProvider -LaunchArguments eyJzZXJ2aWNlTmFtZSI6ImNvbS5hcHBsZS5DbG91ZERvY3MuaUNsb3VkRHJpdmVGaWxlUHJvdmlkZXIiLCJ0eXBlIjoxLCJlbmhhbmNlZFNlY3VyaXR5IjpmYWxzZX0=,/System/Library/PrivateFrameworks/CloudDocs.framework/PlugIns/com.apple.CloudDocs.iCloudDriveFileProvider.appex/Contents/MacOS/com.apple.CloudDocs.iCloudDriveFileProvider,"{
 ""MD5"": ""6ec9694055068f8abd54ab3cf085d0a0"",
 ""SHA1"": ""044e7b2f4156366b7c40c310373dcc775f31c822"",
 ""SHA256"": ""abf5a093d550f78e76e633678e846c265a11e97c20356f89ed3c9d3e8700828c""
}",REDACTED_USER,2026-08-27T19:48:56.000000133Z,6586368,false
" 1336"," 1",/System/Library/PrivateFrameworks/TextInputUIMacHelper.framework/Versions/A/XPCServices/CursorUIViewService.xpc/Contents/MacOS/CursorUIViewService,/System/Library/PrivateFrameworks/TextInputUIMacHelper.framework/Versions/A/XPCServices/CursorUIViewService.xpc/Contents/MacOS/CursorUIViewService,/System/Library/PrivateFrameworks/TextInputUIMacHelper.framework/Versions/A/XPCServices/CursorUIViewService.xpc/Contents/MacOS/CursorUIViewService,"{
 ""MD5"": ""a2ce7fa087a0d13f907ad258551ab8a7"",
 ""SHA1"": ""11baf457131e580a97b60a88d0957a1463d9fad6"",
 ""SHA256"": ""17391c80829ba0345761507c8ab5d908aaa87d5335dec980c8708a35dfd1cb12""
}",REDACTED_USER,2026-08-27T19:48:56.000000848Z,18284544,false
" 1342"," 1",/System/Library/Frameworks/CryptoTokenKit.framework/ctkahp.bundle/Contents/MacOS/ctkahp,/System/Library/Frameworks/CryptoTokenKit.framework/ctkahp.bundle/Contents/MacOS/ctkahp,/System/Library/Frameworks/CryptoTokenKit.framework/ctkahp.bundle/Contents/MacOS/ctkahp,"{
 ""MD5"": ""4af512adee93fd6459c75e4ff7a03525"",
 ""SHA1"": ""c1612a3159501144060823266b91823c97159993"",
 ""SHA256"": ""42caabdf67172a8a80542093b71d7ba0b13beaea6a4105b276c48872d3d0a8ce""
}",REDACTED_USER,2026-08-27T19:48:57.000000367Z,2637824,false
" 1346"," 1",/System/Library/ExtensionKit/Extensions/WallpaperImageExtension.appex/Contents/MacOS/WallpaperImageExtension,/System/Library/ExtensionKit/Extensions/WallpaperImageExtension.appex/Contents/MacOS/WallpaperImageExtension -LaunchArguments eyJzZXJ2aWNlTmFtZSI6ImNvbS5hcHBsZS53YWxscGFwZXIuZXh0ZW5zaW9uLmltYWdlIiwidHlwZSI6MSwiZW5oYW5jZWRTZWN1cml0eSI6ZmFsc2V9,/System/Library/ExtensionKit/Extensions/WallpaperImageExtension.appex/Contents/MacOS/WallpaperImageExtension,"{
 ""MD5"": ""f3220c53dea54bbd56b1c51bcd3005e6"",
 ""SHA1"": ""5b4ada8ebf9200164cbdf44754b899807a61fa99"",
 ""SHA256"": ""9e46e671d82eed87ba08871c0dd1ffdbce9e0cd03ae4052820f3a53c812d1b74""
}",REDACTED_USER,2026-08-27T19:48:57.000000408Z,4489216,false
" 1347"," 1",/System/Library/Input Methods/PressAndHold.app/Contents/PlugIns/PAH_Extension.appex/Contents/MacOS/PAH_Extension,"/System/Library/Input Methods/PressAndHold.app/Contents/PlugIns/PAH_Extension.appex/Contents/MacOS/PAH_Extension -AppleLanguages (""en-US"", ""de-DE"")",/System/Library/Input Methods/PressAndHold.app/Contents/PlugIns/PAH_Extension.appex/Contents/MacOS/PAH_Extension,"{
 ""MD5"": ""7ed7487863ba1e30b876f4355f35a9f4"",
 ""SHA1"": ""8f94c7124bc27b3259b117e96376033985500cb6"",
 ""SHA256"": ""219a27c2da0d8845844b9f6bb9bae2f0e21b82bd9c5097e3481c84dcc94f22a6""
}",REDACTED_USER,2026-08-27T19:48:57.000000442Z,6520832,false
" 1352"," 1",/System/Applications/Shortcuts.app/Contents/PlugIns/ShortcutsWidgetExtension.appex/Contents/MacOS/ShortcutsWidgetExtension,/System/Applications/Shortcuts.app/Contents/PlugIns/ShortcutsWidgetExtension.appex/Contents/MacOS/ShortcutsWidgetExtension -LaunchArguments eyJ0eXBlIjoxLCJlbmhhbmNlZFNlY3VyaXR5IjpmYWxzZSwic2VydmljZU5hbWUiOiJjb20uYXBwbGUuc2hvcnRjdXRzLlNob3J0Y3V0c1dpZGdldCJ9,/System/Applications/Shortcuts.app/Contents/PlugIns/ShortcutsWidgetExtension.appex/Contents/MacOS/ShortcutsWidgetExtension,"{
 ""MD5"": ""987ff4f7547d7206c702f23044b5f75c"",
 ""SHA1"": ""f63ed1cc60636ec30de100ad5bbecd918b8b0218"",
 ""SHA256"": ""753e766aba13273fbe1cc4025f8b217dfdc76a29d8d4c956e2b01821a43909a3""
}",REDACTED_USER,2026-08-27T19:48:57.000000626Z,2113536,false
" 1359"," 1",/System/Library/CoreServices/Dock.app/Contents/XPCServices/com.apple.dock.extra.xpc/Contents/MacOS/com.apple.dock.extra,/System/Library/CoreServices/Dock.app/Contents/XPCServices/com.apple.dock.extra.xpc/Contents/MacOS/com.apple.dock.extra,/System/Library/CoreServices/Dock.app/Contents/XPCServices/com.apple.dock.extra.xpc/Contents/MacOS/com.apple.dock.extra,"{
 ""MD5"": ""79a98c24a93f26960e35207a4af0b856"",
 ""SHA1"": ""9a4d20ff15c6bd2da016892be27454d0d90299aa"",
 ""SHA256"": ""bd6a87e8e0d598b68de615af0f45988825da6f97ceb4e90e1a5ae1f304e9abf1""
}",REDACTED_USER,2026-08-27T19:48:58.000000327Z,6553600,false
" 1360"," 1",/System/Library/CoreServices/Spotlight.app/Contents/MacOS/Spotlight,/System/Library/CoreServices/Spotlight.app/Contents/MacOS/Spotlight,/System/Library/CoreServices/Spotlight.app/Contents/MacOS/Spotlight,"{
 ""MD5"": ""f2bf6cbe8b18867f8b01a0a4c9d43f64"",
 ""SHA1"": ""b0724491546bd7462ccc4ca79bee36583e19d6ce"",
 ""SHA256"": ""49f49f9ff3dfbebef383098369324a5bd5eea8c35de612a0e2a8f0a4b2e7270c""
}",REDACTED_USER,2026-08-27T19:48:58.000000363Z,27262976,false
" 1365"," 1",/usr/sbin/distnoted,/usr/sbin/distnoted agent,/usr/sbin/distnoted,"{
 ""MD5"": ""bdfc6332efdc373bbcfcff26b1c5acad"",
 ""SHA1"": ""5c76ffa37daee4590c126b8790ac737bd4ed0304"",
 ""SHA256"": ""1fcd1f4a6cbf830b92aef1866a250a0887a4b9706233868bc9e3a1c770f6abc1""
}",_installcoordinationd,2026-08-27T19:48:59.000000207Z,1572864,false
" 1371"," 1",/System/Volumes/Preboot/Cryptexes/App/System/Applications/Safari.app/Contents/Extensions/SafariWidgetExtension.appex/Contents/MacOS/SafariWidgetExtension,/System/Volumes/Preboot/Cryptexes/App/System/Applications/Safari.app/Contents/Extensions/SafariWidgetExtension.appex/Contents/MacOS/SafariWidgetExtension -LaunchArguments eyJ0eXBlIjoxLCJlbmhhbmNlZFNlY3VyaXR5IjpmYWxzZSwic2VydmljZU5hbWUiOiJjb20uYXBwbGUuU2FmYXJpLlNhZmFyaVdpZGdldEV4dGVuc2lvbiJ9,/System/Volumes/Preboot/Cryptexes/App/System/Applications/Safari.app/Contents/Extensions/SafariWidgetExtension.appex/Contents/MacOS/SafariWidgetExtension,"{
 ""MD5"": ""55c121d040c18fb0cda86860452b40c0"",
 ""SHA1"": ""a90ec1f7cd85a11d189af04ad475d96b2fd4336f"",
 ""SHA256"": ""e78bf06fd50b5b905290e09da05306f77cc90ee1f283d5bd30c64aa0ccddd597""
}",REDACTED_USER,2026-08-27T19:49:00.000000086Z,3260416,false
" 1383"," 1",/System/Applications/FindMy.app/Contents/PlugIns/FindMyWidgetItems.appex/Contents/MacOS/FindMyWidgetItems,/System/Applications/FindMy.app/Contents/PlugIns/FindMyWidgetItems.appex/Contents/MacOS/FindMyWidgetItems -LaunchArguments eyJ0eXBlIjoxLCJlbmhhbmNlZFNlY3VyaXR5IjpmYWxzZSwic2VydmljZU5hbWUiOiJjb20uYXBwbGUuZmluZG15LkZpbmRNeVdpZGdldEl0ZW1zIn0=,/System/Applications/FindMy.app/Contents/PlugIns/FindMyWidgetItems.appex/Contents/MacOS/FindMyWidgetItems,"{
 ""MD5"": ""2bea5f0b6a282fc071cb6d24a7a92e7e"",
 ""SHA1"": ""16d1e27834439d820f17b867e09a6a267a33fc0e"",
 ""SHA256"": ""1fcbe8431c2f5d235b7d4056cdf9e5c1698aad6c649e5b6eaad51501332bce45""
}",REDACTED_USER,2026-08-27T19:49:02.00000032Z,12468224,false
" 1386"," 1",/System/Applications/Podcasts.app/Contents/PlugIns/PodcastsWidget.appex/Contents/MacOS/PodcastsWidget,/System/Applications/Podcasts.app/Contents/PlugIns/PodcastsWidget.appex/Contents/MacOS/PodcastsWidget -LaunchArguments eyJ0eXBlIjoxLCJlbmhhbmNlZFNlY3VyaXR5IjpmYWxzZSwic2VydmljZU5hbWUiOiJjb20uYXBwbGUucG9kY2FzdHMud2lkZ2V0In0=,/System/Applications/Podcasts.app/Contents/PlugIns/PodcastsWidget.appex/Contents/MacOS/PodcastsWidget,"{
 ""MD5"": ""5b8df5c237d0aeac5225c1bf3dec7c8a"",
 ""SHA1"": ""1b0a111e15f0abe1e28cdea7f39d711af28980ec"",
 ""SHA256"": ""11dbb2ee64702202933c5da0cb9f401b29a5875a59207ce73f112866a2f2c553""
}",REDACTED_USER,2026-08-27T19:49:02.000000674Z,4210688,false
" 1387"," 1",/System/Applications/Journal.app/Contents/PlugIns/JournalWidgetsSecure.appex/Contents/MacOS/JournalWidgetsSecure,/System/Applications/Journal.app/Contents/PlugIns/JournalWidgetsSecure.appex/Contents/MacOS/JournalWidgetsSecure -LaunchArguments eyJ0eXBlIjoxLCJlbmhhbmNlZFNlY3VyaXR5IjpmYWxzZSwic2VydmljZU5hbWUiOiJjb20uYXBwbGUuam91cm5hbC53aWRnZXRzLnNlY3VyZSJ9,/System/Applications/Journal.app/Contents/PlugIns/JournalWidgetsSecure.appex/Contents/MacOS/JournalWidgetsSecure,"{
 ""MD5"": ""22343d0118ada4c12b7ca0d301d92bff"",
 ""SHA1"": ""d963c5a57dbb987081aaca67a018e7b3beb37b67"",
 ""SHA256"": ""2ea08e6425af80f3195c85946077887a1921ee624ad2502ed7a8a6529efe9030""
}",REDACTED_USER,2026-08-27T19:49:02.000000832Z,4161536,false
" 1388"," 1",/System/Applications/Stocks.app/Contents/PlugIns/StocksWidget.appex/Contents/MacOS/StocksWidget,/System/Applications/Stocks.app/Contents/PlugIns/StocksWidget.appex/Contents/MacOS/StocksWidget -LaunchArguments eyJ0eXBlIjoxLCJlbmhhbmNlZFNlY3VyaXR5IjpmYWxzZSwic2VydmljZU5hbWUiOiJjb20uYXBwbGUuc3RvY2tzLndpZGdldCJ9,/System/Applications/Stocks.app/Contents/PlugIns/StocksWidget.appex/Contents/MacOS/StocksWidget,"{
 ""MD5"": ""90d83d7ca810ffa8d41abbf7065ed1a7"",
 ""SHA1"": ""aa441a9ded1d330db46584a5e1821c0721f582f3"",
 ""SHA256"": ""9a00b2bb22fbf03152d0f465fc7252fb89d32d7c757f61b794fdccab07732409""
}",REDACTED_USER,2026-08-27T19:49:02.000000871Z,6995968,false
" 1391"," 1",/System/Applications/VoiceMemos.app/Contents/PlugIns/VoiceMemosSettingsWidgetExtension.appex/Contents/MacOS/VoiceMemosSettingsWidgetExtension,/System/Applications/VoiceMemos.app/Contents/PlugIns/VoiceMemosSettingsWidgetExtension.appex/Contents/MacOS/VoiceMemosSettingsWidgetExtension -LaunchArguments eyJ0eXBlIjoxLCJlbmhhbmNlZFNlY3VyaXR5IjpmYWxzZSwic2VydmljZU5hbWUiOiJjb20uYXBwbGUuVm9pY2VNZW1vcy5Wb2ljZU1lbW9zU2V0dGluZ3NXaWRnZXQifQ==,/System/Applications/VoiceMemos.app/Contents/PlugIns/VoiceMemosSettingsWidgetExtension.appex/Contents/MacOS/VoiceMemosSettingsWidgetExtension,"{
 ""MD5"": ""f3b423840b91380f14082fdc13d6f0f2"",
 ""SHA1"": ""f7e80273cfa234d8d2d6bf1a1dc7d10941bf23ef"",
 ""SHA256"": ""373953f9c009b1dd34c4eda97ee947c6dcbb1d8c2ac3702d1f02f4adea328871""
}",REDACTED_USER,2026-08-27T19:49:03.000000144Z,3850240,false
" 1392"," 1",/System/Applications/Home.app/Contents/PlugIns/HomeWidget.appex/Contents/MacOS/HomeWidget,/System/Applications/Home.app/Contents/PlugIns/HomeWidget.appex/Contents/MacOS/HomeWidget -LaunchArguments eyJ0eXBlIjoxLCJlbmhhbmNlZFNlY3VyaXR5IjpmYWxzZSwic2VydmljZU5hbWUiOiJjb20uYXBwbGUuSG9tZS5Ib21lV2lkZ2V0LkludGVyYWN0aXZlIn0=,/System/Applications/Home.app/Contents/PlugIns/HomeWidget.appex/Contents/MacOS/HomeWidget,"{
 ""MD5"": ""de2023271a5a20ce53809a7b7265d9af"",
 ""SHA1"": ""a8d4253981231d7e19fd5854948a60c7b7ff9de2"",
 ""SHA256"": ""5865afb0d88123a0b6c4ea03a32f0c4e567a9c28d96d1430dd77e39775d09922""
}",REDACTED_USER,2026-08-27T19:49:03.000000169Z,4227072,false
" 1397"," 1",/System/Library/Frameworks/OpenGL.framework/Versions/A/Libraries/CVMServer,/System/Library/Frameworks/OpenGL.framework/Versions/A/Libraries/CVMServer,/System/Library/Frameworks/OpenGL.framework/Versions/A/Libraries/CVMServer,"{
 ""MD5"": ""0bbe6654d54b7b8d456d460861461ba7"",
 ""SHA1"": ""4d28812add3dfdd1e34f5ddc1cef191d2f2f5158"",
 ""SHA256"": ""b8eba07ec210747ca0ec3d0043804611084101d54fb72cbc2e88f3676bbd17cd""
}",root,2026-08-27T19:49:03.000000266Z,966656,false
" 1401"," 1",/System/Applications/VoiceMemos.app/Contents/PlugIns/RecordWidgetExtension.appex/Contents/MacOS/RecordWidgetExtension,/System/Applications/VoiceMemos.app/Contents/PlugIns/RecordWidgetExtension.appex/Contents/MacOS/RecordWidgetExtension -LaunchArguments eyJ0eXBlIjoxLCJlbmhhbmNlZFNlY3VyaXR5IjpmYWxzZSwic2VydmljZU5hbWUiOiJjb20uYXBwbGUuVm9pY2VNZW1vcy5SZWNvcmRXaWRnZXQifQ==,/System/Applications/VoiceMemos.app/Contents/PlugIns/RecordWidgetExtension.appex/Contents/MacOS/RecordWidgetExtension,"{
 ""MD5"": ""6287289c68f1ed14d279b78f610a2db8"",
 ""SHA1"": ""ad622e93f3be2b80b4bf24aa12d8fdaefb6e37c5"",
 ""SHA256"": ""83547164359513bde0871bb2b817758f68e48f5c46e24d5b8634bc9b636813e4""
}",REDACTED_USER,2026-08-27T19:49:03.000000446Z,3833856,false
" 1404"," 1",/System/Library/CoreServices/Screen Time.app/Contents/PlugIns/ScreenTimeWidgetExtension.appex/Contents/MacOS/ScreenTimeWidgetExtension,/System/Library/CoreServices/Screen Time.app/Contents/PlugIns/ScreenTimeWidgetExtension.appex/Contents/MacOS/ScreenTimeWidgetExtension -LaunchArguments eyJ0eXBlIjoxLCJlbmhhbmNlZFNlY3VyaXR5IjpmYWxzZSwic2VydmljZU5hbWUiOiJjb20uYXBwbGUuU2NyZWVuVGltZVdpZGdldEFwcGxpY2F0aW9uLlNjcmVlblRpbWVXaWRnZXRFeHRlbnNpb24ifQ==,/System/Library/CoreServices/Screen Time.app/Contents/PlugIns/ScreenTimeWidgetExtension.appex/Contents/MacOS/ScreenTimeWidgetExtension,"{
 ""MD5"": ""e326f5b7b97ca4f41af73c9489e20825"",
 ""SHA1"": ""1a5e09134215c6a179da20673dfeda74784c5b79"",
 ""SHA256"": ""4fc708b69fc771b77ded6d7c0f7770a0122e66884c5ec0f472d951cc834719a8""
}",REDACTED_USER,2026-08-27T19:49:03.000000637Z,4210688,false
" 1406"," 1",/System/Applications/FindMy.app/Contents/PlugIns/FindMyWidgetPeople.appex/Contents/MacOS/FindMyWidgetPeople,/System/Applications/FindMy.app/Contents/PlugIns/FindMyWidgetPeople.appex/Contents/MacOS/FindMyWidgetPeople -LaunchArguments eyJ0eXBlIjoxLCJlbmhhbmNlZFNlY3VyaXR5IjpmYWxzZSwic2VydmljZU5hbWUiOiJjb20uYXBwbGUuZmluZG15LkZpbmRNeVdpZGdldFBlb3BsZSJ9,/System/Applications/FindMy.app/Contents/PlugIns/FindMyWidgetPeople.appex/Contents/MacOS/FindMyWidgetPeople,"{
 ""MD5"": ""be5252cac07403c61c9669e36ef432e1"",
 ""SHA1"": ""1cdb69e565f1bce143be21c2ab52a5e124cb63db"",
 ""SHA256"": ""5a9eb453efd47f8a19ce58a80ac4c78682e01f7e9d3fa2b130a00c68016c35d5""
}",REDACTED_USER,2026-08-27T19:49:03.000000885Z,4194304,false
" 1409"," 1",/System/Applications/Home.app/Contents/PlugIns/HomeEnergyWidgetsExtension.appex/Contents/MacOS/HomeEnergyWidgetsExtension,/System/Applications/Home.app/Contents/PlugIns/HomeEnergyWidgetsExtension.appex/Contents/MacOS/HomeEnergyWidgetsExtension -LaunchArguments eyJ0eXBlIjoxLCJlbmhhbmNlZFNlY3VyaXR5IjpmYWxzZSwic2VydmljZU5hbWUiOiJjb20uYXBwbGUuSG9tZS5Ib21lRW5lcmd5V2lkZ2V0cyJ9,/System/Applications/Home.app/Contents/PlugIns/HomeEnergyWidgetsExtension.appex/Contents/MacOS/HomeEnergyWidgetsExtension,"{
 ""MD5"": ""99ff0a81e343fe6a2f761f1b1e7cbc8b"",
 ""SHA1"": ""beeeee4953f98c17a4b1a4f8a415ebb5833b261e"",
 ""SHA256"": ""29906e28ab82953a67498254a49ac4391b9107e173181e5e84fcb7c5117e1cbf""
}",REDACTED_USER,2026-08-27T19:49:03.000000969Z,4259840,false
" 1412"," 1",/System/Applications/Journal.app/Contents/PlugIns/JournalWidgets.appex/Contents/MacOS/JournalWidgets,/System/Applications/Journal.app/Contents/PlugIns/JournalWidgets.appex/Contents/MacOS/JournalWidgets -LaunchArguments eyJ0eXBlIjoxLCJlbmhhbmNlZFNlY3VyaXR5IjpmYWxzZSwic2VydmljZU5hbWUiOiJjb20uYXBwbGUuam91cm5hbC53aWRnZXRzIn0=,/System/Applications/Journal.app/Contents/PlugIns/JournalWidgets.appex/Contents/MacOS/JournalWidgets,"{
 ""MD5"": ""10daaca9d95e5ddf77acdffcffec8c4a"",
 ""SHA1"": ""7ac76aa6cd6285364ac5732bbea89fc3167bee5b"",
 ""SHA256"": ""bbc6ea12dbe4c27b9603bb66a15e302b3f0b4bbd4402f3688031723e3a81df8d""
}",REDACTED_USER,2026-08-27T19:49:04.000000145Z,4194304,false
" 1413"," 1",/System/Library/CoreServices/Screen Time.app/Contents/PlugIns/ScreenTimeWidgetIntentsExtension.appex/Contents/MacOS/ScreenTimeWidgetIntentsExtension,"/System/Library/CoreServices/Screen Time.app/Contents/PlugIns/ScreenTimeWidgetIntentsExtension.appex/Contents/MacOS/ScreenTimeWidgetIntentsExtension -AppleLanguages (""en-US"", ""de-DE"")",/System/Library/CoreServices/Screen Time.app/Contents/PlugIns/ScreenTimeWidgetIntentsExtension.appex/Contents/MacOS/ScreenTimeWidgetIntentsExtension,"{
 ""MD5"": ""27e36eca2524aad9ed1b1a4922d0530f"",
 ""SHA1"": ""513f2be0726de081d32ecf27f201fcc4eed0235f"",
 ""SHA256"": ""4d1b653086f929f22b8fa395cfbee43f003f53b00b98ad0a24e278fa8b0c7300""
}",REDACTED_USER,2026-08-27T19:49:04.000000176Z,3866624,false
" 1416"," 1",/System/Library/CoreServices/PeopleViewService.app/Contents/PlugIns/PeopleWidget_macOSExtension.appex/Contents/MacOS/PeopleWidget_macOSExtension,/System/Library/CoreServices/PeopleViewService.app/Contents/PlugIns/PeopleWidget_macOSExtension.appex/Contents/MacOS/PeopleWidget_macOSExtension -LaunchArguments eyJ0eXBlIjoxLCJlbmhhbmNlZFNlY3VyaXR5IjpmYWxzZSwic2VydmljZU5hbWUiOiJjb20uYXBwbGUuUGVvcGxlVmlld1NlcnZpY2UuUGVvcGxlV2lkZ2V0LW1hY09TIn0=,/System/Library/CoreServices/PeopleViewService.app/Contents/PlugIns/PeopleWidget_macOSExtension.appex/Contents/MacOS/PeopleWidget_macOSExtension,"{
 ""MD5"": ""0a20ae8ec728c7b28658e6d62a36fb5a"",
 ""SHA1"": ""e6054a655d8967ea4d123a6f1ea4ff1d5f9d5f7a"",
 ""SHA256"": ""a2f618234931dbfcca5b0c87a5545338f5915234d82126fc8a2a8404075adc2a""
}",REDACTED_USER,2026-08-27T19:49:04.000000294Z,3145728,false
" 1439"," 1",/System/Library/Image Capture/Support/icdd,/System/Library/Image Capture/Support/icdd,/System/Library/Image Capture/Support/icdd,"{
 ""MD5"": ""79d051d00a6db89b4b8fed127ff7dbe5"",
 ""SHA1"": ""4fd0a642c66ad6c0cbf6131841ebe70f3b68d28e"",
 ""SHA256"": ""849a149dd191c6a531627041fa8c9abb7862b5b0d9590e76d6ed7c7e8739cecb""
}",REDACTED_USER,2026-08-27T19:49:06.000000372Z,2637824,false
" 1442"," 1",/System/Library/CoreServices/AirPlayUIAgent.app/Contents/MacOS/AirPlayUIAgent,/System/Library/CoreServices/AirPlayUIAgent.app/Contents/MacOS/AirPlayUIAgent --launchd,/System/Library/CoreServices/AirPlayUIAgent.app/Contents/MacOS/AirPlayUIAgent,"{
 ""MD5"": ""7f420fcfdee159975298bab1fe052e01"",
 ""SHA1"": ""098caa96690d7cd73f2446e538470b48bc08795f"",
 ""SHA256"": ""f17d304fea7da6203aeccc624714c81f0f55d8403ed08f7b7a1b3d1c2d923da4""
}",REDACTED_USER,2026-08-27T19:49:06.000000377Z,4374528,false
" 1444"," 1",/System/Library/CoreServices/TextInputMenuAgent.app/Contents/MacOS/TextInputMenuAgent,/System/Library/CoreServices/TextInputMenuAgent.app/Contents/MacOS/TextInputMenuAgent,/System/Library/CoreServices/TextInputMenuAgent.app/Contents/MacOS/TextInputMenuAgent,"{
 ""MD5"": ""239f1c6a1a8823fdf3b48899d74fc4e0"",
 ""SHA1"": ""673508b3e92bbffee199dfa010a7ec652181bbf5"",
 ""SHA256"": ""4c2e707e146057ffe55ecf970c2c93e95c12e768db585ba315d73f007626c147""
}",REDACTED_USER,2026-08-27T19:49:06.00000038Z,9142272,false
" 1491"," 1",/System/Library/PrivateFrameworks/UniversalAccess.framework/Versions/A/Resources/universalAccessAuthWarn.app/Contents/MacOS/universalAccessAuthWarn,/System/Library/PrivateFrameworks/UniversalAccess.framework/Versions/A/Resources/universalAccessAuthWarn.app/Contents/MacOS/universalAccessAuthWarn launchd -s,/System/Library/PrivateFrameworks/UniversalAccess.framework/Versions/A/Resources/universalAccessAuthWarn.app/Contents/MacOS/universalAccessAuthWarn,"{
 ""MD5"": ""b8fa117a01f1413ba955609d1da7dec9"",
 ""SHA1"": ""d485835d4c0f56cd33e7314142fc9d8d84146c4d"",
 ""SHA256"": ""cb48a13cbba231f20956bbc86b417df890f8e8884ea07f1d0609c5773a54a028""
}",REDACTED_USER,2026-08-27T19:49:10.000000388Z,5292032,false
" 15775"," 1",/usr/sbin/WirelessRadioManagerd,/usr/sbin/WirelessRadioManagerd,/usr/sbin/WirelessRadioManagerd,"{
 ""MD5"": ""d0b4e64a12b16586f143bec99947bc4b"",
 ""SHA1"": ""6334a4347559a87c72c0dfea3528d18898a63bba"",
 ""SHA256"": ""a29af5ea6632dfbe17a135bfb864d86db123567240c26eaa52c55851a125e178""
}",root,2026-09-01T03:43:42.000000855Z,5423104,false
" 15819"," 1",/System/Library/PrivateFrameworks/AuthKit.framework/Versions/A/Support/akd,/System/Library/PrivateFrameworks/AuthKit.framework/Versions/A/Support/akd,/System/Library/PrivateFrameworks/AuthKit.framework/Versions/A/Support/akd,"{
 ""MD5"": ""335f75004618cfeefa17a0b863784f00"",
 ""SHA1"": ""20d6948c848e32f13575ba20fdad158d9d8c57be"",
 ""SHA256"": ""4fc9d6b3eedada53d683c9a04b6c7ba79192192eed72058b3ef36d5020e3a203""
}",REDACTED_USER,2026-09-01T03:48:27.000000941Z,10076160,false
" 16276"," 1",/System/Library/ExtensionKit/Extensions/TGOnDeviceInferenceProviderService.appex/Contents/MacOS/TGOnDeviceInferenceProviderService,/System/Library/ExtensionKit/Extensions/TGOnDeviceInferenceProviderService.appex/Contents/MacOS/TGOnDeviceInferenceProviderService -LaunchArguments eyJlbmhhbmNlZFNlY3VyaXR5IjpmYWxzZSwidHlwZSI6OCwic2VydmljZU5hbWUiOiJjb20uYXBwbGUudGdvbmRldmljZWluZmVyZW5jZXByb3ZpZGVyc2VydmljZSJ9,/System/Library/ExtensionKit/Extensions/TGOnDeviceInferenceProviderService.appex/Contents/MacOS/TGOnDeviceInferenceProviderService,"{
 ""MD5"": ""8fc9c6cabdd893a93a63fb1abd196d17"",
 ""SHA1"": ""97c1393f3159c3a0ecc1e80edf9c36331d14ab88"",
 ""SHA256"": ""b141d70a80e1b422cd995fa65c76d1997038f69c6007f0d97dc13fac7eaf6d01""
}",_modelmanagerd,2026-09-01T07:37:32.000000167Z,3293184,false
" 16805"," 1",/System/Library/PrivateFrameworks/KerberosHelper/Helpers/DiskUnmountWatcher,/System/Library/PrivateFrameworks/KerberosHelper/Helpers/DiskUnmountWatcher,/System/Library/PrivateFrameworks/KerberosHelper/Helpers/DiskUnmountWatcher,"{
 ""MD5"": ""93473ee0e5eba3396ca974372955afcb"",
 ""SHA1"": ""248048319e60a05aab6af1f9d99544b38d5781dd"",
 ""SHA256"": ""1c848b5c1e5ffe2546b51188ac1c244f6af40eb44f400f96c862d842b5331061""
}",REDACTED_USER,2026-09-01T16:17:11.000000583Z,2277376,false
" 1695"," 1",/System/Library/CoreServices/SubmitDiagInfo,/System/Library/CoreServices/SubmitDiagInfo server-init,/System/Library/CoreServices/SubmitDiagInfo,"{
 ""MD5"": ""688ad8214f174c0b44971818ed2966aa"",
 ""SHA1"": ""79609479ac503fb3d905e816c2d50ba232196dae"",
 ""SHA256"": ""0cf66a2b0085abc045e4f91281890b3e31187839b113b260c6c02d5dd02f10dc""
}",root,2026-08-27T19:49:28.000000291Z,3915776,false
" 1700"," 1",/System/Applications/Tips.app/Contents/PlugIns/TipsWidgetExtension.appex/Contents/MacOS/TipsWidgetExtension,/System/Applications/Tips.app/Contents/PlugIns/TipsWidgetExtension.appex/Contents/MacOS/TipsWidgetExtension -LaunchArguments eyJ0eXBlIjoxLCJlbmhhbmNlZFNlY3VyaXR5IjpmYWxzZSwic2VydmljZU5hbWUiOiJjb20uYXBwbGUudGlwcy5XaWRnZXQifQ==,/System/Applications/Tips.app/Contents/PlugIns/TipsWidgetExtension.appex/Contents/MacOS/TipsWidgetExtension,"{
 ""MD5"": ""a30851934c810bc366739f876626241a"",
 ""SHA1"": ""81acda298d9fdf370f13c2675b1c52b43d2d2a2c"",
 ""SHA256"": ""771dfdb5113a3266ade441fa8617641e7dd0e9736960e168521815b00277ac16""
}",REDACTED_USER,2026-08-27T19:49:31.00000082Z,3211264,false
" 1705"," 1",/System/Applications/Reminders.app/Contents/PlugIns/RemindersWidgetExtension.appex/Contents/MacOS/RemindersWidgetExtension,/System/Applications/Reminders.app/Contents/PlugIns/RemindersWidgetExtension.appex/Contents/MacOS/RemindersWidgetExtension -LaunchArguments eyJ0eXBlIjoxLCJlbmhhbmNlZFNlY3VyaXR5IjpmYWxzZSwic2VydmljZU5hbWUiOiJjb20uYXBwbGUucmVtaW5kZXJzLldpZGdldEV4dGVuc2lvbiJ9,/System/Applications/Reminders.app/Contents/PlugIns/RemindersWidgetExtension.appex/Contents/MacOS/RemindersWidgetExtension,"{
 ""MD5"": ""496aa1c41373c24e7550c4298052cc1a"",
 ""SHA1"": ""f48dac96e00810ec36f55c66e385fbce3381e65f"",
 ""SHA256"": ""1b67e088931f63dfd93aefebe61ae4ce65711162ddaa6f8aae0ded457d7c4a94""
}",REDACTED_USER,2026-08-27T19:49:33.000000982Z,4882432,false
" 1738"," 1",/System/Library/ExtensionKit/Extensions/WallpaperMacintoshExtension.appex/Contents/MacOS/WallpaperMacintoshExtension,/System/Library/ExtensionKit/Extensions/WallpaperMacintoshExtension.appex/Contents/MacOS/WallpaperMacintoshExtension -LaunchArguments eyJzZXJ2aWNlTmFtZSI6ImNvbS5hcHBsZS53YWxscGFwZXIuZXh0ZW5zaW9uLm1hY2ludG9zaCIsInR5cGUiOjEsImVuaGFuY2VkU2VjdXJpdHkiOmZhbHNlfQ==,/System/Library/ExtensionKit/Extensions/WallpaperMacintoshExtension.appex/Contents/MacOS/WallpaperMacintoshExtension,"{
 ""MD5"": ""5ec4b8673957b31e0805ba3a17cdd0cb"",
 ""SHA1"": ""6ba78bbe9928e5c29754c75347742675a4995c99"",
 ""SHA256"": ""39898c5bea769bc156e18bda30d09a6595f7525accd263e510f0549ecd1b1719""
}",REDACTED_USER,2026-08-27T19:49:59.000000534Z,2654208,false
" 1739"," 1",/System/Library/ExtensionKit/Extensions/WallpaperSonomaExtension.appex/Contents/MacOS/WallpaperSonomaExtension,/System/Library/ExtensionKit/Extensions/WallpaperSonomaExtension.appex/Contents/MacOS/WallpaperSonomaExtension -LaunchArguments eyJzZXJ2aWNlTmFtZSI6ImNvbS5hcHBsZS53YWxscGFwZXIuZXh0ZW5zaW9uLnNvbm9tYSIsInR5cGUiOjEsImVuaGFuY2VkU2VjdXJpdHkiOmZhbHNlfQ==,/System/Library/ExtensionKit/Extensions/WallpaperSonomaExtension.appex/Contents/MacOS/WallpaperSonomaExtension,"{
 ""MD5"": ""543421fc8b7129b43fc7a449f9602c26"",
 ""SHA1"": ""6c716cf6ef9f847fbd05c8750f9aa59a71702965"",
 ""SHA256"": ""8285b6db46f9cc8e97eaddfcacea9a0538addc2a1583e1f7ef8910998a4ccb35""
}",REDACTED_USER,2026-08-27T19:49:59.000000786Z,2654208,false
" 1740"," 1",/System/Library/ExtensionKit/Extensions/WallpaperSequoiaExtension.appex/Contents/MacOS/WallpaperSequoiaExtension,/System/Library/ExtensionKit/Extensions/WallpaperSequoiaExtension.appex/Contents/MacOS/WallpaperSequoiaExtension -LaunchArguments eyJ0eXBlIjoxLCJzZXJ2aWNlTmFtZSI6ImNvbS5hcHBsZS53YWxscGFwZXIuZXh0ZW5zaW9uLnNlcXVvaWEiLCJlbmhhbmNlZFNlY3VyaXR5IjpmYWxzZX0=,/System/Library/ExtensionKit/Extensions/WallpaperSequoiaExtension.appex/Contents/MacOS/WallpaperSequoiaExtension,"{
 ""MD5"": ""157bbbbc6f5d75b7430acf69adba7cc7"",
 ""SHA1"": ""3b6790872ebf8b4b4fffca81bc6a246d2606e3db"",
 ""SHA256"": ""39d63f2025db4f603e40558f0a21c32c9bfd1954a951462ee34ad6f7bb3bdcc0""
}",REDACTED_USER,2026-08-27T19:49:59.000000935Z,2670592,false
" 1742"," 1",/System/Library/ExtensionKit/Extensions/WallpaperGradientExtension.appex/Contents/MacOS/WallpaperGradientExtension,/System/Library/ExtensionKit/Extensions/WallpaperGradientExtension.appex/Contents/MacOS/WallpaperGradientExtension -LaunchArguments eyJzZXJ2aWNlTmFtZSI6ImNvbS5hcHBsZS53YWxscGFwZXIuZXh0ZW5zaW9uLmdyYWRpZW50IiwidHlwZSI6MSwiZW5oYW5jZWRTZWN1cml0eSI6ZmFsc2V9,/System/Library/ExtensionKit/Extensions/WallpaperGradientExtension.appex/Contents/MacOS/WallpaperGradientExtension,"{
 ""MD5"": ""36495b6512e0e6c275d6b0eb7ee115d3"",
 ""SHA1"": ""01ca445bd5afb3db36634a3a4cbf95bbb44f7eee"",
 ""SHA256"": ""d2c14931798b803d306943995cb9762cca0d838afa58ab64a22d886450966a8b""
}",REDACTED_USER,2026-08-27T19:50:00.000000101Z,2654208,false
" 1743"," 1",/System/Library/ExtensionKit/Extensions/WallpaperLegacyExtension.appex/Contents/MacOS/WallpaperLegacyExtension,/System/Library/ExtensionKit/Extensions/WallpaperLegacyExtension.appex/Contents/MacOS/WallpaperLegacyExtension -LaunchArguments eyJ0eXBlIjoxLCJzZXJ2aWNlTmFtZSI6ImNvbS5hcHBsZS53YWxscGFwZXIuZXh0ZW5zaW9uLmxlZ2FjeSIsImVuaGFuY2VkU2VjdXJpdHkiOmZhbHNlfQ==,/System/Library/ExtensionKit/Extensions/WallpaperLegacyExtension.appex/Contents/MacOS/WallpaperLegacyExtension,"{
 ""MD5"": ""8f6878cad61782500206f22e473a18e5"",
 ""SHA1"": ""1abe97e9659a81ed05726a305e7a27fb9a671525"",
 ""SHA256"": ""bca8f396f0e2eb5394e7bd4c53e06859b60faf33989c9cc363853c69abd7eac8""
}",REDACTED_USER,2026-08-27T19:50:00.000000116Z,3489792,false
" 1744"," 1",/System/Library/ExtensionKit/Extensions/NeptuneOneWallpaper.appex/Contents/MacOS/NeptuneOneWallpaper,/System/Library/ExtensionKit/Extensions/NeptuneOneWallpaper.appex/Contents/MacOS/NeptuneOneWallpaper -LaunchArguments eyJzZXJ2aWNlTmFtZSI6ImNvbS5hcHBsZS5OZXB0dW5lT25lRXh0ZW5zaW9uIiwidHlwZSI6MSwiZW5oYW5jZWRTZWN1cml0eSI6ZmFsc2V9,/System/Library/ExtensionKit/Extensions/NeptuneOneWallpaper.appex/Contents/MacOS/NeptuneOneWallpaper,"{
 ""MD5"": ""f3327507049b9601aa7e90533c63ed61"",
 ""SHA1"": ""f9ed85ce626a5145a59f88cc29d77c84f3f0548f"",
 ""SHA256"": ""655e7f8a8422a377259124f799085a85642fa6508c21d87a7e0924a7a954edb7""
}",REDACTED_USER,2026-08-27T19:50:00.000000134Z,2670592,false
" 1746"," 1",/System/Library/ExtensionKit/Extensions/WallpaperDynamicExtension.appex/Contents/MacOS/WallpaperDynamicExtension,/System/Library/ExtensionKit/Extensions/WallpaperDynamicExtension.appex/Contents/MacOS/WallpaperDynamicExtension -LaunchArguments eyJzZXJ2aWNlTmFtZSI6ImNvbS5hcHBsZS53YWxscGFwZXIuZXh0ZW5zaW9uLmR5bmFtaWMiLCJ0eXBlIjoxLCJlbmhhbmNlZFNlY3VyaXR5IjpmYWxzZX0=,/System/Library/ExtensionKit/Extensions/WallpaperDynamicExtension.appex/Contents/MacOS/WallpaperDynamicExtension,"{
 ""MD5"": ""411d7f48d003e68d89f0891b2be4675e"",
 ""SHA1"": ""efd2c3cd034a35fbabd826c7652c77272820345b"",
 ""SHA256"": ""a019c0475712df9fb553420cd4f4b5ef27a6416c86a30951a56510620c205d4b""
}",REDACTED_USER,2026-08-27T19:50:00.000000179Z,2867200,false
" 1759"," 1",/System/Library/CoreServices/CrashReporterSupportHelper,/System/Library/CoreServices/CrashReporterSupportHelper server-init,/System/Library/CoreServices/CrashReporterSupportHelper,"{
 ""MD5"": ""5869b36e2cd18070f1b0dc345edc1e22"",
 ""SHA1"": ""77977e3ace70f6ddaa36254b078d298c51eaab7b"",
 ""SHA256"": ""0a0ef1da5002303398b16be5c51f715edfc8544902af373f7d55c43a0bdfb8f6""
}",root,2026-08-27T19:50:13.000000451Z,1802240,false
" 1774"," 1",/usr/sbin/distnoted,/usr/sbin/distnoted agent,/usr/sbin/distnoted,"{
 ""MD5"": ""bdfc6332efdc373bbcfcff26b1c5acad"",
 ""SHA1"": ""5c76ffa37daee4590c126b8790ac737bd4ed0304"",
 ""SHA256"": ""1fcd1f4a6cbf830b92aef1866a250a0887a4b9706233868bc9e3a1c770f6abc1""
}",_rmd,2026-08-27T19:50:24.000000616Z,1605632,false
" 18372"," 1",/System/Library/CoreServices/UniversalControl.app/Contents/MacOS/UniversalControl,/System/Library/CoreServices/UniversalControl.app/Contents/MacOS/UniversalControl,/System/Library/CoreServices/UniversalControl.app/Contents/MacOS/UniversalControl,"{
 ""MD5"": ""d5c2077eb35ef573077d0d4b5fcc42a8"",
 ""SHA1"": ""41c309c1460cb8367031fa0346df568561a9994f"",
 ""SHA256"": ""3eff348c10bcb09caccfc26cb29bfa2de19fa1e5006c5dd8916eda021412402e""
}",REDACTED_USER,2026-09-02T06:40:21.000000609Z,10420224,false
" 2018"," 1",/System/Applications/System Settings.app/Contents/PlugIns/csimporter.appex/Contents/MacOS/csimporter,"/System/Applications/System Settings.app/Contents/PlugIns/csimporter.appex/Contents/MacOS/csimporter -AppleLanguages (""en-US"", ""de-DE"")",/System/Applications/System Settings.app/Contents/PlugIns/csimporter.appex/Contents/MacOS/csimporter,"{
 ""MD5"": ""c51b07de876a2a218d912268ca5c5f84"",
 ""SHA1"": ""39d6eabb80c6551552d651d878f90c63d4199d82"",
 ""SHA256"": ""fcac98471629377e25ebc81b51eeea1e732d53d752bc2d1a963f7c0c0f8edaec""
}",REDACTED_USER,2026-08-27T19:52:45.000000921Z,2768896,false
" 2033"," 1",/System/Library/PrivateFrameworks/CommerceKit.framework/Versions/A/Resources/storeuid.app/Contents/MacOS/storeuid,/System/Library/PrivateFrameworks/CommerceKit.framework/Versions/A/Resources/storeuid.app/Contents/MacOS/storeuid,/System/Library/PrivateFrameworks/CommerceKit.framework/Versions/A/Resources/storeuid.app/Contents/MacOS/storeuid,"{
 ""MD5"": ""eacd87ba600cc3a851d33a23d1a67100"",
 ""SHA1"": ""03375715bead59ce12d8d667f7d05322e3637e2d"",
 ""SHA256"": ""e53557518c86fc5cd829cb755b6319ca0d9163a109c20cd6d9a4f9a19ed06e29""
}",REDACTED_USER,2026-08-27T19:53:55.000000747Z,6717440,false
" 2048"," 1",/System/Applications/Mail.app/Contents/PlugIns/com.apple.mail.SpotlightIndexExtension.appex/Contents/MacOS/com.apple.mail.SpotlightIndexExtension,"/System/Applications/Mail.app/Contents/PlugIns/com.apple.mail.SpotlightIndexExtension.appex/Contents/MacOS/com.apple.mail.SpotlightIndexExtension -AppleLanguages (""en-US"", ""de-DE"")",/System/Applications/Mail.app/Contents/PlugIns/com.apple.mail.SpotlightIndexExtension.appex/Contents/MacOS/com.apple.mail.SpotlightIndexExtension,"{
 ""MD5"": ""4edd638c635ecf36103f89d577caea9b"",
 ""SHA1"": ""64a79a0a1dfae0572f5fb98d02fda381ea836d38"",
 ""SHA256"": ""1ad266ed60b9a55dae51234142ec5e0aa4c8046e49d87e94697beda2e9980dec""
}",REDACTED_USER,2026-08-27T19:54:44.000000689Z,4898816,false
" 2074"," 1",/Applications/Microsoft PowerPoint.app/Contents/PlugIns/PowerPointWidget_mac.appex/Contents/MacOS/PowerPointWidget_mac,/Applications/Microsoft PowerPoint.app/Contents/PlugIns/PowerPointWidget_mac.appex/Contents/MacOS/PowerPointWidget_mac -LaunchArguments eyJ0eXBlIjoxLCJlbmhhbmNlZFNlY3VyaXR5IjpmYWxzZSwic2VydmljZU5hbWUiOiJjb20ubWljcm9zb2Z0LlBvd2VycG9pbnQud2lkZ2V0ZXh0ZW5zaW9uIn0=,/Applications/Microsoft PowerPoint.app/Contents/PlugIns/PowerPointWidget_mac.appex/Contents/MacOS/PowerPointWidget_mac,"{
 ""MD5"": ""e3433de3e72a675c276610ce5d1709ef"",
 ""SHA1"": ""4dee729c6ddc126590c3dc872ad1d806b9f5f9f5"",
 ""SHA256"": ""7944b2d7a596f8adc23b2543af17426227e9bef1a9bafcd595d4f46ddfb5b5ca""
}",REDACTED_USER,2026-08-27T19:57:23.000000716Z,2129920,false
" 2082"," 1",/Applications/Microsoft Excel.app/Contents/PlugIns/ExcelWidget_mac.appex/Contents/MacOS/ExcelWidget_mac,/Applications/Microsoft Excel.app/Contents/PlugIns/ExcelWidget_mac.appex/Contents/MacOS/ExcelWidget_mac -LaunchArguments eyJ0eXBlIjoxLCJlbmhhbmNlZFNlY3VyaXR5IjpmYWxzZSwic2VydmljZU5hbWUiOiJjb20ubWljcm9zb2Z0LkV4Y2VsLndpZGdldGV4dGVuc2lvbiJ9,/Applications/Microsoft Excel.app/Contents/PlugIns/ExcelWidget_mac.appex/Contents/MacOS/ExcelWidget_mac,"{
 ""MD5"": ""665d2c296ad8ccfb7e5e32041d75a38d"",
 ""SHA1"": ""88c79f68b65a5acbc23079ffb5e846cdebf02729"",
 ""SHA256"": ""c246f87bcf9c0019512fbfdcda820d72e760a0c7393435b6c3429149edba9bd4""
}",REDACTED_USER,2026-08-27T19:58:10.00000046Z,2129920,false
" 2094"," 1",/Applications/Microsoft Word.app/Contents/PlugIns/WordWidget_mac.appex/Contents/MacOS/WordWidget_mac,/Applications/Microsoft Word.app/Contents/PlugIns/WordWidget_mac.appex/Contents/MacOS/WordWidget_mac -LaunchArguments eyJ0eXBlIjoxLCJlbmhhbmNlZFNlY3VyaXR5IjpmYWxzZSwic2VydmljZU5hbWUiOiJjb20ubWljcm9zb2Z0LldvcmQud2lkZ2V0ZXh0ZW5zaW9uIn0=,/Applications/Microsoft Word.app/Contents/PlugIns/WordWidget_mac.appex/Contents/MacOS/WordWidget_mac,"{
 ""MD5"": ""aa89b29ece6a1ed731dd567e6a71a8e8"",
 ""SHA1"": ""404054e4d8fa68b9a29289f46405c49a655a78bf"",
 ""SHA256"": ""281d43eda58608a719e291fd81fe69678d6aa87ed9cac44ba16855f8b3666b67""
}",REDACTED_USER,2026-08-27T19:58:51.000000896Z,2129920,false
" 2148"," 1",/usr/libexec/wifivelocityd,/usr/libexec/wifivelocityd,/usr/libexec/wifivelocityd,"{
 ""MD5"": ""f8f1cd8a7c0d8e184c90e8bb48c69459"",
 ""SHA1"": ""232528ccd9d54b3235c843e970f10cb6572b240d"",
 ""SHA256"": ""794192f261f552af0e77034221fb6f56f04505f1f75da2b6d456ba554ed3d02e""
}",root,2026-08-27T20:02:59.000000288Z,4145152,false
" 2164"," 1",/System/Applications/Notes.app/Contents/PlugIns/com.apple.Notes.SpotlightIndexExtension.appex/Contents/MacOS/com.apple.Notes.SpotlightIndexExtension,"/System/Applications/Notes.app/Contents/PlugIns/com.apple.Notes.SpotlightIndexExtension.appex/Contents/MacOS/com.apple.Notes.SpotlightIndexExtension -AppleLanguages (""en-US"", ""de-DE"")",/System/Applications/Notes.app/Contents/PlugIns/com.apple.Notes.SpotlightIndexExtension.appex/Contents/MacOS/com.apple.Notes.SpotlightIndexExtension,"{
 ""MD5"": ""0571e259eb99ba6c164d9ab8b4abb1c1"",
 ""SHA1"": ""2cf952f752b610cf4463eb96c7098fe7fb4303e1"",
 ""SHA256"": ""94bc4566fdd0d3b969c4eae59f72457656a06b02b06fb471dc32f2e6d3afea0f""
}",REDACTED_USER,2026-08-27T20:21:47.000000376Z,4194304,false
" 21841"," 1",/System/Library/CoreServices/audioaccessoryd,/System/Library/CoreServices/audioaccessoryd,/System/Library/CoreServices/audioaccessoryd,"{
 ""MD5"": ""bfc4c2e8e077bd43bdb1a333b10433c3"",
 ""SHA1"": ""d1bf94ed2c17608bd7dfda09e9a9cebe735c98ec"",
 ""SHA256"": ""feae869ac401ae295d03359a7561fcf5b798f6160c40ee0aa0245b20e7f3b92c""
}",REDACTED_USER,2026-09-04T02:57:28.000000166Z,8929280,false
" 2441"," 1",/System/Library/Frameworks/CoreSpotlight.framework/spotlightknowledged,/System/Library/Frameworks/CoreSpotlight.framework/spotlightknowledged -x,/System/Library/Frameworks/CoreSpotlight.framework/spotlightknowledged,"{
 ""MD5"": ""7284ae0d76b2f5eaec4fd014cbe60f87"",
 ""SHA1"": ""8d9cd67b92a13d9f23b7c546737edce879c47436"",
 ""SHA256"": ""58e8d4533a15de50fe787cbfaa9bea61c25580fe0415d8ce757adc2bac7c14c1""
}",REDACTED_USER,2026-08-28T09:19:59.000000576Z,3588096,false
" 2465"," 1",/usr/sbin/distnoted,/usr/sbin/distnoted agent,/usr/sbin/distnoted,"{
 ""MD5"": ""bdfc6332efdc373bbcfcff26b1c5acad"",
 ""SHA1"": ""5c76ffa37daee4590c126b8790ac737bd4ed0304"",
 ""SHA256"": ""1fcd1f4a6cbf830b92aef1866a250a0887a4b9706233868bc9e3a1c770f6abc1""
}",_modelmanagerd,2026-08-28T09:20:08.000000531Z,1605632,false
" 2466"," 1",/System/Library/ExtensionKit/Extensions/TGOnDeviceInferenceProviderService.appex/Contents/MacOS/TGOnDeviceInferenceProviderService,/System/Library/ExtensionKit/Extensions/TGOnDeviceInferenceProviderService.appex/Contents/MacOS/TGOnDeviceInferenceProviderService -LaunchArguments eyJlbmhhbmNlZFNlY3VyaXR5IjpmYWxzZSwidHlwZSI6OCwic2VydmljZU5hbWUiOiJjb20uYXBwbGUudGdvbmRldmljZWluZmVyZW5jZXByb3ZpZGVyc2VydmljZSJ9,/System/Library/ExtensionKit/Extensions/TGOnDeviceInferenceProviderService.appex/Contents/MacOS/TGOnDeviceInferenceProviderService,"{
 ""MD5"": ""8fc9c6cabdd893a93a63fb1abd196d17"",
 ""SHA1"": ""97c1393f3159c3a0ecc1e80edf9c36331d14ab88"",
 ""SHA256"": ""b141d70a80e1b422cd995fa65c76d1997038f69c6007f0d97dc13fac7eaf6d01""
}",_modelmanagerd,2026-08-28T09:20:08.000000641Z,5439488,false
" 2467"," 1",/System/Library/ExtensionKit/Extensions/GenerativeExperiencesSafetyInferenceProvider.appex/Contents/MacOS/GenerativeExperiencesSafetyInferenceProvider,/System/Library/ExtensionKit/Extensions/GenerativeExperiencesSafetyInferenceProvider.appex/Contents/MacOS/GenerativeExperiencesSafetyInferenceProvider -LaunchArguments eyJlbmhhbmNlZFNlY3VyaXR5IjpmYWxzZSwidHlwZSI6OCwic2VydmljZU5hbWUiOiJjb20uYXBwbGUuR2VuZXJhdGl2ZUZ1bmN0aW9ucy5HZW5lcmF0aXZlRXhwZXJpZW5jZXNTYWZldHlJbmZlcmVuY2VQcm92aWRlciJ9,/System/Library/ExtensionKit/Extensions/GenerativeExperiencesSafetyInferenceProvider.appex/Contents/MacOS/GenerativeExperiencesSafetyInferenceProvider,"{
 ""MD5"": ""a32d2aee7922d192afaa2b7013f12c27"",
 ""SHA1"": ""9741a4b3aacaee29dbcce06c141cbaa1896c2238"",
 ""SHA256"": ""d9c03a950d1dd04dd12547c2ef418fbac6637c6e90fa519d52a5e0058fc1ffd1""
}",_modelmanagerd,2026-08-28T09:20:12.000000114Z,5488640,false
" 2469"," 1",/System/Library/ExtensionKit/Extensions/TGOnDeviceInferenceProviderService.appex/Contents/MacOS/TGOnDeviceInferenceProviderService,/System/Library/ExtensionKit/Extensions/TGOnDeviceInferenceProviderService.appex/Contents/MacOS/TGOnDeviceInferenceProviderService -LaunchArguments eyJlbmhhbmNlZFNlY3VyaXR5IjpmYWxzZSwidHlwZSI6OCwic2VydmljZU5hbWUiOiJjb20uYXBwbGUudGdvbmRldmljZWluZmVyZW5jZXByb3ZpZGVyc2VydmljZSJ9,/System/Library/ExtensionKit/Extensions/TGOnDeviceInferenceProviderService.appex/Contents/MacOS/TGOnDeviceInferenceProviderService,"{
 ""MD5"": ""8fc9c6cabdd893a93a63fb1abd196d17"",
 ""SHA1"": ""97c1393f3159c3a0ecc1e80edf9c36331d14ab88"",
 ""SHA256"": ""b141d70a80e1b422cd995fa65c76d1997038f69c6007f0d97dc13fac7eaf6d01""
}",_modelmanagerd,2026-08-28T09:20:18.000000614Z,5652480,false
" 25120"," 1",/System/Library/PrivateFrameworks/ShareKit.framework/Versions/A/PlugIns/ShareSheetUI.appex/Contents/MacOS/ShareSheetUI,"/System/Library/PrivateFrameworks/ShareKit.framework/Versions/A/PlugIns/ShareSheetUI.appex/Contents/MacOS/ShareSheetUI -AppleLanguages (""en-US"", ""de-DE"")",/System/Library/PrivateFrameworks/ShareKit.framework/Versions/A/PlugIns/ShareSheetUI.appex/Contents/MacOS/ShareSheetUI,"{
 ""MD5"": ""5bc62005ee37d477b3673e3d1af58558"",
 ""SHA1"": ""7867a46c571cfec81be1bfcc49846ea1919041c0"",
 ""SHA256"": ""ab2b932c666e15ee5cf52b76db62d8b830309031c3a65df9cf1965060fbb4a90""
}",REDACTED_USER,2026-09-04T18:33:51.00000054Z,9961472,false
" 25125"," 1",/System/Library/PrivateFrameworks/FinderKit.framework/Versions/A/PlugIns/AirDrop.appex/Contents/MacOS/AirDrop,"/System/Library/PrivateFrameworks/FinderKit.framework/Versions/A/PlugIns/AirDrop.appex/Contents/MacOS/AirDrop -AppleLanguages (""en-US"", ""de-DE"")",/System/Library/PrivateFrameworks/FinderKit.framework/Versions/A/PlugIns/AirDrop.appex/Contents/MacOS/AirDrop,"{
 ""MD5"": ""6e0c7f4cd7a4737b1f7b8c165dd954dd"",
 ""SHA1"": ""42d30911cb07b233c93454300ce986bc5f7a59f9"",
 ""SHA256"": ""848c224ea3d5326339d4381d76c7e58cb1040baf57709bf343dd7bd50960a589""
}",REDACTED_USER,2026-09-04T18:33:55.000000902Z,10027008,false
" 2516"," 1",/usr/sbin/distnoted,/usr/sbin/distnoted agent,/usr/sbin/distnoted,"{
 ""MD5"": ""bdfc6332efdc373bbcfcff26b1c5acad"",
 ""SHA1"": ""5c76ffa37daee4590c126b8790ac737bd4ed0304"",
 ""SHA256"": ""1fcd1f4a6cbf830b92aef1866a250a0887a4b9706233868bc9e3a1c770f6abc1""
}",_neuralengine,2026-08-28T09:21:36.000000947Z,1622016,false
" 27641"," 1",/System/Library/CoreServices/Setup Assistant.app/Contents/Resources/mbuseragent,/System/Library/CoreServices/Setup Assistant.app/Contents/Resources/mbuseragent,/System/Library/CoreServices/Setup Assistant.app/Contents/Resources/mbuseragent,"{
 ""MD5"": ""a19c25b7d25d6ffd768ef32a3c298b0c"",
 ""SHA1"": ""a098746d860d36ab7213614aa12a6b8736e0d155"",
 ""SHA256"": ""dc69c9ccafaa3d73e93e31d2919a9db3eede84743f0f9e1728f9a85d21974131""
}",REDACTED_USER,2026-09-06T13:15:08.000000395Z,2129920,false
" 2786"," 1",/System/Library/PrivateFrameworks/BiomeStreams.framework/Support/biomed,/System/Library/PrivateFrameworks/BiomeStreams.framework/Support/biomed,/System/Library/PrivateFrameworks/BiomeStreams.framework/Support/biomed,"{
 ""MD5"": ""22978dbad98021d8e54a0d645c9f0f69"",
 ""SHA1"": ""1a8c13be5a7fa28d9c7d8519ee14cf799ccf5d75"",
 ""SHA256"": ""d3045669c7b02484f39f08143da86dc383834be742ec2f44d76e88857a09be2c""
}",_biome,2026-08-28T09:50:34.000000512Z,5193728,false
" 30246"," 1",/usr/libexec/rtcreportingd,/usr/libexec/rtcreportingd,/usr/libexec/rtcreportingd,"{
 ""MD5"": ""a87ea824155b5e85b94cbbf581855463"",
 ""SHA1"": ""7e5faddfccc06d3fed73993674b85518eaad58b5"",
 ""SHA256"": ""139d38c299b344f0ec76e2497712dda55770434fa6a0a90465503a828d127efb""
}",root,2026-09-07T09:11:54.000000731Z,5029888,false
" 30324"," 1",/usr/libexec/networkserviceproxy,/usr/libexec/networkserviceproxy,/usr/libexec/networkserviceproxy,"{
 ""MD5"": ""db0ecaffd6fafa5367210fe7224914c1"",
 ""SHA1"": ""19eb687e39ff6790f52ca6dae806d9b2337947e9"",
 ""SHA256"": ""d5d6d87d57bc1d792d793d1aad42544b2abb36ec9bb04d4302e1e13bd2e45c5c""
}",REDACTED_USER,2026-09-07T09:17:18.000000299Z,15613952,false
" 3104"," 1",/System/Library/Frameworks/CoreServices.framework/Versions/A/Frameworks/Metadata.framework/Versions/A/Support/mdwrite,/System/Library/Frameworks/CoreServices.framework/Versions/A/Frameworks/Metadata.framework/Versions/A/Support/mdwrite,/System/Library/Frameworks/CoreServices.framework/Versions/A/Frameworks/Metadata.framework/Versions/A/Support/mdwrite,"{
 ""MD5"": ""9c402b1d0e144e7ea5987ddccf5305c2"",
 ""SHA1"": ""be75ac05bf385ad7dea2255c145f7b45901b0a9d"",
 ""SHA256"": ""8371394c25f78e175d478ef78a0d9e88f007846a105ac2af01b56002c018530c""
}",REDACTED_USER,2026-08-28T10:16:07.00000007Z,2555904,false
" 33209"," 1",/System/Library/PrivateFrameworks/CoreSuggestions.framework/Versions/A/Support/suggestd,/System/Library/PrivateFrameworks/CoreSuggestions.framework/Versions/A/Support/suggestd,/System/Library/PrivateFrameworks/CoreSuggestions.framework/Versions/A/Support/suggestd,"{
 ""MD5"": ""0ed192006ccc56c27206bd746fb347e1"",
 ""SHA1"": ""541f796ecf3ac90d86aa8f058b2c4118e36529c7"",
 ""SHA256"": ""3b931a188bfce4a45e5fcc1f1da6c7f2d6bd2f501a4c06a106549f947550bff1""
}",REDACTED_USER,2026-09-08T07:30:31.000000237Z,15384576,false
" 33318"," 1",/System/Applications/Messages.app/Contents/PlugIns/Messages Assistant Extension.appex/Contents/MacOS/Messages Assistant Extension,"/System/Applications/Messages.app/Contents/PlugIns/Messages Assistant Extension.appex/Contents/MacOS/Messages Assistant Extension -AppleLanguages (""en-US"", ""de-DE"")",/System/Applications/Messages.app/Contents/PlugIns/Messages Assistant Extension.appex/Contents/MacOS/Messages Assistant Extension,"{
 ""MD5"": ""bec2125bcd641c5d161b29682caa7ecf"",
 ""SHA1"": ""156e1a2e639f240024f3bd6cebfe9ab5180d5213"",
 ""SHA256"": ""9bd42d70f9c460898c5b8f9448b30d5cf7f041106f7fca27826fdb94b0022269""
}",REDACTED_USER,2026-09-08T07:35:38.000000503Z,7847936,false
" 3682"," 1",/System/Library/PrivateFrameworks/People.framework/peopled,/System/Library/PrivateFrameworks/People.framework/peopled,/System/Library/PrivateFrameworks/People.framework/peopled,"{
 ""MD5"": ""33ba369b4196a78d3f23c1615803d66b"",
 ""SHA1"": ""57f1ace86111b664598b35fe03f78d52c641d1bf"",
 ""SHA256"": ""a8e516ae1e25494dc53364afd34fa9fc1270b2833e679709f05c910823abd87c""
}",REDACTED_USER,2026-08-28T11:24:48.000000206Z,6717440,false
" 38511"," 1",/System/Library/PrivateFrameworks/AssistantServices.framework/Versions/A/Support/assistantd,/System/Library/PrivateFrameworks/AssistantServices.framework/Versions/A/Support/assistantd,/System/Library/PrivateFrameworks/AssistantServices.framework/Versions/A/Support/assistantd,"{
 ""MD5"": ""d1f76e272801067283303e03ad8aa274"",
 ""SHA1"": ""6030ac39f26e6e079bff748d14a7d2066d3d84ed"",
 ""SHA256"": ""24cbdf341ecff64d2a613f9ec25c6ff96aff1c6512e828660078391fc0803460""
}",REDACTED_USER,2026-09-09T16:23:02.000000087Z,16023552,false
" 39470"," 1",/Applications/Dropbox.app/Contents/MacOS/Dropbox,/Applications/Dropbox.app/Contents/MacOS/Dropbox /firstrunupdate 18667,/Applications/Dropbox.app/Contents/MacOS/Dropbox,"{
 ""MD5"": ""96211b31b760c8c2c802d1b947709d05"",
 ""SHA1"": ""82a3ea3b9127f4791b6dc5e58e663576e5cb6ae5"",
 ""SHA256"": ""cbb14c45485911b62510f967580174c3f7214178aa6ec735b254e4cc42042bc5""
}",REDACTED_USER,2026-09-10T05:48:53.000000317Z,96960512,false
" 39471"," 1",/Applications/Dropbox.app/Contents/PlugIns/DropboxFileProvider.appex/Contents/MacOS/DropboxFileProvider,/Applications/Dropbox.app/Contents/PlugIns/DropboxFileProvider.appex/Contents/MacOS/DropboxFileProvider -LaunchArguments eyJlbmhhbmNlZFNlY3VyaXR5IjpmYWxzZSwic2VydmljZU5hbWUiOiJjb20uZ2V0ZHJvcGJveC5kcm9wYm94LmZpbGVwcm92aWRlciIsInR5cGUiOjF9,/Applications/Dropbox.app/Contents/PlugIns/DropboxFileProvider.appex/Contents/MacOS/DropboxFileProvider,"{
 ""MD5"": ""68cc44d72bf56dab5369f704f0f3e33f"",
 ""SHA1"": ""9ce8638398fbcc7a0afb760e816fbb81ad997d6d"",
 ""SHA256"": ""a7733048676282fe1622082b247b72735653da23d12c3bef60d7ddebdced35ab""
}",REDACTED_USER,2026-09-10T05:48:53.00000064Z,23248896,false
" 39473"," 1",/Applications/Dropbox.app/Contents/PlugIns/DropboxFileProvider.appex/Contents/MacOS/DropboxFileProviderCH,"/Applications/Dropbox.app/Contents/PlugIns/DropboxFileProvider.appex/Contents/MacOS/DropboxFileProviderCH --no-upload-gzip --no-rate-limit --no-identify-client-via-url --database=/Users/REDACTED_USER/Library/Group Containers/G7HH3F8CAK.com.getdropbox.dropbox.sync/Crashpad --url=https://d.dropbox.com/report_fp_crashpad_minidump --https-pin=0xfb,0xe3,0x1,0x80,0x31,0xf9,0x58,0x6b,0xcb,0xf4,0x17,0x27,0xe4,0x17,0xb7,0xd1,0xc4,0x5c,0x2f,0x47,0xf9,0x3b,0xe3,0x72,0xa1,0x7b,0x96,0xb5,0x7,0x57,0xd5,0xa2 --https-pin=0x7f,0x42,0x96,0xfc,0x5b,0x6a,0x4e,0x3b,0x35,0xd3,0xc3,0x69,0x62,0x3e,0x36,0x4a,0xb1,0xaf,0x38,0x1d,0x8f,0xa7,0x12,0x15,0x33,0xc9,0xd6,0xc6,0x33,0xea,0x24,0x61 --https-pin=0x36,0xab,0xc3,0x26,0x56,0xac,0xfc,0x64,0x5c,0x61,0xb7,0x16,0x13,0xc4,0xbf,0x21,0xc7,0x87,0xf5,0xca,0xbb,0xee,0x48,0x34,0x8d,0x58,0x59,0x78,0x3,0xd7,0xab,0xc9 --https-pin=0xf7,0xec,0xde,0xd5,0xc6,0x60,0x47,0xd2,0x8e,0xd6,0x46,0x6b,0x54,0x3c,0x40,0xe0,0x74,0x3a,0xbe,0x81,0xd1,0x9,0x25,0x4d,0xcf,0x84,0x5d,0x4c,0x2c,0x78,0x53,0xc5 --https-pin=0xbd,0xac,0xcb,0xf2,0xe8,0xb2,0x7c,0xc,0x2,0xa6,0x89,0xee,0x86,0x6c,0x9b,0x86,0xec,0x4,0x44,0x2a,0xfc,0xdd,0xdd,0x5d,0x4e,0xc3,0x6d,0xef,0x21,0xe7,0x61,0xdd --https-pin=0xaf,0xf9,0x88,0x90,0x6d,0xde,0x12,0x95,0x5d,0x9b,0xeb,0xbf,0x92,0x8f,0xdc,0xc3,0x1c,0xce,0x32,0x8d,0x5b,0x93,0x84,0xf2,0x1c,0x89,0x41,0xca,0x26,0xe2,0x3,0x91 --https-pin=0x8b,0xb5,0x93,0xa9,0x3b,0xe1,0xd0,0xe8,0xa8,0x22,0xbb,0x88,0x7c,0x54,0x78,0x90,0xc3,0xe7,0x6,0xaa,0xd2,0xda,0xb7,0x62,0x54,0xf9,0x7f,0xb3,0x6b,0x82,0xfc,0x26 --https-pin=0xb9,0x4c,0x19,0x83,0x0,0xce,0xc5,0xc0,0x57,0xad,0x7,0x27,0xb7,0xb,0xbe,0x91,0x81,0x69,0x92,0x25,0x64,0x39,0xa7,0xb3,0x2f,0x45,0x98,0x11,0x9d,0xda,0x9c,0x97 --https-pin=0x5a,0x88,0x96,0x47,0x22,0xe,0x54,0xd6,0xbd,0x8a,0x16,0x81,0x72,0x24,0x52,0xb,0xb5,0xc7,0x8e,0x58,0x98,0x4b,0xd5,0x70,0x50,0x63,0x88,0xb9,0xde,0xf,0x7,0x5f --https-pin=0xa4,0x95,0xc8,0xd1,0x10,0xe8,0xb9,0xe2,0x0,0xf3,0x70,0xae,0xda,0x3f,0xf9,0x2e,0xe4,0x3f,0x8e,0x3d,0x4e,0xc0,0xdb,0x1c,0xd,0xc5,0x8b,0xd7,0x62,0x88,0xb,0xa5 --https-pin=0xa0,0x2f,0xaf,0xa1,0x92,0xc8,0xcb,0x81,0xcb,0x13,0x41,0x55,0x4f,0x9c,0x5,0xb7,0x1c,0xca,0x2a,0x89,0xb,0xd,0x12,0x98,0xd6,0x83,0x64,0x7c,0x96,0x1e,0xfb,0xdf --https-pin=0x6a,0x97,0xb5,0x1c,0x82,0x19,0xe9,0x3e,0x5d,0xec,0x64,0xba,0xd5,0x80,0x6c,0xde,0xb0,0xf8,0x35,0x5b,0xe4,0x7e,0x75,0x70,0x10,0xb7,0x2,0x45,0x6e,0x1,0xaa,0xfd --https-pin=0x2b,0x7,0x1c,0x59,0xa0,0xa0,0xae,0x76,0xb0,0xea,0xdb,0x2b,0xad,0x23,0xba,0xd4,0x58,0xb,0x69,0xc3,0x60,0x1b,0x63,0xc,0x2e,0xaf,0x6,0x13,0xaf,0xa8,0x3f,0x92 --annotation=buildno=dropbox-mac-270.4.3246 --annotation=machine_id=5e35ea44-efda-5763-abc9-1ac45973a2db --annotation=platform=mac --annotation=platform_version=26.6.2 --annotation=product_name=desktop_client_fp --handshake-fd=16",/Applications/Dropbox.app/Contents/PlugIns/DropboxFileProvider.appex/Contents/MacOS/DropboxFileProviderCH,"{
 ""MD5"": ""d49080697b128311c0fb19c9e992304b"",
 ""SHA1"": ""539be99dd1c58d434fdf613a35d97af81a281ea7"",
 ""SHA256"": ""c858fa8547bbab8daa530e00700949017f6538a76027f7bad95ca8d294f3a13c""
}",REDACTED_USER,2026-09-10T05:48:53.000000756Z,2129920,false
" 39475"," 1",/Applications/Dropbox.app/Contents/MacOS/Dropbox,"/Applications/Dropbox.app/Contents/MacOS/Dropbox -type:crashpad-handler --no-upload-gzip --no-rate-limit --capture-python --no-identify-client-via-url --database=/Users/REDACTED_USER/.dropbox/Crashpad --metrics-dir=0 --url=https://d.dropbox.com/report_crashpad_minidump --https-pin=0xfb,0xe3,0x1,0x80,0x31,0xf9,0x58,0x6b,0xcb,0xf4,0x17,0x27,0xe4,0x17,0xb7,0xd1,0xc4,0x5c,0x2f,0x47,0xf9,0x3b,0xe3,0x72,0xa1,0x7b,0x96,0xb5,0x7,0x57,0xd5,0xa2 --https-pin=0x7f,0x42,0x96,0xfc,0x5b,0x6a,0x4e,0x3b,0x35,0xd3,0xc3,0x69,0x62,0x3e,0x36,0x4a,0xb1,0xaf,0x38,0x1d,0x8f,0xa7,0x12,0x15,0x33,0xc9,0xd6,0xc6,0x33,0xea,0x24,0x61 --https-pin=0x36,0xab,0xc3,0x26,0x56,0xac,0xfc,0x64,0x5c,0x61,0xb7,0x16,0x13,0xc4,0xbf,0x21,0xc7,0x87,0xf5,0xca,0xbb,0xee,0x48,0x34,0x8d,0x58,0x59,0x78,0x3,0xd7,0xab,0xc9 --https-pin=0xf7,0xec,0xde,0xd5,0xc6,0x60,0x47,0xd2,0x8e,0xd6,0x46,0x6b,0x54,0x3c,0x40,0xe0,0x74,0x3a,0xbe,0x81,0xd1,0x9,0x25,0x4d,0xcf,0x84,0x5d,0x4c,0x2c,0x78,0x53,0xc5 --https-pin=0xbd,0xac,0xcb,0xf2,0xe8,0xb2,0x7c,0xc,0x2,0xa6,0x89,0xee,0x86,0x6c,0x9b,0x86,0xec,0x4,0x44,0x2a,0xfc,0xdd,0xdd,0x5d,0x4e,0xc3,0x6d,0xef,0x21,0xe7,0x61,0xdd --https-pin=0xaf,0xf9,0x88,0x90,0x6d,0xde,0x12,0x95,0x5d,0x9b,0xeb,0xbf,0x92,0x8f,0xdc,0xc3,0x1c,0xce,0x32,0x8d,0x5b,0x93,0x84,0xf2,0x1c,0x89,0x41,0xca,0x26,0xe2,0x3,0x91 --https-pin=0x8b,0xb5,0x93,0xa9,0x3b,0xe1,0xd0,0xe8,0xa8,0x22,0xbb,0x88,0x7c,0x54,0x78,0x90,0xc3,0xe7,0x6,0xaa,0xd2,0xda,0xb7,0x62,0x54,0xf9,0x7f,0xb3,0x6b,0x82,0xfc,0x26 --https-pin=0xb9,0x4c,0x19,0x83,0x0,0xce,0xc5,0xc0,0x57,0xad,0x7,0x27,0xb7,0xb,0xbe,0x91,0x81,0x69,0x92,0x25,0x64,0x39,0xa7,0xb3,0x2f,0x45,0x98,0x11,0x9d,0xda,0x9c,0x97 --https-pin=0x5a,0x88,0x96,0x47,0x22,0xe,0x54,0xd6,0xbd,0x8a,0x16,0x81,0x72,0x24,0x52,0xb,0xb5,0xc7,0x8e,0x58,0x98,0x4b,0xd5,0x70,0x50,0x63,0x88,0xb9,0xde,0xf,0x7,0x5f --https-pin=0xa4,0x95,0xc8,0xd1,0x10,0xe8,0xb9,0xe2,0x0,0xf3,0x70,0xae,0xda,0x3f,0xf9,0x2e,0xe4,0x3f,0x8e,0x3d,0x4e,0xc0,0xdb,0x1c,0xd,0xc5,0x8b,0xd7,0x62,0x88,0xb,0xa5 --https-pin=0xa0,0x2f,0xaf,0xa1,0x92,0xc8,0xcb,0x81,0xcb,0x13,0x41,0x55,0x4f,0x9c,0x5,0xb7,0x1c,0xca,0x2a,0x89,0xb,0xd,0x12,0x98,0xd6,0x83,0x64,0x7c,0x96,0x1e,0xfb,0xdf --https-pin=0x6a,0x97,0xb5,0x1c,0x82,0x19,0xe9,0x3e,0x5d,0xec,0x64,0xba,0xd5,0x80,0x6c,0xde,0xb0,0xf8,0x35,0x5b,0xe4,0x7e,0x75,0x70,0x10,0xb7,0x2,0x45,0x6e,0x1,0xaa,0xfd --https-pin=0x2b,0x7,0x1c,0x59,0xa0,0xa0,0xae,0x76,0xb0,0xea,0xdb,0x2b,0xad,0x23,0xba,0xd4,0x58,0xb,0x69,0xc3,0x60,0x1b,0x63,0xc,0x2e,0xaf,0x6,0x13,0xaf,0xa8,0x3f,0x92 --annotation=host_int_account1_boot=22314293105 --annotation=is_store_managed=false --annotation=machine_id=5e35ea44-efda-5763-abc9-1ac45973a2db --annotation=platform=mac --annotation=platform_version=26.6.2 --handshake-fd=4",/Applications/Dropbox.app/Contents/MacOS/Dropbox,"{
 ""MD5"": ""96211b31b760c8c2c802d1b947709d05"",
 ""SHA1"": ""82a3ea3b9127f4791b6dc5e58e663576e5cb6ae5"",
 ""SHA256"": ""cbb14c45485911b62510f967580174c3f7214178aa6ec735b254e4cc42042bc5""
}",REDACTED_USER,2026-09-10T05:48:54.00000071Z,2621440,false
" 39476"," 39470",/Applications/Dropbox.app/Contents/MacOS/Dropbox,/Applications/Dropbox.app/Contents/MacOS/Dropbox -type:exit-monitor -method:collectupload -python-version:3.11.14 -process-type:main -session-token:76f169f2-686e-4510-ae19-d8857e233308 -target-handle:39470 -target-shutdown-event:4 -target-restart-event:6 -target-command-line:/Applications/Dropbox.app/Contents/MacOS/Dropbox /firstrunupdate 18667,/Applications/Dropbox.app/Contents/MacOS/Dropbox,"{
 ""MD5"": ""96211b31b760c8c2c802d1b947709d05"",
 ""SHA1"": ""82a3ea3b9127f4791b6dc5e58e663576e5cb6ae5"",
 ""SHA256"": ""cbb14c45485911b62510f967580174c3f7214178aa6ec735b254e4cc42042bc5""
}",REDACTED_USER,2026-09-10T05:48:54.000000746Z,2293760,false
" 39478"," 39470",/Applications/Dropbox.app/Contents/Frameworks/Dropbox Helper (GPU).app/Contents/MacOS/Dropbox Helper (GPU),"/Applications/Dropbox.app/Contents/Frameworks/Dropbox Helper (GPU).app/Contents/MacOS/Dropbox Helper (GPU) --type=gpu-process --crashpad-annotations=product_name:desktop_client,buildid:main,buildno:Dropbox-mac-270.4.3246,platform:mac,platform_version:26.6.2 --user-data-dir=/Users/REDACTED_USER/Library/Application Support/Dropbox --gpu-preferences=UAAAAAAAAAAgAAAEAAAAAAAAAAAAAAAAAABgAAMAAAAAAAAAAAAAAAAAAAACAAAAAAAAAAAAAAAAAAAAAAAAABAAAAAAAAAAEAAAAAAAAAAIAAAAAAAAAAgAAAAAAAAA --shared-files --field-trial-handle=1718379636,r,13678658303026834220,17161914026411668282,262144 --enable-features=PdfUseShowSaveFilePicker,ScreenCaptureKitPickerScreen,ScreenCaptureKitStreamPickerSonoma --disable-features=MacWebContentsOcclusion,ScreenAIOCREnabled,SpareRendererForSitePerProcess,TimeoutHangingVideoCaptureStarts --variations-seed-version --seatbelt-client=66",/Applications/Dropbox.app/Contents/Frameworks/Dropbox Helper (GPU).app/Contents/MacOS/Dropbox Helper (GPU),"{
 ""MD5"": ""6b87e850412d70ed2ab9fc2f16be4043"",
 ""SHA1"": ""75b91d37c0fee3c16a5d5fd60cc9b8d5da504f04"",
 ""SHA256"": ""26c6cffbb99856e769c7aa5ad8de7d96126543301c687236251239bb530b8d77""
}",REDACTED_USER,2026-09-10T05:48:59.000000527Z,9797632,false
" 39479"," 39470",/Applications/Dropbox.app/Contents/Frameworks/Dropbox Helper.app/Contents/MacOS/Dropbox Helper,"/Applications/Dropbox.app/Contents/Frameworks/Dropbox Helper.app/Contents/MacOS/Dropbox Helper --type=utility --utility-sub-type=network.mojom.NetworkService --lang=en-US --service-sandbox-type=network --user-data-dir=/Users/REDACTED_USER/Library/Application Support/Dropbox --standard-schemes=dbx-local --enable-sandbox --secure-schemes=dbx-local,sentry-ipc --bypasscsp-schemes=sentry-ipc --cors-schemes=dbx-local,sentry-ipc --fetch-schemes=sentry-ipc --streaming-schemes=dbx-local --shared-files --field-trial-handle=1718379636,r,13678658303026834220,17161914026411668282,262144 --enable-features=PdfUseShowSaveFilePicker,ScreenCaptureKitPickerScreen,ScreenCaptureKitStreamPickerSonoma --disable-features=MacWebContentsOcclusion,ScreenAIOCREnabled,SpareRendererForSitePerProcess,TimeoutHangingVideoCaptureStarts --variations-seed-version --seatbelt-client=66",/Applications/Dropbox.app/Contents/Frameworks/Dropbox Helper.app/Contents/MacOS/Dropbox Helper,"{
 ""MD5"": ""940ddbcb5574e6122cc13f8d5783acf8"",
 ""SHA1"": ""5acd616147936f6b24797a0e11837c46fbc32f10"",
 ""SHA256"": ""923443b1b3290501ec978ae9d622c13257c513b7f9f0b99cf736a9ca6a51c163""
}",REDACTED_USER,2026-09-10T05:48:59.000000535Z,9781248,false
" 39485"," 39470",/Applications/Dropbox.app/Contents/Frameworks/Dropbox Helper (Renderer).app/Contents/MacOS/Dropbox Helper (Renderer),"/Applications/Dropbox.app/Contents/Frameworks/Dropbox Helper (Renderer).app/Contents/MacOS/Dropbox Helper (Renderer) --type=renderer --user-data-dir=/Users/REDACTED_USER/Library/Application Support/Dropbox --standard-schemes=dbx-local --enable-sandbox --secure-schemes=dbx-local,sentry-ipc --bypasscsp-schemes=sentry-ipc --cors-schemes=dbx-local,sentry-ipc --fetch-schemes=sentry-ipc --streaming-schemes=dbx-local --app-path=/Applications/Dropbox.app/Contents/Resources/app.asar --enable-sandbox --lang=en-US --num-raster-threads=4 --enable-zero-copy --enable-gpu-memory-buffer-compositor-resources --enable-main-frame-before-activation --renderer-client-id=4 --time-ticks-at-unix-epoch=-1788873863830261 --launch-time-ticks=145478744464 --shared-files --field-trial-handle=1718379636,r,13678658303026834220,17161914026411668282,262144 --enable-features=PdfUseShowSaveFilePicker,ScreenCaptureKitPickerScreen,ScreenCaptureKitStreamPickerSonoma --disable-features=MacWebContentsOcclusion,ScreenAIOCREnabled,SpareRendererForSitePerProcess,TimeoutHangingVideoCaptureStarts --variations-seed-version --seatbelt-client=105",/Applications/Dropbox.app/Contents/Frameworks/Dropbox Helper (Renderer).app/Contents/MacOS/Dropbox Helper (Renderer),"{
 ""MD5"": ""3f2d3d23260eac143acd4e5bd29543f2"",
 ""SHA1"": ""dd086a9338cd5b53511b00dad99f54b8f53ea71d"",
 ""SHA256"": ""cba7b826fc57a2b3cf7848ec03c1b0b2123b3aee1cc6d5562cfe262e8675e9e4""
}",REDACTED_USER,2026-09-10T05:49:02.000000591Z,6242304,false
" 39494"," 39470",/Applications/Dropbox.app/Contents/Frameworks/Dropbox Helper (Renderer).app/Contents/MacOS/Dropbox Helper (Renderer),"/Applications/Dropbox.app/Contents/Frameworks/Dropbox Helper (Renderer).app/Contents/MacOS/Dropbox Helper (Renderer) --type=renderer --user-data-dir=/Users/REDACTED_USER/Library/Application Support/Dropbox --standard-schemes=dbx-local --enable-sandbox --secure-schemes=dbx-local,sentry-ipc --bypasscsp-schemes=sentry-ipc --cors-schemes=dbx-local,sentry-ipc --fetch-schemes=sentry-ipc --streaming-schemes=dbx-local --app-path=/Applications/Dropbox.app/Contents/Resources/app.asar --enable-sandbox --lang=en-US --num-raster-threads=4 --enable-zero-copy --enable-gpu-memory-buffer-compositor-resources --enable-main-frame-before-activation --renderer-client-id=6 --time-ticks-at-unix-epoch=-1788873863830261 --launch-time-ticks=145479424140 --shared-files --field-trial-handle=1718379636,r,13678658303026834220,17161914026411668282,262144 --enable-features=PdfUseShowSaveFilePicker,ScreenCaptureKitPickerScreen,ScreenCaptureKitStreamPickerSonoma --disable-features=MacWebContentsOcclusion,ScreenAIOCREnabled,SpareRendererForSitePerProcess,TimeoutHangingVideoCaptureStarts --variations-seed-version --seatbelt-client=165",/Applications/Dropbox.app/Contents/Frameworks/Dropbox Helper (Renderer).app/Contents/MacOS/Dropbox Helper (Renderer),"{
 ""MD5"": ""3f2d3d23260eac143acd4e5bd29543f2"",
 ""SHA1"": ""dd086a9338cd5b53511b00dad99f54b8f53ea71d"",
 ""SHA256"": ""cba7b826fc57a2b3cf7848ec03c1b0b2123b3aee1cc6d5562cfe262e8675e9e4""
}",REDACTED_USER,2026-09-10T05:49:03.000000254Z,5029888,false
" 39506"," 39470",/Applications/Dropbox.app/Contents/Frameworks/Dropbox Helper (Renderer).app/Contents/MacOS/Dropbox Helper (Renderer),"/Applications/Dropbox.app/Contents/Frameworks/Dropbox Helper (Renderer).app/Contents/MacOS/Dropbox Helper (Renderer) --type=renderer --user-data-dir=/Users/REDACTED_USER/Library/Application Support/Dropbox --standard-schemes=dbx-local --enable-sandbox --secure-schemes=dbx-local,sentry-ipc --bypasscsp-schemes=sentry-ipc --cors-schemes=dbx-local,sentry-ipc --fetch-schemes=sentry-ipc --streaming-schemes=dbx-local --app-path=/Applications/Dropbox.app/Contents/Resources/app.asar --enable-sandbox --lang=en-US --num-raster-threads=4 --enable-zero-copy --enable-gpu-memory-buffer-compositor-resources --enable-main-frame-before-activation --renderer-client-id=8 --time-ticks-at-unix-epoch=-1788873863830261 --launch-time-ticks=145481063941 --shared-files --field-trial-handle=1718379636,r,13678658303026834220,17161914026411668282,262144 --enable-features=PdfUseShowSaveFilePicker,ScreenCaptureKitPickerScreen,ScreenCaptureKitStreamPickerSonoma --disable-features=MacWebContentsOcclusion,ScreenAIOCREnabled,SpareRendererForSitePerProcess,TimeoutHangingVideoCaptureStarts --variations-seed-version --seatbelt-client=207",/Applications/Dropbox.app/Contents/Frameworks/Dropbox Helper (Renderer).app/Contents/MacOS/Dropbox Helper (Renderer),"{
 ""MD5"": ""3f2d3d23260eac143acd4e5bd29543f2"",
 ""SHA1"": ""dd086a9338cd5b53511b00dad99f54b8f53ea71d"",
 ""SHA256"": ""cba7b826fc57a2b3cf7848ec03c1b0b2123b3aee1cc6d5562cfe262e8675e9e4""
}",REDACTED_USER,2026-09-10T05:49:04.000000894Z,8060928,false
" 39869"," 1",/System/Library/PrivateFrameworks/HomeKitDaemon.framework/Support/homed,/System/Library/PrivateFrameworks/HomeKitDaemon.framework/Support/homed,/System/Library/PrivateFrameworks/HomeKitDaemon.framework/Support/homed,"{
 ""MD5"": ""9a0d1c3b47286690dbfe7c1f7bad0117"",
 ""SHA1"": ""770a62bfa2adfcd9c298498388745da30a3af248"",
 ""SHA256"": ""0cdd917e19ff447fcb05bb98adc52948e087a455ba3fbe71c6e7c08aebf1511d""
}",REDACTED_USER,2026-09-10T12:00:34.000000835Z,12222464,false
" 40015"," 1",/System/Library/Frameworks/ExtensionFoundation.framework/Versions/A/XPCServices/extensionkitservice.xpc/Contents/MacOS/extensionkitservice,/System/Library/Frameworks/ExtensionFoundation.framework/Versions/A/XPCServices/extensionkitservice.xpc/Contents/MacOS/extensionkitservice,/System/Library/Frameworks/ExtensionFoundation.framework/Versions/A/XPCServices/extensionkitservice.xpc/Contents/MacOS/extensionkitservice,"{
 ""MD5"": ""feb9199bb020aa5c251db14cd577c3d2"",
 ""SHA1"": ""d9d98b016d049024131a8f38e297dce26b483790"",
 ""SHA256"": ""aae3728f76d34e6e5383ca051e7b35fc69ebaf0a43d5e63c9fd26d82c0247133""
}",REDACTED_USER,2026-09-10T13:01:23.000000576Z,10125312,false
" 40598"," 1",/System/Library/PrivateFrameworks/AppStoreComponents.framework/Support/appstorecomponentsd,/System/Library/PrivateFrameworks/AppStoreComponents.framework/Support/appstorecomponentsd,/System/Library/PrivateFrameworks/AppStoreComponents.framework/Support/appstorecomponentsd,"{
 ""MD5"": ""e80f82643a35d32d7cca34e79c56a2be"",
 ""SHA1"": ""88556716bb6f8f7fb5ac04046158f64582b4ba5a"",
 ""SHA256"": ""47a43ea022f515251234dd468dafaa97f27071e7e166f3e83dc2f4a774f0ec60""
}",REDACTED_USER,2026-09-11T00:56:26.000000879Z,7061504,false
" 40663"," 1",/usr/libexec/duetexpertd,/usr/libexec/duetexpertd,/usr/libexec/duetexpertd,"{
 ""MD5"": ""2e850d00f7c467b7743215b179a981a0"",
 ""SHA1"": ""c663e3efd124b08f1c01babe626ffdd986570e6f"",
 ""SHA256"": ""2983bfe5e8a8fdce5c7a0bb87311900cb726c7974a0435ba168cc7348a8bb9bc""
}",REDACTED_USER,2026-09-11T01:07:03.000000292Z,19709952,false
" 40742"," 1",/System/Cryptexes/App/usr/libexec/SafariBookmarksSyncAgent,/System/Cryptexes/App/usr/libexec/SafariBookmarksSyncAgent,/System/Volumes/Preboot/Cryptexes/App/usr/libexec/SafariBookmarksSyncAgent,"{
 ""MD5"": ""63e44e55d1c5eb9231ad60dcf835214f"",
 ""SHA1"": ""a26edb55a8a66db104347ccf9c6696148a83ea75"",
 ""SHA256"": ""e52bbb55a0e078326683af9f7a8dbf75c01f45d935d5513b9714f591e9491b22""
}",REDACTED_USER,2026-09-11T01:08:04.000000238Z,9322496,false
" 42288"," 1",/usr/libexec/coreduetd,/usr/libexec/coreduetd,/usr/libexec/coreduetd,"{
 ""MD5"": ""64b61544937558ffb8c93fbf229ea696"",
 ""SHA1"": ""c8397ff3cb2ea6b77af0bd7ef659107e35adcd4f"",
 ""SHA256"": ""aff0f7ea1f21b7718afc5eac40757ad74fcb80f2537a94d24409924268aa118d""
}",root,2026-09-11T02:07:13.000000578Z,6782976,false
" 42559"," 1",/System/iOSSupport/System/Library/PrivateFrameworks/WorkflowUI.framework/PlugIns/WidgetConfigurationExtension.appex/Contents/MacOS/WidgetConfigurationExtension,"/System/iOSSupport/System/Library/PrivateFrameworks/WorkflowUI.framework/PlugIns/WidgetConfigurationExtension.appex/Contents/MacOS/WidgetConfigurationExtension -AppleLanguages (""en-US"", ""de-DE"")",/System/iOSSupport/System/Library/PrivateFrameworks/WorkflowUI.framework/PlugIns/WidgetConfigurationExtension.appex/Contents/MacOS/WidgetConfigurationExtension,"{
 ""MD5"": ""2134fbfb9a7d406d930c302f1378db1a"",
 ""SHA1"": ""8871f3a305597a932cd73649d81a8a08bf68c6e2"",
 ""SHA256"": ""b8af0d73493d81a3f7f7d25f2ad47ac94fec802a23f84f4eb310c43d7d58799a""
}",REDACTED_USER,2026-09-11T02:20:22.000000203Z,9781248,false
" 42561"," 1",/System/Library/PrivateFrameworks/MobileTimer.framework/PlugIns/MobileTimerIntents.appex/Contents/MacOS/MobileTimerIntents,"/System/Library/PrivateFrameworks/MobileTimer.framework/PlugIns/MobileTimerIntents.appex/Contents/MacOS/MobileTimerIntents -AppleLanguages (""en"", ""en-US"", ""de-DE"")",/System/Library/PrivateFrameworks/MobileTimer.framework/PlugIns/MobileTimerIntents.appex/Contents/MacOS/MobileTimerIntents,"{
 ""MD5"": ""196fa7161ac34faf0ab7270d4df5f9e3"",
 ""SHA1"": ""bde010f8223166e977787a8a7b83068d69ce20ac"",
 ""SHA256"": ""cabd8a6782133cabb4c4d1428aec46bfee38982080c4afbd202d49361b4c9004""
}",REDACTED_USER,2026-09-11T02:20:26.000000535Z,3538944,false
" 42569"," 1",/Applications/Goodnotes.app/Contents/PlugIns/WidgetExtension.appex/Contents/MacOS/WidgetExtension,/Applications/Goodnotes.app/Contents/PlugIns/WidgetExtension.appex/Contents/MacOS/WidgetExtension -LaunchArguments eyJ0eXBlIjoxLCJzZXJ2aWNlTmFtZSI6ImNvbS5nb29kbm90ZXNhcHAueC5XaWRnZXRFeHRlbnNpb24iLCJlbmhhbmNlZFNlY3VyaXR5IjpmYWxzZX0=,/Applications/Goodnotes.app/Contents/PlugIns/WidgetExtension.appex/Contents/MacOS/WidgetExtension,"{
 ""MD5"": ""fe93c67cc462e9f3b11ebaddd12c488c"",
 ""SHA1"": ""1a6d3cceed20f58dddb4f2ceda4caff27665f2db"",
 ""SHA256"": ""950a02a03c32a58253546df7939f11b6d7df44794fd81044db17e151481f84e1""
}",REDACTED_USER,2026-09-11T02:20:45.000000043Z,3604480,false
" 42570"," 1",/Applications/Microsoft Teams.app/Contents/PlugIns/TeamsWidgetExtension.appex/Contents/MacOS/TeamsWidgetExtension,"/Applications/Microsoft Teams.app/Contents/PlugIns/TeamsWidgetExtension.appex/Contents/MacOS/TeamsWidgetExtension -AppleLanguages (""en_us"", ""en-US"", ""de-DE"") -LaunchArguments eyJ0eXBlIjoxLCJzZXJ2aWNlTmFtZSI6ImNvbS5taWNyb3NvZnQudGVhbXMyLndpZGdldGV4dGVuc2lvbiIsImVuaGFuY2VkU2VjdXJpdHkiOmZhbHNlfQ==",/Applications/Microsoft Teams.app/Contents/PlugIns/TeamsWidgetExtension.appex/Contents/MacOS/TeamsWidgetExtension,"{
 ""MD5"": ""63ef436adf92c4a376bcfac6ab7a4c84"",
 ""SHA1"": ""e852a2375c3736f3bc219ef2f8c832e6ae500cc2"",
 ""SHA256"": ""853f302157968dfea85bc29a8c8c2a3666d0018d105a0d8b669768f692f339d6""
}",REDACTED_USER,2026-09-11T02:20:45.000000071Z,3227648,false
" 42571"," 1",/Applications/Microsoft Outlook.app/Contents/PlugIns/CalendarWidgetExtension.appex/Contents/MacOS/CalendarWidgetExtension,/Applications/Microsoft Outlook.app/Contents/PlugIns/CalendarWidgetExtension.appex/Contents/MacOS/CalendarWidgetExtension -LaunchArguments eyJ0eXBlIjoxLCJzZXJ2aWNlTmFtZSI6ImNvbS5taWNyb3NvZnQuT3V0bG9vay5DYWxlbmRhcldpZGdldCIsImVuaGFuY2VkU2VjdXJpdHkiOmZhbHNlfQ==,/Applications/Microsoft Outlook.app/Contents/PlugIns/CalendarWidgetExtension.appex/Contents/MacOS/CalendarWidgetExtension,"{
 ""MD5"": ""4fe9a36c7fd11a3469fe143a7d643949"",
 ""SHA1"": ""35c80e6ab51048aaf1dedd05a5a0732e88f8fdc2"",
 ""SHA256"": ""4b05d351ce74e3d5adf0a5dc6b19e9d00673968647ae02bca55d18c078522cdf""
}",REDACTED_USER,2026-09-11T02:20:45.000000094Z,3260416,false
" 42635"," 1",/System/Volumes/Preboot/Cryptexes/App/System/Applications/Safari.app/Contents/MacOS/Safari,/System/Volumes/Preboot/Cryptexes/App/System/Applications/Safari.app/Contents/MacOS/Safari,/System/Volumes/Preboot/Cryptexes/App/System/Applications/Safari.app/Contents/MacOS/Safari,"{
 ""MD5"": ""84cf23a5a17839d830a79254cefc46d6"",
 ""SHA1"": ""9006775a461b1d1bd2689672299f1cdddcda7af0"",
 ""SHA256"": ""73e3bbbd755b3c91db56f0eb68de8b554542c35a64f90d6878be93010737b2b4""
}",REDACTED_USER,2026-09-11T02:24:38.000000811Z,163119104,false
" 42643"," 1",/System/Library/Frameworks/WebKit.framework/Versions/A/XPCServices/com.apple.WebKit.Networking.xpc/Contents/MacOS/com.apple.WebKit.Networking,/System/Library/Frameworks/WebKit.framework/Versions/A/XPCServices/com.apple.WebKit.Networking.xpc/Contents/MacOS/com.apple.WebKit.Networking,/System/Volumes/Preboot/Cryptexes/Incoming/OS/System/Library/Frameworks/WebKit.framework/Versions/A/XPCServices/com.apple.WebKit.Networking.xpc/Contents/MacOS/com.apple.WebKit.Networking,"{
 ""MD5"": ""a0437a4ab819ecf15afc094ee9daa36c"",
 ""SHA1"": ""2ece86501698939f7368474cb80bdcc752301303"",
 ""SHA256"": ""a3e995f7b13449608f643b851c6f972bb6cc7833fac687bb6a9a687a70dc9771""
}",REDACTED_USER,2026-09-11T02:24:39.000000352Z,29868032,false
" 42647"," 1",/System/Library/Frameworks/WebKit.framework/Versions/A/XPCServices/com.apple.WebKit.GPU.xpc/Contents/MacOS/com.apple.WebKit.GPU,/System/Library/Frameworks/WebKit.framework/Versions/A/XPCServices/com.apple.WebKit.GPU.xpc/Contents/MacOS/com.apple.WebKit.GPU,/System/Volumes/Preboot/Cryptexes/Incoming/OS/System/Library/Frameworks/WebKit.framework/Versions/A/XPCServices/com.apple.WebKit.GPU.xpc/Contents/MacOS/com.apple.WebKit.GPU,"{
 ""MD5"": ""7f8b391b860913bcac733f4e3e062717"",
 ""SHA1"": ""e9fe3c3177c2da86eac37f7eeeaef28ee3d6d993"",
 ""SHA256"": ""9be0a68b1568ed9f2b0de3b050879230798d2ab9bbe050b020ae9c4e97bbcb61""
}",REDACTED_USER,2026-09-11T02:24:39.000000525Z,72531968,false
" 42662"," 1",/System/Library/PrivateFrameworks/SafariPlatformSupport.framework/Versions/A/XPCServices/com.apple.SafariPlatformSupport.Helper.xpc/Contents/MacOS/com.apple.SafariPlatformSupport.Helper,/System/Library/PrivateFrameworks/SafariPlatformSupport.framework/Versions/A/XPCServices/com.apple.SafariPlatformSupport.Helper.xpc/Contents/MacOS/com.apple.SafariPlatformSupport.Helper,/System/Volumes/Preboot/Cryptexes/Incoming/OS/System/Library/PrivateFrameworks/SafariPlatformSupport.framework/Versions/A/XPCServices/com.apple.SafariPlatformSupport.Helper.xpc/Contents/MacOS/com.apple.SafariPlatformSupport.Helper,"{
 ""MD5"": ""1021f429b0a24aa0ea1505508343beed"",
 ""SHA1"": ""35404b3571b1a85095bad171450af8103c10963f"",
 ""SHA256"": ""2336417e523efc3f52e3505cbea30e738872103fb2d94ee39d8af3c02234b010""
}",REDACTED_USER,2026-09-11T02:24:40.000000388Z,7864320,false
" 42666"," 1",/System/Library/Frameworks/AppKit.framework/Versions/C/XPCServices/com.apple.appkit.xpc.openAndSavePanelService.xpc/Contents/MacOS/com.apple.appkit.xpc.openAndSavePanelService,/System/Library/Frameworks/AppKit.framework/Versions/C/XPCServices/com.apple.appkit.xpc.openAndSavePanelService.xpc/Contents/MacOS/com.apple.appkit.xpc.openAndSavePanelService,/System/Library/Frameworks/AppKit.framework/Versions/C/XPCServices/com.apple.appkit.xpc.openAndSavePanelService.xpc/Contents/MacOS/com.apple.appkit.xpc.openAndSavePanelService,"{
 ""MD5"": ""77617e7b654783cf13ca15cc5cc04d75"",
 ""SHA1"": ""09c2279b5e178a8333c2a93cf1d3eb4eb6cdee2a"",
 ""SHA256"": ""922e0471c6250f79eeebd32b157535b25a966e0ba78fb31e29941129fa78d7bb""
}",REDACTED_USER,2026-09-11T02:24:41.000000169Z,20381696,false
" 44629"," 1",/System/Library/Frameworks/WebKit.framework/Versions/A/XPCServices/com.apple.WebKit.WebContent.xpc/Contents/MacOS/com.apple.WebKit.WebContent,/System/Library/Frameworks/WebKit.framework/Versions/A/XPCServices/com.apple.WebKit.WebContent.xpc/Contents/MacOS/com.apple.WebKit.WebContent,/System/Volumes/Preboot/Cryptexes/Incoming/OS/System/Library/Frameworks/WebKit.framework/Versions/A/XPCServices/com.apple.WebKit.WebContent.xpc/Contents/MacOS/com.apple.WebKit.WebContent,"{
 ""MD5"": ""49150f71d2298fd45fd8d180f8563305"",
 ""SHA1"": ""c50ee39a4e9ce9c853a7137bd2b123550d52460e"",
 ""SHA256"": ""049d5c5db2b78c8fe4290dbd6347a6b1f00f22dbf2715d4a046e8392131a9a75""
}",REDACTED_USER,2026-09-11T11:28:49.000000036Z,1949696,false
" 4790"," 1",/System/Library/CoreServices/PowerChime.app/Contents/MacOS/PowerChime,/System/Library/CoreServices/PowerChime.app/Contents/MacOS/PowerChime,/System/Library/CoreServices/PowerChime.app/Contents/MacOS/PowerChime,"{
 ""MD5"": ""576195dfb0b4f514a8e55d2642641d0c"",
 ""SHA1"": ""bbda5e970de9901410177e73e5fb9ed6b7bd0862"",
 ""SHA256"": ""117f627f2f7c281b1f053e638e44fd2d5815feb29e719353e0d76acbcd7553ff""
}",REDACTED_USER,2026-08-28T19:05:27.00000099Z,5947392,false
" 5011"," 1",/System/Library/PrivateFrameworks/IMDPersistence.framework/IMAutomaticHistoryDeletionAgent.app/Contents/MacOS/IMAutomaticHistoryDeletionAgent,/System/Library/PrivateFrameworks/IMDPersistence.framework/IMAutomaticHistoryDeletionAgent.app/Contents/MacOS/IMAutomaticHistoryDeletionAgent,/System/Library/PrivateFrameworks/IMDPersistence.framework/IMAutomaticHistoryDeletionAgent.app/Contents/MacOS/IMAutomaticHistoryDeletionAgent,"{
 ""MD5"": ""143296b0258cfba5246f4dc25afa7f23"",
 ""SHA1"": ""6ea4aa6811750c4d06f123dcb8f85d915907c9e5"",
 ""SHA256"": ""7d7c9b32fc4b142cadd0ed3c6dd8806a41e6b6be3c91bc4dec6ed491bb3991d6""
}",REDACTED_USER,2026-08-28T19:27:57.000000737Z,4489216,false
" 529"," 1",/usr/libexec/logd,/usr/libexec/logd,/usr/libexec/logd,"{
 ""MD5"": ""cceb0fbeb7c11ddd4fe3a94a9952c74d"",
 ""SHA1"": ""4d61f1cb7c04e4a9718850efffa8bc33b009a3df"",
 ""SHA256"": ""8723d187c209d5c40aea1ebb72eb8a77d4d50dc56a339e7c60984be24005fc76""
}",root,2026-08-27T19:48:08.000000369Z,14139392,false
" 531"," 1",/usr/libexec/UserEventAgent,/usr/libexec/UserEventAgent (System),/usr/libexec/UserEventAgent,"{
 ""MD5"": ""332e02b2edf69aa301ca8ae5e9f30b0c"",
 ""SHA1"": ""645a45b24d9b9fe52161b0d8b3bc6445e5742e20"",
 ""SHA256"": ""c07598cce87ff688aeb358aa36bf721357459743d9a3b26f83ef020bcf4c5c83""
}",root,2026-08-27T19:48:08.000000399Z,8503296,false
" 533"," 1",/System/Library/Frameworks/CoreServices.framework/Versions/A/Frameworks/FSEvents.framework/Versions/A/Support/fseventsd,/System/Library/Frameworks/CoreServices.framework/Versions/A/Frameworks/FSEvents.framework/Versions/A/Support/fseventsd,/System/Library/Frameworks/CoreServices.framework/Versions/A/Frameworks/FSEvents.framework/Versions/A/Support/fseventsd,"{
 ""MD5"": ""539801058e397260147230250ddf0441"",
 ""SHA1"": ""675558837aef0be38a6347319791fca83cdcd422"",
 ""SHA256"": ""e2a35e8f8ac3af16ebc5efd97ef61796b67ee6ca8f58d6d8931c0180cf6b1db7""
}",root,2026-08-27T19:48:08.000000417Z,4685824,false
" 534"," 1",/System/Library/PrivateFrameworks/MediaRemote.framework/Support/mediaremoted,/System/Library/PrivateFrameworks/MediaRemote.framework/Support/mediaremoted,/System/Library/PrivateFrameworks/MediaRemote.framework/Support/mediaremoted,"{
 ""MD5"": ""d1ec82b42f4fa8b26e7b58347228e642"",
 ""SHA1"": ""9b7308d96d539eab2ad11bf888894ad4187b7a05"",
 ""SHA256"": ""7da659f83dfcfd32e578a475fbadf5539114fd30c66686006b888e7ef76d1b50""
}",root,2026-08-27T19:48:08.000000418Z,6488064,false
" 537"," 1",/usr/sbin/systemstats,/usr/sbin/systemstats --daemon,/usr/sbin/systemstats,"{
 ""MD5"": ""679cc498c077bc5e449da696cb0307cb"",
 ""SHA1"": ""e8adf760d016fd9aac8d88bdd468f796f98236f6"",
 ""SHA256"": ""d45e873be9e5516f8433f71cba4200ebfae063fe144ea8a35bc632bb720658d0""
}",root,2026-08-27T19:48:08.000000418Z,5865472,false
" 541"," 1",/usr/libexec/configd,/usr/libexec/configd,/usr/libexec/configd,"{
 ""MD5"": ""64b53c9d51daa79fa97b795d6a2f978d"",
 ""SHA1"": ""cd43c75470dceb58bd10282352c80634a39a37bb"",
 ""SHA256"": ""35329b490f724f46bd1a5324c91d76af8416b498e772fe4ed8b0f99fa1760367""
}",root,2026-08-27T19:48:08.000000419Z,6553600,false
" 543"," 1",/System/Library/CoreServices/powerd.bundle/powerd,/System/Library/CoreServices/powerd.bundle/powerd,/System/Library/CoreServices/powerd.bundle/powerd,"{
 ""MD5"": ""8bbcdcfccc873833bc183d756bfee0db"",
 ""SHA1"": ""90fe3bdd90e5605db2ab7aa751d9b70b93e1149a"",
 ""SHA256"": ""a27da6756b7d513bace5890b0c1a7fd55a18827c8ea30a6bd1cd3b5c5761da72""
}",root,2026-08-27T19:48:08.000000419Z,7700480,false
" 544"," 1",/usr/libexec/IOMFB_bics_daemon,/usr/libexec/IOMFB_bics_daemon,/usr/libexec/IOMFB_bics_daemon,"{
 ""MD5"": ""88e5549c7f5f425e0e3eab76dd6907c3"",
 ""SHA1"": ""4b97eeced5d4468ea012c9cec32ae95cd6bc5a84"",
 ""SHA256"": ""ac193fdc9576848a5375c97396abb1ba990b92b10db0269d3654d35b0ac0eda2""
}",root,2026-08-27T19:48:08.000000419Z,1949696,false
" 548"," 1",/usr/libexec/remoted,/usr/libexec/remoted,/usr/libexec/remoted,"{
 ""MD5"": ""2747a76883461830e455bb10178ae03f"",
 ""SHA1"": ""c7aae3814df5a19055a2d9e9f00e8ec7054adb8a"",
 ""SHA256"": ""345bdb3e5444bf5bbaab2f29c514198eed763be5e165e809116f57c877e844f5""
}",root,2026-08-27T19:48:08.00000042Z,1966080,false
" 552"," 1",/System/Library/PrivateFrameworks/CoreSpeech.framework/corespeechd_system,/System/Library/PrivateFrameworks/CoreSpeech.framework/corespeechd_system,/System/Library/PrivateFrameworks/CoreSpeech.framework/corespeechd_system,"{
 ""MD5"": ""249731d62e977a44adb34322401e06b4"",
 ""SHA1"": ""ff66b514ab7a6bdefa2f84e7e8059be2cdd8245b"",
 ""SHA256"": ""8c926bad456c8582608328e827ff3380933b4b1b75a91e0d8cceedb3d8988745""
}",_corespeechd,2026-08-27T19:48:08.000000421Z,1114112,false
" 554"," 1",/usr/libexec/watchdogd,/usr/libexec/watchdogd,/usr/libexec/watchdogd,"{
 ""MD5"": ""c8c53945d178bda3f948f178824ee370"",
 ""SHA1"": ""9c9a40e2fbcbf60f973f97ced1b24eac521cd3cf"",
 ""SHA256"": ""72c2b0a82e39e0cc708e7b3c4fe1801fbccfb1bcb2d7f5080c9d526535cba65d""
}",root,2026-08-27T19:48:08.000000421Z,2113536,false
" 558"," 1",/System/Library/Frameworks/CoreServices.framework/Versions/A/Frameworks/Metadata.framework/Versions/A/Support/mds,/System/Library/Frameworks/CoreServices.framework/Versions/A/Frameworks/Metadata.framework/Versions/A/Support/mds,/System/Library/Frameworks/CoreServices.framework/Versions/A/Frameworks/Metadata.framework/Versions/A/Support/mds,"{
 ""MD5"": ""9b47714d176cbdf9c7ff0af3525ca185"",
 ""SHA1"": ""ab2599fde019cffd82eb17e39eec940cd124201d"",
 ""SHA256"": ""cb283c61a6a5bea8bb3615eaa7eb05f52dacb2eee41c522c75f9857d05f8c5b7""
}",root,2026-08-27T19:48:08.000000422Z,15253504,false
" 560"," 1",/usr/libexec/kernelmanagerd,/usr/libexec/kernelmanagerd,/usr/libexec/kernelmanagerd,"{
 ""MD5"": ""254676bb13e0764d11bad46c0d892f61"",
 ""SHA1"": ""5b0f388b14208cd69f02dd38e93debdd8ccb74be"",
 ""SHA256"": ""24a4fe0623cca5b99d0a092191744a8611fd5342d1c5d3feb4e369e2395c8718""
}",root,2026-08-27T19:48:08.000000422Z,2555904,false
" 561"," 1",/usr/libexec/diskarbitrationd,/usr/libexec/diskarbitrationd,/usr/libexec/diskarbitrationd,"{
 ""MD5"": ""d7548598121dc8ccf1f63095704be888"",
 ""SHA1"": ""2ac5d167018940366a95827044d4c75fac1f260c"",
 ""SHA256"": ""e55f28b76066b9fa896275f3cebdf0e439d04e13c5ab4bdcd5dcb9cd35089648""
}",root,2026-08-27T19:48:08.000000422Z,3997696,false
" 56215"," 1",/usr/sbin/cfprefsd,/usr/sbin/cfprefsd daemon,/usr/sbin/cfprefsd,"{
 ""MD5"": ""783806b45aee0ea9729e40d7b2648d5f"",
 ""SHA1"": ""eda8a026afca680bbfc5f218c138c94bba875d34"",
 ""SHA256"": ""68e67395c84c33cd9e7087ab20286917029a07eec0189b2ff6c6e79c284672f1""
}",root,2026-09-11T11:33:10.000000926Z,3702784,false
" 56220"," 1",/usr/sbin/cfprefsd,/usr/sbin/cfprefsd agent,/usr/sbin/cfprefsd,"{
 ""MD5"": ""783806b45aee0ea9729e40d7b2648d5f"",
 ""SHA1"": ""eda8a026afca680bbfc5f218c138c94bba875d34"",
 ""SHA256"": ""68e67395c84c33cd9e7087ab20286917029a07eec0189b2ff6c6e79c284672f1""
}",REDACTED_USER,2026-09-11T11:33:11.00000037Z,4407296,false
" 565"," 1",/usr/sbin/syslogd,/usr/sbin/syslogd,/usr/sbin/syslogd,"{
 ""MD5"": ""ca247e1280709f713eef8fc8b486a605"",
 ""SHA1"": ""00c8c471d154e8ed4bdbb561ac29cf3abf6d583f"",
 ""SHA256"": ""dbfbd04b21b549b9c2cad3baf61ad2b652a161483ac6579ff9c3c602dd924c23""
}",root,2026-08-27T19:48:08.000000423Z,573440,false
" 567"," 1",/usr/libexec/thermalmonitord,/usr/libexec/thermalmonitord,/usr/libexec/thermalmonitord,"{
 ""MD5"": ""cba5139bf591370bff22dc0e361c1c7d"",
 ""SHA1"": ""f9c4da1c74bee71bf4faad911cdf33848116798a"",
 ""SHA256"": ""d7db993b436ec4aee45353af3784c54d643dc684c70f7a20f9ae980659fcb9e4""
}",root,2026-08-27T19:48:08.000000423Z,3489792,false
" 568"," 1",/System/Library/PrivateFrameworks/CoreDuetContext.framework/Resources/contextstored,/System/Library/PrivateFrameworks/CoreDuetContext.framework/Resources/contextstored,/System/Library/PrivateFrameworks/CoreDuetContext.framework/Versions/A/Resources/contextstored,"{
 ""MD5"": ""76e4cea462c04cb63ee97e15e4765909"",
 ""SHA1"": ""0e6c0637e45cacd74e31f3b12d521ca50ed948c2"",
 ""SHA256"": ""cfd5207395f669279163e77328f148743a9b62bdfb39888cb8bbd579b683d783""
}",root,2026-08-27T19:48:08.000000424Z,8208384,false
" 569"," 1",/usr/libexec/xprotectd,/usr/libexec/xprotectd,/usr/libexec/xprotectd,"{
 ""MD5"": ""b786c9c00978e1ece43afcd258fcb688"",
 ""SHA1"": ""644d410f0efda31db2739f0f6e2a559c77e0f0eb"",
 ""SHA256"": ""f4733a84d6ea03d728726b83741c8b6f72073c4577548e9d01b4e6503b1e98ae""
}",root,2026-08-27T19:48:08.000000424Z,7913472,false
" 570"," 1",/usr/libexec/opendirectoryd,/usr/libexec/opendirectoryd,/usr/libexec/opendirectoryd,"{
 ""MD5"": ""4a264a05568f3ec407ee059aaafc72d8"",
 ""SHA1"": ""ce86b01d57322581cc1a30f27b8ffb871c0744cd"",
 ""SHA256"": ""70521d83c751bced43f60ad63297d59f15682b9c53745e6324b95570731b5328""
}",root,2026-08-27T19:48:08.000000424Z,7421952,false
" 571"," 1",/System/Library/PrivateFrameworks/ApplePushService.framework/apsd,/System/Library/PrivateFrameworks/ApplePushService.framework/apsd,/System/Library/PrivateFrameworks/ApplePushService.framework/apsd,"{
 ""MD5"": ""f14f9c67d6384ed900faaf83b6d1857e"",
 ""SHA1"": ""8d74bf9280b303f5651718b1f67c304c19bd5508"",
 ""SHA256"": ""25ac18ac7d2cc2b3efebf49f05d077e04c5acf7065a57e7c3dc754e154be3b1c""
}",root,2026-08-27T19:48:08.000000424Z,10108928,false
" 57168"," 1",/System/Library/Frameworks/WebKit.framework/Versions/A/XPCServices/com.apple.WebKit.WebContent.xpc/Contents/MacOS/com.apple.WebKit.WebContent,/System/Library/Frameworks/WebKit.framework/Versions/A/XPCServices/com.apple.WebKit.WebContent.xpc/Contents/MacOS/com.apple.WebKit.WebContent,/System/Volumes/Preboot/Cryptexes/Incoming/OS/System/Library/Frameworks/WebKit.framework/Versions/A/XPCServices/com.apple.WebKit.WebContent.xpc/Contents/MacOS/com.apple.WebKit.WebContent,"{
 ""MD5"": ""49150f71d2298fd45fd8d180f8563305"",
 ""SHA1"": ""c50ee39a4e9ce9c853a7137bd2b123550d52460e"",
 ""SHA256"": ""049d5c5db2b78c8fe4290dbd6347a6b1f00f22dbf2715d4a046e8392131a9a75""
}",REDACTED_USER,2026-09-11T16:27:07.000000312Z,6127616,false
" 572"," 1",/System/Library/CoreServices/launchservicesd,/System/Library/CoreServices/launchservicesd,/System/Library/CoreServices/launchservicesd,"{
 ""MD5"": ""58b64fa7640d847f82cb12b7a09cfc06"",
 ""SHA1"": ""e7e3ee7a1dda1f79cd77aed7a7e1f55ae1e834c1"",
 ""SHA256"": ""a8c3482c22153683977ae2d65e912f7a12d2bb2f77ad4c8bdda76c431b238554""
}",root,2026-08-27T19:48:08.000000424Z,8863744,false
" 573"," 1",/usr/libexec/timed,/usr/libexec/timed,/usr/libexec/timed,"{
 ""MD5"": ""c7d993d059be04f55b39ec473259a047"",
 ""SHA1"": ""bdfcd2076d746491d3c5d7145ee3798ddef651ac"",
 ""SHA256"": ""ac3e518a0df86d2d456e06ca5f8fb980e4c2e2ff821457c81049a5357bbfb371""
}",_timed,2026-08-27T19:48:08.000000424Z,3276800,false
" 574"," 1",/System/Library/PrivateFrameworks/MobileDevice.framework/Versions/A/Resources/usbmuxd,/System/Library/PrivateFrameworks/MobileDevice.framework/Versions/A/Resources/usbmuxd -launchd,/Library/Apple/System/Library/PrivateFrameworks/MobileDevice.framework/Versions/A/Resources/usbmuxd,"{
 ""MD5"": ""07472a254a37ca954326c120f96767d7"",
 ""SHA1"": ""1c0ec3ebf6ebf14a74cfd9230cd7189b43b15fcd"",
 ""SHA256"": ""4fc0a3c7fd1365bb40cb94dd28dafe804d3e61431b988180f3c118f9a7507f31""
}",_usbmuxd,2026-08-27T19:48:08.000000425Z,2031616,false
" 575"," 1",/usr/sbin/securityd,/usr/sbin/securityd -i,/usr/sbin/securityd,"{
 ""MD5"": ""2624031bf22281288bfefd7b69a76531"",
 ""SHA1"": ""73e516c980f3cceb5dfd15a944bb3fa67268c4af"",
 ""SHA256"": ""2c3f73ca7fa0b8634ec3e0dddeb74587a78ea4b0a1af039171a8f2c6c182bfb1""
}",root,2026-08-27T19:48:08.000000425Z,3801088,false
" 577"," 1",/usr/libexec/locationd,/usr/libexec/locationd,/usr/libexec/locationd,"{
 ""MD5"": ""19d355feb6eac054982f85e015b7a566"",
 ""SHA1"": ""0d9cdc95ba2036a465a90971054fd2af0c9028a0"",
 ""SHA256"": ""8cebd8a1a7deaf6388766120a332d3ba7c177381da320462e850a89376f564b8""
}",_locationd,2026-08-27T19:48:08.000000425Z,18317312,false
" 580"," 1",autofsd,autofsd,/usr/libexec/autofsd,"{
 ""MD5"": ""5d36541b24e6ec3b0b45936b48254396"",
 ""SHA1"": ""15eb346d6f14c9db63b35dc0630c6a1e70750091"",
 ""SHA256"": ""a1b47ded24301678b8d27c431457608aa086a80812314cf905829d8d75e9bb31""
}",root,2026-08-27T19:48:08.000000426Z,1687552,false
" 581"," 1",/usr/libexec/dasd,/usr/libexec/dasd,/usr/libexec/dasd,"{
 ""MD5"": ""93fbd6d618f19b3ae676543be09e43f7"",
 ""SHA1"": ""67dbeb429df6061dd0bfe836faa153ee8274a397"",
 ""SHA256"": ""917a00e28454c1fa88faab049e31063ba01eb774e993b6eb7baba3c897864249""
}",root,2026-08-27T19:48:08.000000426Z,15908864,false
" 582"," 1",/usr/libexec/corerepaird,/usr/libexec/corerepaird,/usr/libexec/corerepaird,"{
 ""MD5"": ""c9fc12c2872997ae8bd24de1acba0ed4"",
 ""SHA1"": ""ad8e193e00b12ba998f8ca922c5817e03d988263"",
 ""SHA256"": ""0b42f86eed8322af1245f1811095b115389ccce00d41a352cbdb3f16d97141cd""
}",root,2026-08-27T19:48:08.000000426Z,2621440,false
" 584"," 1",/usr/sbin/distnoted,/usr/sbin/distnoted daemon,/usr/sbin/distnoted,"{
 ""MD5"": ""bdfc6332efdc373bbcfcff26b1c5acad"",
 ""SHA1"": ""5c76ffa37daee4590c126b8790ac737bd4ed0304"",
 ""SHA256"": ""1fcd1f4a6cbf830b92aef1866a250a0887a4b9706233868bc9e3a1c770f6abc1""
}",_distnote,2026-08-27T19:48:08.000000426Z,2801664,false
" 58508"," 1",/System/Library/PrivateFrameworks/ShareKit.framework/Versions/A/PlugIns/ShareSheetUI.appex/Contents/MacOS/ShareSheetUI,"/System/Library/PrivateFrameworks/ShareKit.framework/Versions/A/PlugIns/ShareSheetUI.appex/Contents/MacOS/ShareSheetUI -AppleLanguages (""en-US"", ""de-DE"")",/System/Library/PrivateFrameworks/ShareKit.framework/Versions/A/PlugIns/ShareSheetUI.appex/Contents/MacOS/ShareSheetUI,"{
 ""MD5"": ""5bc62005ee37d477b3673e3d1af58558"",
 ""SHA1"": ""7867a46c571cfec81be1bfcc49846ea1919041c0"",
 ""SHA256"": ""ab2b932c666e15ee5cf52b76db62d8b830309031c3a65df9cf1965060fbb4a90""
}",REDACTED_USER,2026-09-11T17:03:29.000000487Z,10731520,false
" 58514"," 1",/System/Library/PrivateFrameworks/ShareKit.framework/Versions/A/PlugIns/ShareMail.appex/Contents/MacOS/ShareMail,"/System/Library/PrivateFrameworks/ShareKit.framework/Versions/A/PlugIns/ShareMail.appex/Contents/MacOS/ShareMail -AppleLanguages (""en-US"", ""de-DE"")",/System/Library/PrivateFrameworks/ShareKit.framework/Versions/A/PlugIns/ShareMail.appex/Contents/MacOS/ShareMail,"{
 ""MD5"": ""8144bd3540c51c32fed474ee54440d2e"",
 ""SHA1"": ""9441e66b688eb84d7a114685c0445c4e50b80c70"",
 ""SHA256"": ""e74127337dcc886b62625325b8de74f45af8a237b642407e49d9dc45635e5e85""
}",REDACTED_USER,2026-09-11T17:04:37.000000487Z,5914624,false
" 58564"," 1",/System/Library/Frameworks/LocalAuthentication.framework/Support/coreauthd,/System/Library/Frameworks/LocalAuthentication.framework/Support/coreauthd,/System/Library/Frameworks/LocalAuthentication.framework/Support/coreauthd,"{
 ""MD5"": ""62da1f308883ed16d5f19ab4c029aff9"",
 ""SHA1"": ""02c7d0bb05aee4dfa59c2b8ac6d5053af17fdd95"",
 ""SHA256"": ""81a1073c4e928c4eb9fd968a1872c941a2b12c3e5e61f0fb6469e188cdcc9162""
}",REDACTED_USER,2026-09-11T17:05:41.000000707Z,5619712,false
" 58576"," 1",/System/Library/PrivateFrameworks/TCC.framework/Support/tccd,/System/Library/PrivateFrameworks/TCC.framework/Support/tccd,/System/Library/PrivateFrameworks/TCC.framework/Support/tccd,"{
 ""MD5"": ""888dae8bcc4080fabec57fe101f057c3"",
 ""SHA1"": ""778c63d617ff8f356eb15e24b03b511b4874914a"",
 ""SHA256"": ""cfcc93abe0fb853e58a56aceebd4144bd3902343318bba01eda88e4fdb5ea6f1""
}",REDACTED_USER,2026-09-11T17:06:14.000000036Z,5718016,false
" 58584"," 1",/System/Library/PrivateFrameworks/CloudKitDaemon.framework/Support/cloudd,/System/Library/PrivateFrameworks/CloudKitDaemon.framework/Support/cloudd,/System/Library/PrivateFrameworks/CloudKitDaemon.framework/Support/cloudd,"{
 ""MD5"": ""9cb9462c86e5a6815ca0ba0db59e3fcc"",
 ""SHA1"": ""09bac17d1d24f0678b3087c46b6c41851191c336"",
 ""SHA256"": ""81d2b6bf04faf56e5c87e8dbd7a0eb86c284f848b69038823cdb9ff836babc20""
}",REDACTED_USER,2026-09-11T17:06:16.0000002Z,15187968,false
" 588"," 1",/System/Library/CoreServices/logind,/System/Library/CoreServices/logind,/System/Library/CoreServices/logind,"{
 ""MD5"": ""3d8ea0e1c779374dd06a821789a06171"",
 ""SHA1"": ""1176189d4779b17bc2e5d3d533961ca36bf2ec6d"",
 ""SHA256"": ""452f5acae9b67f08276a459b5a1acf2e3cb31d207cc6c6ac64231adcf2522878""
}",root,2026-08-27T19:48:08.000000427Z,2441216,false
" 589"," 1",/System/Library/PrivateFrameworks/GenerationalStorage.framework/Versions/A/Support/revisiond,/System/Library/PrivateFrameworks/GenerationalStorage.framework/Versions/A/Support/revisiond,/System/Library/PrivateFrameworks/GenerationalStorage.framework/Versions/A/Support/revisiond,"{
 ""MD5"": ""c93891ae3d89b1e4303224e0d8ddf5c1"",
 ""SHA1"": ""10fdffe6c8a737e85209f0e199bc79dc788c8ebd"",
 ""SHA256"": ""81004417b8fa468982e0743ed8a8da0d83961a4baf4074d88fafeb2d04f8d11a""
}",root,2026-08-27T19:48:08.000000427Z,2965504,false
" 590"," 1",/usr/sbin/KernelEventAgent,/usr/sbin/KernelEventAgent,/usr/sbin/KernelEventAgent,"{
 ""MD5"": ""11d2a02b3b26ca38f72cec8c02b2f1da"",
 ""SHA1"": ""9b0f729c6498b9b85ad3c8ae41910247ebc1f437"",
 ""SHA256"": ""06ab29ccadd445b01cb28297a32a79a87e5bd9a045f5262db69aa42ce070f3a1""
}",root,2026-08-27T19:48:08.000000427Z,1015808,false
" 59218"," 1",/System/Library/PrivateFrameworks/AppleMediaServices.framework/Resources/amsaccountsd,/System/Library/PrivateFrameworks/AppleMediaServices.framework/Resources/amsaccountsd,/System/Library/PrivateFrameworks/AppleMediaServices.framework/Versions/A/Resources/amsaccountsd,"{
 ""MD5"": ""050029e3535ef0b74f9f73af28fcf79c"",
 ""SHA1"": ""919f92d080e7396019d80f711baff4052048ee2f"",
 ""SHA256"": ""886f65bcc2b73d7979de7c56ec756a0416f72b1a025d1d01d431c0ae0b812dc9""
}",REDACTED_USER,2026-09-11T18:46:12.000000019Z,8339456,false
" 594"," 1",/usr/sbin/bluetoothd,/usr/sbin/bluetoothd,/usr/sbin/bluetoothd,"{
 ""MD5"": ""b77554b8b19f0b4d8ae42a782ff97fd9"",
 ""SHA1"": ""3f128e24b4311c377297b60af4e196ff48667786"",
 ""SHA256"": ""8afb2a8c2d6aa90b1e1e9e22a7c0ec3201ce46b02ccb37775bb0c9698b93575a""
}",root,2026-08-27T19:48:08.000000428Z,10960896,false
" 595"," 1",/usr/sbin/notifyd,/usr/sbin/notifyd,/usr/sbin/notifyd,"{
 ""MD5"": ""e1b1c43ddad17fb01caaa2057f71805a"",
 ""SHA1"": ""9d3a6c8185730b14d7045905bac93a1304ba1ff1"",
 ""SHA256"": ""8796a05bada03499f74b3168be63c8468082c0de35d6d64b440d33dc04a698ad""
}",root,2026-08-27T19:48:08.000000428Z,2523136,false
" 59619"," 1",/usr/libexec/PerfPowerServices,/usr/libexec/PerfPowerServices,/usr/libexec/PerfPowerServices,"{
 ""MD5"": ""fd1dc0fd05dd0b24a9486d29dd530c1e"",
 ""SHA1"": ""ee6a8b9fbbf11db3ecc20358230209373a4c8112"",
 ""SHA256"": ""89c27ebcdb3bb438571f4316dfcaa0b73133aafba6eaf742fda1ad6b4eba0344""
}",root,2026-09-11T19:23:50.000000497Z,12353536,false
" 597"," 1",/usr/libexec/corebrightnessd,/usr/libexec/corebrightnessd --launchd,/usr/libexec/corebrightnessd,"{
 ""MD5"": ""0ae91aa9762b348c999aad84b34b2d97"",
 ""SHA1"": ""858022ddbd8d65a3085ba156aba5b3cf84917d88"",
 ""SHA256"": ""1a7c28a442bf4d4d33fd2e21752f2c682adca049cfa80ba5962df0332a1e7f8a""
}",root,2026-08-27T19:48:08.000000429Z,7307264,false
" 598"," 1",/usr/libexec/AirPlayXPCHelper,/usr/libexec/AirPlayXPCHelper,/usr/libexec/AirPlayXPCHelper,"{
 ""MD5"": ""dd9323e095d2422a00cf5e3d889d324b"",
 ""SHA1"": ""0ad02eb2be5fc0f8337521839a430e6269a59dfb"",
 ""SHA256"": ""3bd5cf3acacf833122c70197bf201f1f1c18a5025a73c57f67abe186d6661b76""
}",root,2026-08-27T19:48:08.000000429Z,3457024,false
" 599"," 1",/System/Library/Frameworks/CoreMediaIO.framework/Versions/A/Resources/com.apple.cmio.registerassistantservice,/System/Library/Frameworks/CoreMediaIO.framework/Versions/A/Resources/com.apple.cmio.registerassistantservice,/System/Library/Frameworks/CoreMediaIO.framework/Versions/A/Resources/com.apple.cmio.registerassistantservice,"{
 ""MD5"": ""2a6f0778b4c80e8372139abe7a0bc632"",
 ""SHA1"": ""6e18077ec73a8dfbbcf2b0f5f6b0a43d49060d98"",
 ""SHA256"": ""7002d0a2ae889d9fb5a0cb98b0324390862a022d2d4983d0f2b89b16d46c1f9e""
}",root,2026-08-27T19:48:08.000000429Z,4505600,false
" 59952"," 1",/usr/libexec/spotlightknowledged.updater,/usr/libexec/spotlightknowledged.updater -u,/usr/libexec/spotlightknowledged.updater,"{
 ""MD5"": ""6dfe5c72d80904ef8ad76df953b725b3"",
 ""SHA1"": ""276b44a846a8a36c09334754f83d5bf3396d7483"",
 ""SHA256"": ""99c4b3938e5218b92907b0767beda7765c416b0f45267f71821ec9f88314cba0""
}",REDACTED_USER,2026-09-11T20:49:27.000000482Z,10502144,false
" 602"," 1",/System/Library/PrivateFrameworks/TCC.framework/Support/tccd,/System/Library/PrivateFrameworks/TCC.framework/Support/tccd system,/System/Library/PrivateFrameworks/TCC.framework/Support/tccd,"{
 ""MD5"": ""888dae8bcc4080fabec57fe101f057c3"",
 ""SHA1"": ""778c63d617ff8f356eb15e24b03b511b4874914a"",
 ""SHA256"": ""cfcc93abe0fb853e58a56aceebd4144bd3902343318bba01eda88e4fdb5ea6f1""
}",root,2026-08-27T19:48:08.000000717Z,4571136,false
" 604"," 1",/System/Library/CoreServices/loginwindow.app/Contents/MacOS/loginwindow,/System/Library/CoreServices/loginwindow.app/Contents/MacOS/loginwindow console,/System/Library/CoreServices/loginwindow.app/Contents/MacOS/loginwindow,"{
 ""MD5"": ""febed252057838520d973ec66e6ee0bf"",
 ""SHA1"": ""de7c08b595993b66f99972a8f4c7010a9dc2cfb9"",
 ""SHA256"": ""eafe4f56f691e284b87e18d4930d8c4b8a5bdfeda69151c7d6b49565c2c45c22""
}",REDACTED_USER,2026-08-27T19:48:08.000000766Z,39403520,false
" 60620"," 1",/System/Library/Frameworks/WebKit.framework/Versions/A/XPCServices/com.apple.WebKit.WebContent.xpc/Contents/MacOS/com.apple.WebKit.WebContent,/System/Library/Frameworks/WebKit.framework/Versions/A/XPCServices/com.apple.WebKit.WebContent.xpc/Contents/MacOS/com.apple.WebKit.WebContent,/System/Volumes/Preboot/Cryptexes/Incoming/OS/System/Library/Frameworks/WebKit.framework/Versions/A/XPCServices/com.apple.WebKit.WebContent.xpc/Contents/MacOS/com.apple.WebKit.WebContent,"{
 ""MD5"": ""49150f71d2298fd45fd8d180f8563305"",
 ""SHA1"": ""c50ee39a4e9ce9c853a7137bd2b123550d52460e"",
 ""SHA256"": ""049d5c5db2b78c8fe4290dbd6347a6b1f00f22dbf2715d4a046e8392131a9a75""
}",REDACTED_USER,2026-09-12T04:49:35.000000361Z,6897664,false
" 607"," 1",/System/Library/CoreServices/coreservicesd,/System/Library/CoreServices/coreservicesd,/System/Library/Frameworks/CoreServices.framework/Versions/A/Frameworks/CarbonCore.framework/Versions/A/Support/coreservicesd,"{
 ""MD5"": ""99ad5c7eb9f713b06bc5818de86d111f"",
 ""SHA1"": ""6fca16e17a26241247dd010b76546c4963d86f2d"",
 ""SHA256"": ""2c07e1930ee46eba1e4c5de488645dccf77948fddddae7856665587d0570922d""
}",root,2026-08-27T19:48:08.000000838Z,2064384,false
" 608"," 1",/usr/libexec/trustd,/usr/libexec/trustd,/usr/libexec/trustd,"{
 ""MD5"": ""172317acee4195f71c7b92868c1f459c"",
 ""SHA1"": ""a995ca7c75986b6cbcb33fcab3932739379537fb"",
 ""SHA256"": ""9bfa3e7afa0567b0298954fb7d1fa295fec00f340d13b230166e18e2c0f41f05""
}",_trustd,2026-08-27T19:48:08.000000864Z,9109504,false
" 60878"," 1",/usr/libexec/wifip2pd,/usr/libexec/wifip2pd,/usr/libexec/wifip2pd,"{
 ""MD5"": ""d94ef44e9eb65b79654b968baddf3d2a"",
 ""SHA1"": ""82af1f175a4007f390125bbea89db0ff4efff6fe"",
 ""SHA256"": ""e01c95843f603a1f7979fc010ca3b688060fade4f2c9f4598586749f48528a29""
}",root,2026-09-12T05:01:53.000000953Z,10633216,false
" 609"," 1",/usr/libexec/runningboardd,/usr/libexec/runningboardd,/usr/libexec/runningboardd,"{
 ""MD5"": ""ed468fe41b572e246936191f687dd7a0"",
 ""SHA1"": ""8c9e0b016633de5f8a9f9c70306ba232b729e577"",
 ""SHA256"": ""d4273993d3cc44d2a5762af2fdae031082c4c512fbfaadead10dd220aa0b8a73""
}",root,2026-08-27T19:48:08.000000869Z,12173312,false
" 60999"," 1",/System/Library/Frameworks/WebKit.framework/Versions/A/XPCServices/com.apple.WebKit.WebContent.xpc/Contents/MacOS/com.apple.WebKit.WebContent,/System/Library/Frameworks/WebKit.framework/Versions/A/XPCServices/com.apple.WebKit.WebContent.xpc/Contents/MacOS/com.apple.WebKit.WebContent,/System/Volumes/Preboot/Cryptexes/Incoming/OS/System/Library/Frameworks/WebKit.framework/Versions/A/XPCServices/com.apple.WebKit.WebContent.xpc/Contents/MacOS/com.apple.WebKit.WebContent,"{
 ""MD5"": ""49150f71d2298fd45fd8d180f8563305"",
 ""SHA1"": ""c50ee39a4e9ce9c853a7137bd2b123550d52460e"",
 ""SHA256"": ""049d5c5db2b78c8fe4290dbd6347a6b1f00f22dbf2715d4a046e8392131a9a75""
}",REDACTED_USER,2026-09-12T05:08:13.000000159Z,5996544,false
" 610"," 1",/usr/sbin/coreaudiod,/usr/sbin/coreaudiod,/usr/sbin/coreaudiod,"{
 ""MD5"": ""209b9827e8ddd4c56b351ee7459a2f3a"",
 ""SHA1"": ""1896b8fde33b1066adbb389312eb6baa0aa55a19"",
 ""SHA256"": ""01252859514586a987494f483f65254cba734217c7b97c6f4d5c7047a1463aff""
}",_coreaudiod,2026-08-27T19:48:08.000000886Z,7405568,false
" 611"," 1",/System/Library/PrivateFrameworks/SkyLight.framework/Resources/WindowServer,/System/Library/PrivateFrameworks/SkyLight.framework/Resources/WindowServer -daemon,/System/Library/PrivateFrameworks/SkyLight.framework/Versions/A/Resources/WindowServer,"{
 ""MD5"": ""2e2085a301d65154cccb0b8aac5469c6"",
 ""SHA1"": ""5852ff46a5ab81fef3638c69ba416fe9e4319b5d"",
 ""SHA256"": ""69034a0706940371291761d62eb0734f8b6b78409f6e7887710116eb38d5c152""
}",_windowserver,2026-08-27T19:48:08.00000089Z,73646080,false
" 612"," 1",/System/Library/PrivateFrameworks/CoreAnalytics.framework/Support/analyticsd,/System/Library/PrivateFrameworks/CoreAnalytics.framework/Support/analyticsd,/System/Library/PrivateFrameworks/CoreAnalytics.framework/Support/analyticsd,"{
 ""MD5"": ""dcc8bbc5e02dd6889869a55bbb7c7db0"",
 ""SHA1"": ""9fb7b767251eae4c8dafa1a43a53e0266aad72e8"",
 ""SHA256"": ""9504208478f4206eb7a7473a3f71fff7bcfd01f46f03e8493ae1ff9a891d3b8c""
}",_analyticsd,2026-08-27T19:48:08.000000891Z,9961472,false
" 61265"," 1",/System/Library/Frameworks/WebKit.framework/Versions/A/XPCServices/com.apple.WebKit.WebContent.xpc/Contents/MacOS/com.apple.WebKit.WebContent,/System/Library/Frameworks/WebKit.framework/Versions/A/XPCServices/com.apple.WebKit.WebContent.xpc/Contents/MacOS/com.apple.WebKit.WebContent,/System/Volumes/Preboot/Cryptexes/Incoming/OS/System/Library/Frameworks/WebKit.framework/Versions/A/XPCServices/com.apple.WebKit.WebContent.xpc/Contents/MacOS/com.apple.WebKit.WebContent,"{
 ""MD5"": ""49150f71d2298fd45fd8d180f8563305"",
 ""SHA1"": ""c50ee39a4e9ce9c853a7137bd2b123550d52460e"",
 ""SHA256"": ""049d5c5db2b78c8fe4290dbd6347a6b1f00f22dbf2715d4a046e8392131a9a75""
}",REDACTED_USER,2026-09-12T05:29:14.000000037Z,5160960,false
" 613"," 1",/usr/libexec/lsd,/usr/libexec/lsd runAsRoot,/usr/libexec/lsd,"{
 ""MD5"": ""9bbbc22d26e014e0947658cefba067a1"",
 ""SHA1"": ""dafe4f666b938affcca20e7276217ff03e91b9e0"",
 ""SHA256"": ""0a29d597019c5f3368063f9401e4ecdac60012d44e00bbc17d0ce0cca7c6262a""
}",root,2026-08-27T19:48:08.000000928Z,6651904,false
" 61398"," 1",/usr/libexec/keyboardservicesd,/usr/libexec/keyboardservicesd,/usr/libexec/keyboardservicesd,"{
 ""MD5"": ""82cb5995c1d44ad39289d7061b8372b2"",
 ""SHA1"": ""9d82193d2f31ad07b0198ff7a7f83e1e0af74af3"",
 ""SHA256"": ""1a3c9aa0a17601c324b23a0a3056d6101dd87206926a9826b1aadd388f7335ef""
}",REDACTED_USER,2026-09-12T06:07:23.000000441Z,4587520,false
" 616"," 1",/usr/libexec/apfsd,/usr/libexec/apfsd,/usr/libexec/apfsd,"{
 ""MD5"": ""76727b3d00579d7a2978cdf25dbe5936"",
 ""SHA1"": ""7517db17f212c318f3225c106c3d34ef8d92f3b8"",
 ""SHA256"": ""2960e8950c661d51db49d9463f859c3ac71c6ab64d516c8baca39442eb0eb963""
}",root,2026-08-27T19:48:08.00000094Z,2408448,false
" 61681"," 1",/System/Applications/Weather.app/Contents/PlugIns/WeatherWidget.appex/Contents/MacOS/WeatherWidget,/System/Applications/Weather.app/Contents/PlugIns/WeatherWidget.appex/Contents/MacOS/WeatherWidget -LaunchArguments eyJ0eXBlIjoxLCJlbmhhbmNlZFNlY3VyaXR5IjpmYWxzZSwic2VydmljZU5hbWUiOiJjb20uYXBwbGUud2VhdGhlci53aWRnZXQifQ==,/System/Applications/Weather.app/Contents/PlugIns/WeatherWidget.appex/Contents/MacOS/WeatherWidget,"{
 ""MD5"": ""059cb3c5739f121a32575cfd3601e695"",
 ""SHA1"": ""4cc6c046f191556759fdb681d9dbbffe0a96a554"",
 ""SHA256"": ""9dff75777cb92a6d3da1defa603a746ba616e1e9ec4b4181be74db1e9c5414be""
}",REDACTED_USER,2026-09-12T11:45:40.000000582Z,20348928,false
" 617"," 1",/usr/libexec/nsurlsessiond,/usr/libexec/nsurlsessiond --privileged,/usr/libexec/nsurlsessiond,"{
 ""MD5"": ""76a9652d24f8e9d7690120f5bd4c9359"",
 ""SHA1"": ""e9b9d4c24e6314c53675c6776580d56fad9a60e1"",
 ""SHA256"": ""f785b136923ab4f1bb818f3032c6b5c4e84e22737a8702a8ed7f63161f6d9aca""
}",_nsurlsessiond,2026-08-27T19:48:08.000000943Z,6045696,false
" 619"," 1",/usr/libexec/aned,/usr/libexec/aned,/usr/libexec/aned,"{
 ""MD5"": ""bd3c63f05f6a5bd90d179abb761cb785"",
 ""SHA1"": ""9e2ede640c498b71d59a4f09d750d9abffaff5b9"",
 ""SHA256"": ""b1d494d5fd4fee4b371e950973ecdb7575546fd5f7ceb865b51bce5f4cdfd0b9""
}",root,2026-08-27T19:48:08.000000947Z,3293184,false
" 62682"," 1",/System/Library/CoreServices/TimeMachine/backupd,/System/Library/CoreServices/TimeMachine/backupd,/System/Library/CoreServices/TimeMachine/backupd,"{
 ""MD5"": ""962745d6c34c7105a797eef641df4f1a"",
 ""SHA1"": ""063714e9e20dafe191026bd7b64ae8a41f8f8182"",
 ""SHA256"": ""41518b7f9bfeb6a729730c31f74bffa8bda9bee6e769cc87d1585eb306fc1808""
}",root,2026-09-13T04:54:41.000000369Z,2932736,false
" 62789"," 1",/usr/libexec/knowledge-agent,/usr/libexec/knowledge-agent,/usr/libexec/knowledge-agent,"{
 ""MD5"": ""c99dc9652e424b50475e3b32ce9062bc"",
 ""SHA1"": ""de23b67ba1860c1272c18b6bf9db3d79a5d5d271"",
 ""SHA256"": ""0ddab34784e591aec04dab32ce8495712af980712a43efe8763a7c01b14b2fbe""
}",REDACTED_USER,2026-09-13T05:00:58.000000612Z,16203776,false
" 63054"," 1",/System/Library/PrivateFrameworks/DoNotDisturbServer.framework/Support/donotdisturbd,/System/Library/PrivateFrameworks/DoNotDisturbServer.framework/Support/donotdisturbd,/System/Library/PrivateFrameworks/DoNotDisturbServer.framework/Support/donotdisturbd,"{
 ""MD5"": ""c6288f2cf0cfcd09e413c7d22dad6e9e"",
 ""SHA1"": ""eb4756ddec888b4255700dfc20e77b2da55ca6b2"",
 ""SHA256"": ""e22e91df0906dc7537570c17263ee5665c349bfa3bbc5f22510af24589c8d30c""
}",REDACTED_USER,2026-09-13T05:36:24.000000414Z,10092544,false
" 63060"," 1",/usr/libexec/searchpartyuseragent,/usr/libexec/searchpartyuseragent,/usr/libexec/searchpartyuseragent,"{
 ""MD5"": ""c007f2c8a09e1258138b77122b989179"",
 ""SHA1"": ""6b5da3b518d5462307aeaf8704c5411fedbcd40d"",
 ""SHA256"": ""8c9e4cda832079fa753f07babbce8941dcf30a20ae2ae6311f37e601d1e75bcf""
}",REDACTED_USER,2026-09-13T05:36:24.000000838Z,9158656,false
" 63062"," 1",/System/Library/PrivateFrameworks/MediaAnalysis.framework/Versions/A/mediaanalysisd,/System/Library/PrivateFrameworks/MediaAnalysis.framework/Versions/A/mediaanalysisd,/System/Library/PrivateFrameworks/MediaAnalysis.framework/Versions/A/mediaanalysisd,"{
 ""MD5"": ""11dd8984c391cdec656b54a7d8f2391c"",
 ""SHA1"": ""452849d049ef80cff90492921501ac19eec1a3cc"",
 ""SHA256"": ""c65b9e42d10383b3cb495a1aafab2dee683d88c965c599e683a5905a52035dfe""
}",REDACTED_USER,2026-09-13T05:36:25.000000395Z,9715712,false
" 63124"," 1",/usr/libexec/icloudmailagent,/usr/libexec/icloudmailagent,/usr/libexec/icloudmailagent,"{
 ""MD5"": ""a4d503b7a67837b3981a83a73aeadb43"",
 ""SHA1"": ""d9b7554a36fcf5e1ce46864358042fdb40b7ef37"",
 ""SHA256"": ""3a33b01789e543f71c6aab9a068ae966db8c0cb200408c8fe84e9cc8829217bc""
}",REDACTED_USER,2026-09-13T05:36:52.000000582Z,9977856,false
" 633"," 1",/usr/sbin/mDNSResponder,/usr/sbin/mDNSResponder,/usr/sbin/mDNSResponder,"{
 ""MD5"": ""40e775f1c0a1ef35372e2249dc1ede73"",
 ""SHA1"": ""993e3bf3ae3a2d9b59350843d5c07ca1859c8c52"",
 ""SHA256"": ""b2d1b1f4006da6b1087902a955454ea8752a40d55e9ecf62efe9e75988ecb059""
}",_mdnsresponder,2026-08-27T19:48:09.000000103Z,12648448,false
" 63609"," 1",/System/Library/PrivateFrameworks/HearingCore.framework/heard,/System/Library/PrivateFrameworks/HearingCore.framework/heard,/System/Library/PrivateFrameworks/HearingCore.framework/heard,"{
 ""MD5"": ""ee0b8d35aa8cf2bdf379122365bf21db"",
 ""SHA1"": ""126eec33713b7474986cfa884c1b2783514a0b01"",
 ""SHA256"": ""1d4c7927006261b6babd1c1c84ad51181a3359f1e7b519b9870365910fd1bfcc""
}",REDACTED_USER,2026-09-13T07:42:53.000000715Z,9191424,false
" 63610"," 1",/usr/libexec/linkd,/usr/libexec/linkd,/usr/libexec/linkd,"{
 ""MD5"": ""9f6f90e416a27dafe9d11423d1ae45dd"",
 ""SHA1"": ""95010f1433a6dd593326ccb6c31b04dff89dafef"",
 ""SHA256"": ""4c46a5a75db2952fdcbb0997aa12dc948da5e4d63a473aa2724fd632ba4e5c4e""
}",REDACTED_USER,2026-09-13T07:42:58.000000763Z,7897088,false
" 63635"," 1",/usr/libexec/pkd,/usr/libexec/pkd,/usr/libexec/pkd,"{
 ""MD5"": ""a3d8e5cf366d663d0bb32ca717f36a9c"",
 ""SHA1"": ""140763ef18418411f52f45d9a166487ded0f4102"",
 ""SHA256"": ""ddecd29ad41608c19887c68fe5ae65cfff1e45fd0d540fd2f68c4a03283acac9""
}",REDACTED_USER,2026-09-13T07:45:29.0000003Z,7585792,false
" 637"," 1",/usr/sbin/distnoted,/usr/sbin/distnoted agent,/usr/sbin/distnoted,"{
 ""MD5"": ""bdfc6332efdc373bbcfcff26b1c5acad"",
 ""SHA1"": ""5c76ffa37daee4590c126b8790ac737bd4ed0304"",
 ""SHA256"": ""1fcd1f4a6cbf830b92aef1866a250a0887a4b9706233868bc9e3a1c770f6abc1""
}",_coreaudiod,2026-08-27T19:48:09.000000146Z,1556480,false
" 63706"," 1",/System/Library/PrivateFrameworks/iCloudDriveCore.framework/Versions/A/Support/bird,/System/Library/PrivateFrameworks/iCloudDriveCore.framework/Versions/A/Support/bird,/System/Library/PrivateFrameworks/iCloudDriveCore.framework/Versions/A/Support/bird,"{
 ""MD5"": ""e9d24ddb04925d636ec6db7863912d76"",
 ""SHA1"": ""3cf9e3dffc04646d9867fe5e139a973b928b4b65"",
 ""SHA256"": ""984cde5ccbfc2139d32337f04b4379f8e6e6de203236369f5a3aa963e723262e""
}",REDACTED_USER,2026-09-13T08:07:12.000000684Z,8126464,false
" 640"," 1",/usr/libexec/airportd,/usr/libexec/airportd,/usr/libexec/airportd,"{
 ""MD5"": ""da45c6a7019afb184f50f73e61e79178"",
 ""SHA1"": ""ffd13218c31e3de8a352a01ed59dc45a6d972f05"",
 ""SHA256"": ""c2e00c40909706a72108cd4f1348c0d5c9c12c96335ffdda230c64b9e64ad997""
}",root,2026-08-27T19:48:09.000000181Z,19922944,false
" 641"," 1",/usr/libexec/symptomsd,/usr/libexec/symptomsd,/usr/libexec/symptomsd,"{
 ""MD5"": ""a2e96803c507b4f04417f6f86105e124"",
 ""SHA1"": ""2945c8b69b67c6518fcd217797756fc43e4c8c21"",
 ""SHA256"": ""e95c301887707b074ec9af2cf4030e45154abc402e7fcc592e9b08f676f22e8f""
}",_networkd,2026-08-27T19:48:09.000000189Z,8912896,false
" 64127"," 1",/System/Library/Frameworks/WebKit.framework/Versions/A/XPCServices/com.apple.WebKit.WebContent.xpc/Contents/MacOS/com.apple.WebKit.WebContent,/System/Library/Frameworks/WebKit.framework/Versions/A/XPCServices/com.apple.WebKit.WebContent.xpc/Contents/MacOS/com.apple.WebKit.WebContent,/System/Volumes/Preboot/Cryptexes/Incoming/OS/System/Library/Frameworks/WebKit.framework/Versions/A/XPCServices/com.apple.WebKit.WebContent.xpc/Contents/MacOS/com.apple.WebKit.WebContent,"{
 ""MD5"": ""49150f71d2298fd45fd8d180f8563305"",
 ""SHA1"": ""c50ee39a4e9ce9c853a7137bd2b123550d52460e"",
 ""SHA256"": ""049d5c5db2b78c8fe4290dbd6347a6b1f00f22dbf2715d4a046e8392131a9a75""
}",REDACTED_USER,2026-09-13T12:37:57.000000096Z,675512320,false
" 64149"," 1",/System/Library/PrivateFrameworks/CoreDuetContext.framework/Resources/ContextStoreAgent,/System/Library/PrivateFrameworks/CoreDuetContext.framework/Resources/ContextStoreAgent,/System/Library/PrivateFrameworks/CoreDuetContext.framework/Versions/A/Resources/ContextStoreAgent,"{
 ""MD5"": ""941a80e27b84ab0487c90d9ccdf42441"",
 ""SHA1"": ""ad54ed5fec69310b40a53b0b5fa94f0e2509219d"",
 ""SHA256"": ""a825f4a300fa5c2b3e77613160ead8d8a8b1af4e401f87cfeacd17486e4ad340""
}",REDACTED_USER,2026-09-13T12:41:03.000000321Z,9273344,false
" 64158"," 1",/usr/libexec/secinitd,/usr/libexec/secinitd,/usr/libexec/secinitd,"{
 ""MD5"": ""363e3df7770644fd7d4cebff6d83e56d"",
 ""SHA1"": ""1892bbfe220de07ad5ed16067c68aa651a5248e9"",
 ""SHA256"": ""e3252c10e2be2af1dfef52f476e280b6f7ab4204dde21918d6d88e2f07622f72""
}",REDACTED_USER,2026-09-13T12:42:29.000000224Z,3784704,false
" 64173"," 1",/usr/libexec/usermanagerd,/usr/libexec/usermanagerd -t 15,/usr/libexec/usermanagerd,"{
 ""MD5"": ""126405b118f8592321b80d2076e937e7"",
 ""SHA1"": ""9ca8babfaf6560b14d12523939556c5528d97663"",
 ""SHA256"": ""fa507262045673cb43fcb83d1030a6e54c271e3f73c16a4f90493a293849c6fa""
}",root,2026-09-13T12:44:33.000000248Z,2850816,false
" 64179"," 1",/usr/libexec/securityd_system,/usr/libexec/securityd_system,/usr/libexec/securityd_system,"{
 ""MD5"": ""f218d920abedffa896dc5d65b86e9da1"",
 ""SHA1"": ""85340a6b901d6055f4f82b09058a2ab1f37e6b74"",
 ""SHA256"": ""12208fa210befe03621015a7db03010ff4f09cca9ae71c4f735dc8af753e7e07""
}",root,2026-09-13T12:45:00.000000482Z,3440640,false
" 64184"," 1",/usr/libexec/biometrickitd,/usr/libexec/biometrickitd --launchd,/usr/libexec/biometrickitd,"{
 ""MD5"": ""3c88a2c2a56a78ca39df1bbe5cf00a27"",
 ""SHA1"": ""d3cf91b33980a751fcfcdda200b8b3142b6e7f42"",
 ""SHA256"": ""636dd137dace867359f389437c198d8c4cd9dc12896e9017d94cb6c567e84e4b""
}",root,2026-09-13T12:45:34.000000004Z,4849664,false
" 642"," 1",/usr/libexec/ApplicationFirewall/socketfilterfw,/usr/libexec/ApplicationFirewall/socketfilterfw,/usr/libexec/ApplicationFirewall/socketfilterfw,"{
 ""MD5"": ""51116d958b333879016114e7c397d1e2"",
 ""SHA1"": ""f30d7059f29f556f7e41382e76fb2c8ba70bb614"",
 ""SHA256"": ""865bd93ae5cd3065367c3ffc2ee7bbfa3f6e10dec80d7dd86039dbdd8ace485c""
}",root,2026-08-27T19:48:09.000000195Z,2342912,false
" 64206"," 1",/System/Library/PrivateFrameworks/SystemStatusServer.framework/Support/systemstatusd,/System/Library/PrivateFrameworks/SystemStatusServer.framework/Support/systemstatusd,/System/Library/PrivateFrameworks/SystemStatusServer.framework/Support/systemstatusd,"{
 ""MD5"": ""11a8a960e394681004ab3278e55ed392"",
 ""SHA1"": ""09a5974e680f008e2be27328bc3d12cec2a6a1ca"",
 ""SHA256"": ""6c03a467502c7941d92832f0ff31ddf34557e612a476c48794c3c29f046f8ae3""
}",root,2026-09-13T12:45:39.000000026Z,4866048,false
" 64448"," 1",/System/Library/Frameworks/WebKit.framework/Versions/A/XPCServices/com.apple.WebKit.WebContent.xpc/Contents/MacOS/com.apple.WebKit.WebContent,/System/Library/Frameworks/WebKit.framework/Versions/A/XPCServices/com.apple.WebKit.WebContent.xpc/Contents/MacOS/com.apple.WebKit.WebContent,/System/Volumes/Preboot/Cryptexes/Incoming/OS/System/Library/Frameworks/WebKit.framework/Versions/A/XPCServices/com.apple.WebKit.WebContent.xpc/Contents/MacOS/com.apple.WebKit.WebContent,"{
 ""MD5"": ""49150f71d2298fd45fd8d180f8563305"",
 ""SHA1"": ""c50ee39a4e9ce9c853a7137bd2b123550d52460e"",
 ""SHA256"": ""049d5c5db2b78c8fe4290dbd6347a6b1f00f22dbf2715d4a046e8392131a9a75""
}",REDACTED_USER,2026-09-13T13:08:27.000000489Z,28147712,false
" 64456"," 1",/System/Library/Frameworks/WebKit.framework/Versions/A/XPCServices/com.apple.WebKit.WebContent.xpc/Contents/MacOS/com.apple.WebKit.WebContent,/System/Library/Frameworks/WebKit.framework/Versions/A/XPCServices/com.apple.WebKit.WebContent.xpc/Contents/MacOS/com.apple.WebKit.WebContent,/System/Volumes/Preboot/Cryptexes/Incoming/OS/System/Library/Frameworks/WebKit.framework/Versions/A/XPCServices/com.apple.WebKit.WebContent.xpc/Contents/MacOS/com.apple.WebKit.WebContent,"{
 ""MD5"": ""49150f71d2298fd45fd8d180f8563305"",
 ""SHA1"": ""c50ee39a4e9ce9c853a7137bd2b123550d52460e"",
 ""SHA256"": ""049d5c5db2b78c8fe4290dbd6347a6b1f00f22dbf2715d4a046e8392131a9a75""
}",REDACTED_USER,2026-09-13T13:08:33.00000008Z,6356992,false
" 646"," 1",/usr/sbin/mDNSResponderHelper,/usr/sbin/mDNSResponderHelper,/usr/sbin/mDNSResponderHelper,"{
 ""MD5"": ""066a8f83de3434667eefecc54f367209"",
 ""SHA1"": ""fa8b8afd43d27dd7f7135c724b0630ec8507ab51"",
 ""SHA256"": ""a4def3f92a0dd595abc2ad780285037e24514d6f0e27edd52dd1946a59d37696""
}",root,2026-08-27T19:48:09.000000231Z,2064384,false
" 649"," 1",/usr/libexec/eligibilityd,/usr/libexec/eligibilityd,/usr/libexec/eligibilityd,"{
 ""MD5"": ""a014cf585674306e1be3a72cffcf15f3"",
 ""SHA1"": ""62d1377545c6ccd52c41de98cd6db03ef8394252"",
 ""SHA256"": ""7df02449a5e2d865aee1e6108f9c9511c89755525db8841cd9cc7575f789f3cf""
}",root,2026-08-27T19:48:09.000000263Z,4358144,false
" 65131"," 1",/System/Library/PrivateFrameworks/GeoServices.framework/Versions/A/XPCServices/com.apple.geod.xpc/Contents/MacOS/com.apple.geod,/System/Library/PrivateFrameworks/GeoServices.framework/Versions/A/XPCServices/com.apple.geod.xpc/Contents/MacOS/com.apple.geod,/System/Library/PrivateFrameworks/GeoServices.framework/Versions/A/XPCServices/com.apple.geod.xpc/Contents/MacOS/com.apple.geod,"{
 ""MD5"": ""058cec5746c97161492af6948636991b"",
 ""SHA1"": ""7cc8764aef504e07eaf80820720ab7d4ea9e611c"",
 ""SHA256"": ""4d6d399e0dc344f77ef52dc7efa1a0db2ddd4acac72e8fcca7dceba3c2fc2c2c""
}",root,2026-09-13T14:02:46.00000042Z,8683520,false
" 652"," 1",/usr/sbin/distnoted,/usr/sbin/distnoted agent,/usr/sbin/distnoted,"{
 ""MD5"": ""bdfc6332efdc373bbcfcff26b1c5acad"",
 ""SHA1"": ""5c76ffa37daee4590c126b8790ac737bd4ed0304"",
 ""SHA256"": ""1fcd1f4a6cbf830b92aef1866a250a0887a4b9706233868bc9e3a1c770f6abc1""
}",_windowserver,2026-08-27T19:48:09.000000281Z,1540096,false
" 65258"," 1",/System/Library/PrivateFrameworks/UsageTracking.framework/Versions/A/UsageTrackingAgent,/System/Library/PrivateFrameworks/UsageTracking.framework/Versions/A/UsageTrackingAgent,/System/Library/PrivateFrameworks/UsageTracking.framework/Versions/A/UsageTrackingAgent,"{
 ""MD5"": ""bc67093860bb3bb885f9130b39abb2d1"",
 ""SHA1"": ""b6280d1c13fff89ad7cc31dcfaea4a21a0f7c946"",
 ""SHA256"": ""14f318510e054deca4f139b248c786f72dc2935d8eb416682a413abb8d5e28af""
}",REDACTED_USER,2026-09-13T14:10:24.000000908Z,8208384,false
" 65364"," 1",/System/Library/PrivateFrameworks/CoreCDP.framework/Versions/A/Resources/cdpd,/System/Library/PrivateFrameworks/CoreCDP.framework/Versions/A/Resources/cdpd,/System/Library/PrivateFrameworks/CoreCDP.framework/Versions/A/Resources/cdpd,"{
 ""MD5"": ""e73274c509b4a6b6271de19a62c761ff"",
 ""SHA1"": ""e3ab36a54fc7106949015630f0451003c4c4f6e1"",
 ""SHA256"": ""94a6a09e72d6f3f93a0da03584ef32ade7d97dcb4dd2e80b1dbb1cb52cc4576d""
}",REDACTED_USER,2026-09-13T14:28:30.000000998Z,4669440,false
" 65415"," 1",/System/Library/Frameworks/CryptoTokenKit.framework/ctkd,/System/Library/Frameworks/CryptoTokenKit.framework/ctkd -tw,/System/Library/Frameworks/CryptoTokenKit.framework/ctkd,"{
 ""MD5"": ""5a4e6475c4e99f531986ac73add18fcd"",
 ""SHA1"": ""a41fca6e4f42018995fb4dbd0c50268472c75553"",
 ""SHA256"": ""ce2cf8d6cb3bdd6c771d19794776a737d9736f657bba0b43897e45487e5731f1""
}",REDACTED_USER,2026-09-13T14:37:19.000000484Z,4243456,false
" 65416"," 1",/usr/sbin/netbiosd,/usr/sbin/netbiosd,/usr/sbin/netbiosd,"{
 ""MD5"": ""7736ed76353051fbdb48d90005bda4a3"",
 ""SHA1"": ""a95bb872c05c5e9d393df16441cd7749f3e7ef03"",
 ""SHA256"": ""28b9ea3fee9ccfe25935de93c9d0ef0c951ae042c4811222fe6f9a8e7ae98db1""
}",_netbios,2026-09-13T14:37:23.000000586Z,3866624,false
" 65531"," 1",/System/Library/PrivateFrameworks/CalendarDaemon.framework/Support/calaccessd,/System/Library/PrivateFrameworks/CalendarDaemon.framework/Support/calaccessd,/System/Library/PrivateFrameworks/CalendarDaemon.framework/Support/calaccessd,"{
 ""MD5"": ""f4f775c409f545846001bd729364b924"",
 ""SHA1"": ""c641452b27dde3e1b11acb9a2bb4c83f0f58cbf0"",
 ""SHA256"": ""21a4925c1d1560a742b2a94e08baaa29e65473e5fe9d93110a62b72bb220caf6""
}",REDACTED_USER,2026-09-13T15:52:32.000000434Z,11173888,false
" 65535"," 1",/System/Library/Frameworks/Contacts.framework/Support/contactsd,/System/Library/Frameworks/Contacts.framework/Support/contactsd,/System/Library/Frameworks/Contacts.framework/Support/contactsd,"{
 ""MD5"": ""e7264304ace76fb648d999049e350c6e"",
 ""SHA1"": ""849dc979f95167e8e19b24fac6c968e3c1bcce1e"",
 ""SHA256"": ""077fc5180ed67177cfdcad85cadc028f2466fa21db42ba8265ee2187b02114e9""
}",REDACTED_USER,2026-09-13T15:52:33.000000129Z,7618560,false
" 65539"," 1",/System/Library/CoreServices/talagentd,/System/Library/CoreServices/talagentd,/System/Library/CoreServices/talagentd,"{
 ""MD5"": ""e072d778c63a863bc32439d270e86f04"",
 ""SHA1"": ""e6174a43136c065eade65e05fdb061cb1aaf09fe"",
 ""SHA256"": ""7bf5381e5194b607cd803cfd7672117a989844c63a952fcd83722b13a9cabc02""
}",REDACTED_USER,2026-09-13T15:52:48.000000619Z,8962048,false
" 65557"," 1",/System/Library/PrivateFrameworks/CoreADI.framework/adid,/System/Library/PrivateFrameworks/CoreADI.framework/adid,/System/Library/PrivateFrameworks/CoreADI.framework/Versions/A/adid,"{
 ""MD5"": ""880bbeda923908bb2cb6269b92811f30"",
 ""SHA1"": ""d12d29c8d6881b6730886c79fa94a737f0d50102"",
 ""SHA256"": ""ae954f76018145f5aaca886455f91a6306471eec46b374f7141363f2b67ea5a0""
}",_fpsd,2026-09-13T15:53:16.000000493Z,6815744,false
" 65558"," 1",/usr/libexec/nehelper,/usr/libexec/nehelper,/usr/libexec/nehelper,"{
 ""MD5"": ""f3d6dd7a12213706108c0425fd784c16"",
 ""SHA1"": ""c361d4ef8ddfe049c15e3ece33d8b566094d8f95"",
 ""SHA256"": ""c0c67352a3e25dc34ce9cd6d5680a4ca7643b3d74be60af90d41304ce07a4842""
}",root,2026-09-13T15:53:16.000000738Z,4046848,false
" 65572"," 1",/usr/libexec/routined,/usr/libexec/routined LAUNCHED_BY_LAUNCHD,/usr/libexec/routined,"{
 ""MD5"": ""84cfb5929c1b43f1c248a4b9ddc5c4cd"",
 ""SHA1"": ""814018f39e61dc0e50b0690f26e9cf7cd958a6b2"",
 ""SHA256"": ""c79e5a95c7765a97c9cae9cbf6288ab3bf8cfa7729900467a94e1f335db2dc3e""
}",REDACTED_USER,2026-09-13T15:53:21.000000059Z,15826944,false
" 65578"," 1",/System/Library/PrivateFrameworks/TelephonyUtilities.framework/callservicesd,/System/Library/PrivateFrameworks/TelephonyUtilities.framework/callservicesd,/System/Library/PrivateFrameworks/TelephonyUtilities.framework/callservicesd,"{
 ""MD5"": ""b8f88dd003ed2d889a630b55c53ab842"",
 ""SHA1"": ""86bbda7357e96b1048aac1b04fb9b247dd7d6a4c"",
 ""SHA256"": ""796c7751ac1b90971931df1947405464a8acf4560d11a561b753ca1b50645e27""
}",REDACTED_USER,2026-09-13T15:54:56.000000186Z,14090240,false
" 65580"," 1",/System/Library/PrivateFrameworks/CloudTelemetry.framework/Versions/A/XPCServices/CloudTelemetryService.xpc/Contents/MacOS/CloudTelemetryService,/System/Library/PrivateFrameworks/CloudTelemetry.framework/Versions/A/XPCServices/CloudTelemetryService.xpc/Contents/MacOS/CloudTelemetryService,/System/Library/PrivateFrameworks/CloudTelemetry.framework/Versions/A/XPCServices/CloudTelemetryService.xpc/Contents/MacOS/CloudTelemetryService,"{
 ""MD5"": ""3526db4742748542a3dcea1cf62498cd"",
 ""SHA1"": ""69a01a31892f96f98406dbdc7adb016e6dbf2f14"",
 ""SHA256"": ""277394fc240fa1223508062176781273ddae770b10cfa176c06a771b941e49bc""
}",REDACTED_USER,2026-09-13T15:54:56.000000244Z,4997120,false
" 65581"," 1",/System/Library/PrivateFrameworks/AssetCacheServices.framework/Versions/A/XPCServices/AssetCacheLocatorService.xpc/Contents/MacOS/AssetCacheLocatorService,/System/Library/PrivateFrameworks/AssetCacheServices.framework/Versions/A/XPCServices/AssetCacheLocatorService.xpc/Contents/MacOS/AssetCacheLocatorService -a,/System/Library/PrivateFrameworks/AssetCacheServices.framework/Versions/A/XPCServices/AssetCacheLocatorService.xpc/Contents/MacOS/AssetCacheLocatorService,"{
 ""MD5"": ""aae300837bf6bebd8920ced66c94a21a"",
 ""SHA1"": ""0d5111eff98180ca137408f5a27a49da329c0adc"",
 ""SHA256"": ""04685913af9d6d355ddb96d1fc46eb3e9021f126fe89c90f6b262e9f7151e8d5""
}",REDACTED_USER,2026-09-13T15:54:56.000000494Z,5963776,false
" 65583"," 1",/usr/libexec/nesessionmanager,/usr/libexec/nesessionmanager,/usr/libexec/nesessionmanager,"{
 ""MD5"": ""944691f142c9e305072a613392bcf374"",
 ""SHA1"": ""3e50086320cebb7533d5294b49f132f1247dfea5"",
 ""SHA256"": ""587a3bc90426207c54699a5f8d0ff79145690c5585332e3315598a06ae4d6998""
}",root,2026-09-13T15:54:56.00000073Z,6766592,false
" 65589"," 1",/usr/libexec/neagent,/usr/libexec/neagent,/usr/libexec/neagent,"{
 ""MD5"": ""5e9735f6572bfd60e87d37c019923994"",
 ""SHA1"": ""6775552473cc7f81ae17b30a9222ee843f388794"",
 ""SHA256"": ""db0bedf87956ccd2afaa0df9b0ce4fa576973d7549e0e3bcf176902d3e7797b8""
}",REDACTED_USER,2026-09-13T15:54:57.000000401Z,6160384,false
" 65595"," 1",/System/Library/Frameworks/Contacts.framework/Support/postersyncd,/System/Library/Frameworks/Contacts.framework/Support/postersyncd,/System/Library/Frameworks/Contacts.framework/Support/postersyncd,"{
 ""MD5"": ""39dc4474b142cc27ab0070cb25e23f61"",
 ""SHA1"": ""5d2402f24dd74744a3152e674e609ba14a5e8984"",
 ""SHA256"": ""541dfde263dde73d4b3493496c07e05af71fddb38c11a5c6a326c805d1db57b5""
}",REDACTED_USER,2026-09-13T15:54:57.000000606Z,7716864,false
" 65613"," 1",/System/Library/PrivateFrameworks/DataAccess.framework/Support/dataaccessd,/System/Library/PrivateFrameworks/DataAccess.framework/Support/dataaccessd,/System/Library/PrivateFrameworks/DataAccess.framework/Support/dataaccessd,"{
 ""MD5"": ""7b5d986f0715260f20b8a3bb3d6960df"",
 ""SHA1"": ""3b30abf85b8a82f91ad231912edf8195c877bc3d"",
 ""SHA256"": ""acaef9a2828986f7caedeeb20a7a18f69777800771af6d750d29650d09bf52ed""
}",REDACTED_USER,2026-09-13T15:56:23.000000805Z,11698176,false
" 65887"," 1",/System/Library/PrivateFrameworks/IMDPersistence.framework/XPCServices/IMDPersistenceAgent.xpc/Contents/MacOS/IMDPersistenceAgent,/System/Library/PrivateFrameworks/IMDPersistence.framework/XPCServices/IMDPersistenceAgent.xpc/Contents/MacOS/IMDPersistenceAgent,/System/Library/PrivateFrameworks/IMDPersistence.framework/XPCServices/IMDPersistenceAgent.xpc/Contents/MacOS/IMDPersistenceAgent,"{
 ""MD5"": ""1021bbda32953298a541fe7d5f64e572"",
 ""SHA1"": ""8c50b7f5cf652be872a5658bb1e98d9f6c689edb"",
 ""SHA256"": ""f67c38437e83b2522d30fa5f8f2f60db28372d4c420a1d69b78f952bb6fd28b9""
}",REDACTED_USER,2026-09-13T16:44:22.00000042Z,13172736,false
" 65888"," 1",/usr/libexec/siriknowledged,/usr/libexec/siriknowledged,/usr/libexec/siriknowledged,"{
 ""MD5"": ""fa68352b7f098bcd2effbc0914843cc6"",
 ""SHA1"": ""86f64a9067087e8e89ab5d0181e3bb9bd4359807"",
 ""SHA256"": ""6e809a0bdfd6fb6e926d771c8c8024fe311ae524d6be4dbc397f7e87c12e34ce""
}",REDACTED_USER,2026-09-13T16:44:22.000000877Z,9519104,false
" 662"," 1",/System/Library/Frameworks/Security.framework/Versions/A/XPCServices/authd.xpc/Contents/MacOS/authd,/System/Library/Frameworks/Security.framework/Versions/A/XPCServices/authd.xpc/Contents/MacOS/authd,/System/Library/Frameworks/Security.framework/Versions/A/XPCServices/authd.xpc/Contents/MacOS/authd,"{
 ""MD5"": ""214f59a060e5423116578db1e577431a"",
 ""SHA1"": ""b447c9ea960406e7d336ca2ffa0e89df41e46a07"",
 ""SHA256"": ""232060b445cdd5aee43d89eb237cb6c9dc537d1b6593b06b1c879dd67087dbbb""
}",root,2026-08-27T19:48:09.000000344Z,4259840,false
" 66381"," 1",/System/Library/PrivateFrameworks/Synapse.framework/Support/contentlinkingd,/System/Library/PrivateFrameworks/Synapse.framework/Support/contentlinkingd,/System/Library/PrivateFrameworks/Synapse.framework/Support/contentlinkingd,"{
 ""MD5"": ""046616dc274b73c1f46baaa5a93b95d2"",
 ""SHA1"": ""cf46031df245de6875fd64d629472053ed13228e"",
 ""SHA256"": ""378103795b8bc4f18f6980e3d767392a8fd761e6d85d0e2069d82e86b457d899""
}",REDACTED_USER,2026-09-13T20:53:37.00000034Z,8929280,false
" 66382"," 1",/usr/libexec/mobileassetd,/usr/libexec/mobileassetd,/usr/libexec/mobileassetd,"{
 ""MD5"": ""2a4539c3e4c333dabf6472463ed7f069"",
 ""SHA1"": ""ce378f453274f6f26e133bf108df3b8bec014bf9"",
 ""SHA256"": ""9764288a6638bfb804b2b04cda2eb0407618e81aa01f96b52f08ddaf6013a85e""
}",root,2026-09-13T20:53:42.000000324Z,10436608,false
" 66428"," 1",/System/Library/PrivateFrameworks/GeoServices.framework/Versions/A/XPCServices/com.apple.geod.xpc/Contents/MacOS/com.apple.geod,/System/Library/PrivateFrameworks/GeoServices.framework/Versions/A/XPCServices/com.apple.geod.xpc/Contents/MacOS/com.apple.geod,/System/Library/PrivateFrameworks/GeoServices.framework/Versions/A/XPCServices/com.apple.geod.xpc/Contents/MacOS/com.apple.geod,"{
 ""MD5"": ""058cec5746c97161492af6948636991b"",
 ""SHA1"": ""7cc8764aef504e07eaf80820720ab7d4ea9e611c"",
 ""SHA256"": ""4d6d399e0dc344f77ef52dc7efa1a0db2ddd4acac72e8fcca7dceba3c2fc2c2c""
}",REDACTED_USER,2026-09-13T21:49:16.000000756Z,10518528,false
" 66429"," 1",/System/Library/CoreServices/CoreServicesUIAgent.app/Contents/MacOS/CoreServicesUIAgent,/System/Library/CoreServices/CoreServicesUIAgent.app/Contents/MacOS/CoreServicesUIAgent,/System/Library/CoreServices/CoreServicesUIAgent.app/Contents/MacOS/CoreServicesUIAgent,"{
 ""MD5"": ""1b953a50c1386fdb7da9ba48a5d70fed"",
 ""SHA1"": ""25122152e08dce5665726c4d3abcb9b2c20e276a"",
 ""SHA256"": ""e5bec810cfdf83fc965e4e92b34dd66a665d12445fc65cd61ef6896adacfa83a""
}",REDACTED_USER,2026-09-13T21:49:16.000000758Z,10043392,false
" 66440"," 1",/System/Library/CoreServices/CoreLocationAgent.app/Contents/MacOS/CoreLocationAgent,/System/Library/CoreServices/CoreLocationAgent.app/Contents/MacOS/CoreLocationAgent,/System/Library/CoreServices/CoreLocationAgent.app/Contents/MacOS/CoreLocationAgent,"{
 ""MD5"": ""ad1bba7c4b5c845e1639e92fa32c2189"",
 ""SHA1"": ""1a3204a9c45f0f287e5567001498bdb44926f3f8"",
 ""SHA256"": ""1bca5d4c68d6164d3d29b1020305b3d938c5ac34d81955b1e08238c81fdc8397""
}",REDACTED_USER,2026-09-13T21:49:24.000000186Z,9125888,false
" 66442"," 1",/System/Library/PrivateFrameworks/iCloudDriveService.framework/XPCServices/ContainerMetadataExtractor.xpc/Contents/MacOS/ContainerMetadataExtractor,/System/Library/PrivateFrameworks/iCloudDriveService.framework/XPCServices/ContainerMetadataExtractor.xpc/Contents/MacOS/ContainerMetadataExtractor,/System/Library/PrivateFrameworks/iCloudDriveService.framework/XPCServices/ContainerMetadataExtractor.xpc/Contents/MacOS/ContainerMetadataExtractor,"{
 ""MD5"": ""2385fae19b33da836f80f63e94939e37"",
 ""SHA1"": ""dab429a810d784c4cdd147aae3642cd54c37f728"",
 ""SHA256"": ""618e0b4003007b1f6e73c749907fc7030bae04f3fc7049e795e41ed9087623c6""
}",REDACTED_USER,2026-09-13T21:49:24.000000382Z,4521984,false
" 66443"," 1",/System/Library/PrivateFrameworks/VoiceShortcuts.framework/Versions/A/Support/siriactionsd,/System/Library/PrivateFrameworks/VoiceShortcuts.framework/Versions/A/Support/siriactionsd,/System/Library/PrivateFrameworks/VoiceShortcuts.framework/Versions/A/Support/siriactionsd,"{
 ""MD5"": ""e15b12ab369dd726020f890570a806b3"",
 ""SHA1"": ""f469a4bc912c6cbcae7245b360f638cd0049e823"",
 ""SHA256"": ""9ffa5f048072aeb778182e238457df654315e224e67f2272163ffe6a6b1d862f""
}",REDACTED_USER,2026-09-13T21:49:24.000000729Z,14958592,false
" 66444"," 1",/System/Library/PrivateFrameworks/AppPredictionFoundation.framework/Versions/A/XPCServices/AppPredictionIntentsHelperService.xpc/Contents/MacOS/AppPredictionIntentsHelperService,/System/Library/PrivateFrameworks/AppPredictionFoundation.framework/Versions/A/XPCServices/AppPredictionIntentsHelperService.xpc/Contents/MacOS/AppPredictionIntentsHelperService,/System/Library/PrivateFrameworks/AppPredictionFoundation.framework/Versions/A/XPCServices/AppPredictionIntentsHelperService.xpc/Contents/MacOS/AppPredictionIntentsHelperService,"{
 ""MD5"": ""30ee5d91fdf3ef458657be1ef0ecee74"",
 ""SHA1"": ""8ca52a659921933ca04828fb273096e6592e6093"",
 ""SHA256"": ""e1ec115ad9d52c6a2a0913885f87d572721b418fa5d4c52b2f213b3077f82c9e""
}",REDACTED_USER,2026-09-13T21:49:25.00000012Z,5210112,false
" 66445"," 1",/System/Library/PrivateFrameworks/WorkflowKit.framework/XPCServices/ShortcutsViewService.xpc/Contents/MacOS/ShortcutsViewService,/System/Library/PrivateFrameworks/WorkflowKit.framework/XPCServices/ShortcutsViewService.xpc/Contents/MacOS/ShortcutsViewService,/System/Library/PrivateFrameworks/WorkflowKit.framework/XPCServices/ShortcutsViewService.xpc/Contents/MacOS/ShortcutsViewService,"{
 ""MD5"": ""fa8a5cc07aaec9545767f88da0b0df83"",
 ""SHA1"": ""00a587e27b28a6a68718d35bc00089ab9422597e"",
 ""SHA256"": ""95e7435ec90c28ec90b0250ce022563d16d904bd759b3d26b2fafc6e5570a8d1""
}",REDACTED_USER,2026-09-13T21:49:25.000000661Z,10338304,false
" 66446"," 1",/System/Library/PrivateFrameworks/SessionCore.framework/Support/liveactivitiesd,/System/Library/PrivateFrameworks/SessionCore.framework/Support/liveactivitiesd,/System/Library/PrivateFrameworks/SessionCore.framework/Support/liveactivitiesd,"{
 ""MD5"": ""6f2ac124168587ea294b9b20a0360e9d"",
 ""SHA1"": ""92472df39d527663f5c12268950bca20b0642c78"",
 ""SHA256"": ""52302346853b9505758ccf08618e243e0c92e1738726ed287a48d3cf9ed953f5""
}",REDACTED_USER,2026-09-13T21:49:25.000000812Z,6324224,false
" 66447"," 1",/System/Library/PrivateFrameworks/ReplicatorCore.framework/Support/replicatord,/System/Library/PrivateFrameworks/ReplicatorCore.framework/Support/replicatord,/System/Library/PrivateFrameworks/ReplicatorCore.framework/Support/replicatord,"{
 ""MD5"": ""0bbe4919b337f7470f3ffcdc0e2dc8ca"",
 ""SHA1"": ""ede107569049ccba6ab16c23f09b6221834deb8e"",
 ""SHA256"": ""1e0cd8f54c50c20495c3608280850aa9ba40f79e46010aa8c564e73f84b3f9ba""
}",REDACTED_USER,2026-09-13T21:49:25.000000902Z,11239424,false
" 66470"," 1",/System/Library/PrivateFrameworks/IntelligencePlatformCompute.framework/Versions/A/XPCServices/IntelligencePlatformComputeService.xpc/Contents/MacOS/IntelligencePlatformComputeService,/System/Library/PrivateFrameworks/IntelligencePlatformCompute.framework/Versions/A/XPCServices/IntelligencePlatformComputeService.xpc/Contents/MacOS/IntelligencePlatformComputeService,/System/Library/PrivateFrameworks/IntelligencePlatformCompute.framework/Versions/A/XPCServices/IntelligencePlatformComputeService.xpc/Contents/MacOS/IntelligencePlatformComputeService,"{
 ""MD5"": ""d6f22ed9255cace9f7cd4a0e85c44922"",
 ""SHA1"": ""61d3147832828597fdf003594349f2bd8b785771"",
 ""SHA256"": ""3bd8b85c1108e0020cd6d8b1973d54fd96860ebd8d6655b3ea5170b03d76b358""
}",REDACTED_USER,2026-09-13T21:58:45.000000633Z,15433728,false
" 66479"," 1",/System/Library/PrivateFrameworks/SyncedDefaults.framework/Support/syncdefaultsd,/System/Library/PrivateFrameworks/SyncedDefaults.framework/Support/syncdefaultsd,/System/Library/PrivateFrameworks/SyncedDefaults.framework/Support/syncdefaultsd,"{
 ""MD5"": ""bc3bc50a9ccc2622b7d3d2f5322af3cb"",
 ""SHA1"": ""73f97b43d488992cbcbe3712074f9127cfb114d0"",
 ""SHA256"": ""839b8b42960608bae38db792f9801423ce42570d0e5f905a48829ea4ff092864""
}",REDACTED_USER,2026-09-13T22:14:46.000000522Z,8716288,false
" 66582"," 1",/System/Library/PrivateFrameworks/CallHistory.framework/Support/CallHistorySyncHelper,/System/Library/PrivateFrameworks/CallHistory.framework/Support/CallHistorySyncHelper,/System/Library/PrivateFrameworks/CallHistory.framework/Support/CallHistorySyncHelper,"{
 ""MD5"": ""656827bcef5cea21dfe173b84c58afe8"",
 ""SHA1"": ""69ecb09bc092a6d2d0c036b3caef6e4c006edb71"",
 ""SHA256"": ""b214a35c13fa8efd03aaa72899460488441419670b9fafcc6ebe1ee4c5b40a72""
}",REDACTED_USER,2026-09-14T01:01:45.00000064Z,11157504,false
" 66583"," 1",/System/Library/PrivateFrameworks/CallHistory.framework/Support/CallHistoryPluginHelper,/System/Library/PrivateFrameworks/CallHistory.framework/Support/CallHistoryPluginHelper,/System/Library/PrivateFrameworks/CallHistory.framework/Support/CallHistoryPluginHelper,"{
 ""MD5"": ""d757661cc055316a97a412ffc9425515"",
 ""SHA1"": ""1c06111c458817ab6f159ad91129e0983ebf5a73"",
 ""SHA256"": ""7f56cddcecce339cce9ac11d0c4119bf81fe3b7111544543e57261cac5f4a981""
}",REDACTED_USER,2026-09-14T01:01:46.000000918Z,7290880,false
" 66596"," 1",/usr/libexec/triald,/usr/libexec/triald,/usr/libexec/triald,"{
 ""MD5"": ""4be7269442cfe48cdf524dac9b08c3dd"",
 ""SHA1"": ""ead15b390d2b93bb235e3a19c449d246f24c6d98"",
 ""SHA256"": ""48dabdb2d514086546dc3aaac7274595403b99284133cb4f299448284c1169d1""
}",REDACTED_USER,2026-09-14T01:25:49.000000557Z,7127040,false
" 666"," 1",/usr/sbin/distnoted,/usr/sbin/distnoted agent,/usr/sbin/distnoted,"{
 ""MD5"": ""bdfc6332efdc373bbcfcff26b1c5acad"",
 ""SHA1"": ""5c76ffa37daee4590c126b8790ac737bd4ed0304"",
 ""SHA256"": ""1fcd1f4a6cbf830b92aef1866a250a0887a4b9706233868bc9e3a1c770f6abc1""
}",root,2026-08-27T19:48:09.000000353Z,1753088,false
" 66608"," 1",/usr/libexec/dmd,/usr/libexec/dmd,/usr/libexec/dmd,"{
 ""MD5"": ""3c280c8a81a2384ecd46236767f9242e"",
 ""SHA1"": ""9d6e8ad3927ade0ddceb0829ade912413cc1a710"",
 ""SHA256"": ""c09572d1ddc52663b4ffd9e559889d99e6d26ece932ed344ffacf37454f28920""
}",REDACTED_USER,2026-09-14T01:25:50.000000898Z,5734400,false
" 66611"," 1",/System/Library/PrivateFrameworks/PhotoLibraryServices.framework/Versions/A/Support/photolibraryd,/System/Library/PrivateFrameworks/PhotoLibraryServices.framework/Versions/A/Support/photolibraryd,/System/Library/PrivateFrameworks/PhotoLibraryServices.framework/Versions/A/Support/photolibraryd,"{
 ""MD5"": ""0b5f191cf6a19c1d7ff7dcadcc3eb7eb"",
 ""SHA1"": ""a35177e01f58999626f6aa191fb8888e09fe7f10"",
 ""SHA256"": ""16c611a85a8c461c89791ede8fea558b5309173b2bb5c17df79936db97748f04""
}",REDACTED_USER,2026-09-14T01:25:51.000000538Z,8486912,false
" 66613"," 1",/System/Library/PrivateFrameworks/SiriInference.framework/Versions/A/siriinferenced,/System/Library/PrivateFrameworks/SiriInference.framework/Versions/A/siriinferenced,/System/Library/PrivateFrameworks/SiriInference.framework/Versions/A/siriinferenced,"{
 ""MD5"": ""61b7fb1f50a497732ad6cf35bf3d42b6"",
 ""SHA1"": ""921d21b618276346b3b1cb3490dedda83e827156"",
 ""SHA256"": ""9be2a79583f7a4addc71c50900ce4bfaa7ac4f789683c0422048d5bee18e9e83""
}",REDACTED_USER,2026-09-14T01:25:51.000000839Z,11190272,false
" 66658"," 1",/System/Library/Frameworks/ApplicationServices.framework/Versions/A/Frameworks/HIServices.framework/Versions/A/XPCServices/com.apple.hiservices-xpcservice.xpc/Contents/MacOS/com.apple.hiservices-xpcservice,/System/Library/Frameworks/ApplicationServices.framework/Versions/A/Frameworks/HIServices.framework/Versions/A/XPCServices/com.apple.hiservices-xpcservice.xpc/Contents/MacOS/com.apple.hiservices-xpcservice,/System/Library/Frameworks/ApplicationServices.framework/Versions/A/Frameworks/HIServices.framework/Versions/A/XPCServices/com.apple.hiservices-xpcservice.xpc/Contents/MacOS/com.apple.hiservices-xpcservice,"{
 ""MD5"": ""61003885567167561519e5d2c37aaec6"",
 ""SHA1"": ""b7a824df63bea35cc62a702ca991914bec879562"",
 ""SHA256"": ""c0caaa75734b9779278c57eedbbb0c72ffb3d67bea38b15afdde4a19c173a353""
}",REDACTED_USER,2026-09-14T02:19:48.00000068Z,3407872,false
" 66697"," 1",/usr/libexec/GamePolicyAgent,/usr/libexec/GamePolicyAgent,/usr/libexec/GamePolicyAgent,"{
 ""MD5"": ""948b50a42b2c9d5508b3b5be62465ece"",
 ""SHA1"": ""441fa6bc0f4d9bee2645f8756693eb5917496c89"",
 ""SHA256"": ""a772f66f3a0a981656251c1891e47403ee3c640c76d8aedcdd2f5f554ef7a788""
}",REDACTED_USER,2026-09-14T03:03:49.000000706Z,9256960,false
" 66703"," 1",/System/Library/PrivateFrameworks/ContextKit.framework/Versions/A/XPCServices/ContextService.xpc/Contents/MacOS/ContextService,/System/Library/PrivateFrameworks/ContextKit.framework/Versions/A/XPCServices/ContextService.xpc/Contents/MacOS/ContextService,/System/Library/PrivateFrameworks/ContextKit.framework/Versions/A/XPCServices/ContextService.xpc/Contents/MacOS/ContextService,"{
 ""MD5"": ""8c7ed27a4540813164e1a63cc374cfb0"",
 ""SHA1"": ""d979db0e57019de1282b79cbbb5921851a856acf"",
 ""SHA256"": ""241f965b6b38a5f68050facf3432cb12e40e3b5f3b1ebfc75327e3180a39f63d""
}",REDACTED_USER,2026-09-14T03:15:36.000000261Z,7323648,false
" 66705"," 1",/System/Library/PrivateFrameworks/TextToSpeechVoiceBankingSupport.framework/Support/voicebankingd,/System/Library/PrivateFrameworks/TextToSpeechVoiceBankingSupport.framework/Support/voicebankingd,/System/Library/PrivateFrameworks/TextToSpeechVoiceBankingSupport.framework/Support/voicebankingd,"{
 ""MD5"": ""fb7f24540a03bdfcd4adcf027a15030c"",
 ""SHA1"": ""065d24bc00ee25f6d11bec34f1b2d164f0ca08a7"",
 ""SHA256"": ""c2606ae5e2cf4f909e3b49b1e6d6ad0300d13588e17e41dd4e4a8caa83b46164""
}",REDACTED_USER,2026-09-14T03:15:36.000000355Z,7421952,false
" 66708"," 1",/System/Cryptexes/App/usr/libexec/com.apple.Safari.History,/System/Cryptexes/App/usr/libexec/com.apple.Safari.History,/System/Volumes/Preboot/Cryptexes/App/usr/libexec/com.apple.Safari.History,"{
 ""MD5"": ""4210bbb0811f37cc2ab550ca92811c69"",
 ""SHA1"": ""88d9fcdb60bf7e726d6290ffc766cabb231cf08e"",
 ""SHA256"": ""d95ed7bb6e30f3bb024abc937155d5009cf1d14e7ba70c4222adc71a786be5f6""
}",REDACTED_USER,2026-09-14T03:15:45.00000042Z,6553600,false
" 66714"," 1",/usr/libexec/remindd,/usr/libexec/remindd,/usr/libexec/remindd,"{
 ""MD5"": ""58ac31cc8aa874602032c39302e7f6b8"",
 ""SHA1"": ""2aff656474af0dd10cc58aa244df1c60d51a3d94"",
 ""SHA256"": ""2c1f21b306f7ab792f41d930c072ebcd2941e20cb2bc77640f661b5741f52e48""
}",REDACTED_USER,2026-09-14T03:31:56.000000304Z,12402688,false
" 66755"," 1",/System/Library/PrivateFrameworks/MobileAssetDaemon.framework/Versions/A/XPCServices/com.apple.MobileAsset.DownloadService.Builtin.xpc/Contents/MacOS/com.apple.MobileAsset.DownloadService.Builtin,/System/Library/PrivateFrameworks/MobileAssetDaemon.framework/Versions/A/XPCServices/com.apple.MobileAsset.DownloadService.Builtin.xpc/Contents/MacOS/com.apple.MobileAsset.DownloadService.Builtin,/System/Library/PrivateFrameworks/MobileAssetDaemon.framework/Versions/A/XPCServices/com.apple.MobileAsset.DownloadService.Builtin.xpc/Contents/MacOS/com.apple.MobileAsset.DownloadService.Builtin,"{
 ""MD5"": ""e789050f4f59c0c4ba6f3dc4f7fa822f"",
 ""SHA1"": ""eb4e98b0daa5c7758855bc75eb41e9a573451210"",
 ""SHA256"": ""d833171e3c0e8164ba8d90dfe19713b272bf6f2543675a3683d59ffb387bec3c""
}",root,2026-09-14T04:29:10.000000524Z,5947392,false
" 66758"," 1",/usr/libexec/milod,/usr/libexec/milod,/usr/libexec/milod,"{
 ""MD5"": ""518334d29d291c6f2de5bd0e94e3fbeb"",
 ""SHA1"": ""0f0e42c42977816265e4485cfe435b3dba85d8ea"",
 ""SHA256"": ""2db99c856dd2010556d8dfee79884fc3137e49602f645f6c7dff2fe54700f36c""
}",REDACTED_USER,2026-09-14T04:29:12.000000122Z,6717440,false
" 66795"," 1",/usr/libexec/swcd,/usr/libexec/swcd,/usr/libexec/swcd,"{
 ""MD5"": ""4e8641a0007fbc73bc5f35f07354347d"",
 ""SHA1"": ""6128cd0b7585b17c3cd1fc286e889533756a6485"",
 ""SHA256"": ""545325812d1bc36968984fd32fea6a2d0c009575e345d709a7cf81863f196458""
}",REDACTED_USER,2026-09-14T04:29:31.000000072Z,5668864,false
" 66796"," 1",/System/Library/PrivateFrameworks/SafariSafeBrowsing.framework/com.apple.Safari.SafeBrowsing.Service,/System/Library/PrivateFrameworks/SafariSafeBrowsing.framework/com.apple.Safari.SafeBrowsing.Service,/System/Library/PrivateFrameworks/SafariSafeBrowsing.framework/Versions/A/com.apple.Safari.SafeBrowsing.Service,"{
 ""MD5"": ""ce30fba8b555f4e6a760b409f774eb5a"",
 ""SHA1"": ""3e59558cb549c1d7ccd947ce76b0b7841dd1fdc1"",
 ""SHA256"": ""0daa7f4779d57bb32222db3eece50d54e13d638bd57fe7d7c9e176ac77fd6d6a""
}",REDACTED_USER,2026-09-14T04:29:31.000000073Z,6373376,false
" 66798"," 1",/System/Cryptexes/App/usr/libexec/SafariNotificationAgent,/System/Cryptexes/App/usr/libexec/SafariNotificationAgent,/System/Volumes/Preboot/Cryptexes/App/usr/libexec/SafariNotificationAgent,"{
 ""MD5"": ""34c4c878ccf3f7ce1ae82be64208972d"",
 ""SHA1"": ""0412d54afa53521e3cba9167004029608a83110d"",
 ""SHA256"": ""1de4af223ed590c6cd93c4c4d376a14c656bafaa8e432de1be67145082af1748""
}",REDACTED_USER,2026-09-14T04:29:31.000000177Z,5652480,false
" 66799"," 1",/System/Library/Frameworks/MediaAccessibility.framework/Versions/A/XPCServices/com.apple.accessibility.mediaaccessibilityd.xpc/Contents/MacOS/com.apple.accessibility.mediaaccessibilityd,/System/Library/Frameworks/MediaAccessibility.framework/Versions/A/XPCServices/com.apple.accessibility.mediaaccessibilityd.xpc/Contents/MacOS/com.apple.accessibility.mediaaccessibilityd,/System/Library/Frameworks/MediaAccessibility.framework/Versions/A/XPCServices/com.apple.accessibility.mediaaccessibilityd.xpc/Contents/MacOS/com.apple.accessibility.mediaaccessibilityd,"{
 ""MD5"": ""37ad11c98585597cb7bdc0009c26e4e7"",
 ""SHA1"": ""93ebfe179f2384c13b3cf64fecbc65d33bf6ed33"",
 ""SHA256"": ""6e9abc7d9a955538905004f1e3da45bd23cc1ee7383943b4e03bb36a991b3b34""
}",REDACTED_USER,2026-09-14T04:29:31.00000018Z,2555904,false
" 66800"," 1",/System/Library/Frameworks/AudioToolbox.framework/AudioComponentRegistrar,/System/Library/Frameworks/AudioToolbox.framework/AudioComponentRegistrar,/System/Library/Frameworks/AudioToolbox.framework/AudioComponentRegistrar,"{
 ""MD5"": ""b404372d8ee43d2dc3558e77f10a030b"",
 ""SHA1"": ""e3baac7aa0dc545cf97ad05e698a13f9e469ca70"",
 ""SHA256"": ""d7ac65ab7d82083298fbab4132089ce21401c282d9d4032a4c2084fd9c724ad0""
}",REDACTED_USER,2026-09-14T04:29:31.000000181Z,4571136,false
" 66803"," 1",/System/Library/PrivateFrameworks/SafariShared.framework/Versions/A/XPCServices/com.apple.Safari.SearchHelper.xpc/Contents/MacOS/com.apple.Safari.SearchHelper,/System/Library/PrivateFrameworks/SafariShared.framework/Versions/A/XPCServices/com.apple.Safari.SearchHelper.xpc/Contents/MacOS/com.apple.Safari.SearchHelper,/System/Volumes/Preboot/Cryptexes/Incoming/OS/System/Library/PrivateFrameworks/SafariShared.framework/Versions/A/XPCServices/com.apple.Safari.SearchHelper.xpc/Contents/MacOS/com.apple.Safari.SearchHelper,"{
 ""MD5"": ""9b50cb13a0203a358c6159ba2598aab9"",
 ""SHA1"": ""c34645df660435fd201918bf3ab3298020c2e9f0"",
 ""SHA256"": ""5e6f51edfc8ba616aebc00a2da49e423889739995a916732f40286d22948cfcf""
}",REDACTED_USER,2026-09-14T04:29:32.000000459Z,6815744,false
" 66804"," 1",/System/Library/Frameworks/Translation.framework/translationd,/System/Library/Frameworks/Translation.framework/translationd,/System/Library/Frameworks/Translation.framework/translationd,"{
 ""MD5"": ""17ccf89f1fd712c0e98e5c0b5a4d04ec"",
 ""SHA1"": ""b536872ae4b1d1c510d29d130c159ab5a456fd60"",
 ""SHA256"": ""6a8f0a173375125cc36e4761204f0fe0c82674cc8dea94bc0742c63b0e99784c""
}",REDACTED_USER,2026-09-14T04:29:32.000000521Z,7979008,false
" 66806"," 1",/System/Library/PrivateFrameworks/Categories.framework/Versions/A/XPCServices/CategoriesService.xpc/Contents/MacOS/CategoriesService,/System/Library/PrivateFrameworks/Categories.framework/Versions/A/XPCServices/CategoriesService.xpc/Contents/MacOS/CategoriesService,/System/Library/PrivateFrameworks/Categories.framework/Versions/A/XPCServices/CategoriesService.xpc/Contents/MacOS/CategoriesService,"{
 ""MD5"": ""3c030fac16613cc026e224263b479e61"",
 ""SHA1"": ""d114d900307e4244b57ad826b83b5ca112c86951"",
 ""SHA256"": ""27ceeda21421275d88595acc435740f713a361857491bc599db669ab456e73f0""
}",REDACTED_USER,2026-09-14T04:29:37.000000622Z,8273920,false
" 66810"," 1",/System/Library/CoreServices/pbs,/System/Library/CoreServices/pbs,/System/Library/CoreServices/pbs,"{
 ""MD5"": ""5310a7fc64a79c9b438c26d6ca9c099b"",
 ""SHA1"": ""2b914ffb33424e97406991a48d37963d51d9a059"",
 ""SHA256"": ""e198f34265c3c92d4f0ba6f15bace180b3e72bcaab26a812cc9d87a27d53ec4c""
}",REDACTED_USER,2026-09-14T04:29:44.000000026Z,3948544,false
" 66811"," 1",/System/Library/CoreServices/iconservicesagent,/System/Library/CoreServices/iconservicesagent,/System/Library/CoreServices/iconservicesagent,"{
 ""MD5"": ""d924385da797095278a133f4cf5f8668"",
 ""SHA1"": ""157a9302c6cb3b4fbe0a9e2403fc83f065acd2d2"",
 ""SHA256"": ""b03f404262406f273d0a82099225d4f3743a0a1a1ef823e4cef6aeba428a38c7""
}",REDACTED_USER,2026-09-14T04:29:44.000000048Z,11272192,false
" 66812"," 1",/System/Library/CoreServices/iconservicesd,/System/Library/CoreServices/iconservicesd,/System/Library/CoreServices/iconservicesd,"{
 ""MD5"": ""59875104cd676287166c0325da2532f9"",
 ""SHA1"": ""96f4b6b9a08c4b3ece9f964f1cc60e0d3e214f41"",
 ""SHA256"": ""c1014a088b8ff32009ec69931bb8710bec3e0a00698c48da8ff672daab8a9869""
}",_iconservices,2026-09-14T04:29:44.000000125Z,3457024,false
" 66829"," 1",/usr/libexec/online-auth-agent,/usr/libexec/online-auth-agent,/usr/libexec/online-auth-agent,"{
 ""MD5"": ""3fcccb0602aea4f0db11ebaf3f6e9b83"",
 ""SHA1"": ""c8a2a7868a0a034cecd1b48e29a803e198833901"",
 ""SHA256"": ""16833f4d36eeac89206571446eeb128c62c0334f69ed18c18d701e294d69ce91""
}",root,2026-09-14T04:29:53.000000105Z,2342912,false
" 66831"," 1",/System/Library/CoreServices/Keychain Circle Notification.app/Contents/MacOS/Keychain Circle Notification,/System/Library/CoreServices/Keychain Circle Notification.app/Contents/MacOS/Keychain Circle Notification,/System/Library/CoreServices/Keychain Circle Notification.app/Contents/MacOS/Keychain Circle Notification,"{
 ""MD5"": ""5144b779968e762b3a2acc284fe70df2"",
 ""SHA1"": ""abceac67848bd4777cb350d728bd32a186e06167"",
 ""SHA256"": ""d1dfc5f53f22acbeba2235b70f7b0c3e56f98f133a99ac070d505695b403120f""
}",REDACTED_USER,2026-09-14T04:30:00.000000172Z,8683520,false
" 66832"," 1",/System/Library/Frameworks/Security.framework/Versions/A/XPCServices/com.apple.CodeSigningHelper.xpc/Contents/MacOS/com.apple.CodeSigningHelper,/System/Library/Frameworks/Security.framework/Versions/A/XPCServices/com.apple.CodeSigningHelper.xpc/Contents/MacOS/com.apple.CodeSigningHelper,/System/Library/Frameworks/Security.framework/Versions/A/XPCServices/com.apple.CodeSigningHelper.xpc/Contents/MacOS/com.apple.CodeSigningHelper,"{
 ""MD5"": ""3caa006760ea60e90efc39c23c9074d8"",
 ""SHA1"": ""716e1d47f1a39560412f275f346a7a7b8347fca3"",
 ""SHA256"": ""facc0afca625cba59fe0581665838279d8477b9e609b12d87a7a024e52e8fb91""
}",root,2026-09-14T04:30:00.000000264Z,2686976,false
" 66833"," 1",/usr/libexec/findmybeaconingd,/usr/libexec/findmybeaconingd,/usr/libexec/findmybeaconingd,"{
 ""MD5"": ""7afd29fa7ba31b7e5a2294982fda2e58"",
 ""SHA1"": ""1b631648587be4e22df384c1a371b177e55bf75c"",
 ""SHA256"": ""ca1f05b79358365a9c3f0850dc17f2f9cf598737ef1de58f64094edb4d73b9d4""
}",root,2026-09-14T04:30:00.000000354Z,5095424,false
" 66834"," 1",/System/Library/PrivateFrameworks/CoreAnalytics.framework/Support/analyticsagent,/System/Library/PrivateFrameworks/CoreAnalytics.framework/Support/analyticsagent,/System/Library/PrivateFrameworks/CoreAnalytics.framework/Support/analyticsagent,"{
 ""MD5"": ""709c7e78257da40217292d2ef73b9ec4"",
 ""SHA1"": ""c723bf9d9f881b30e12c455bfa412766c65d1287"",
 ""SHA256"": ""2cf98f6fee4c18576cee9e6fb6f39aec07521513e9834f18d45c4b93490a2383""
}",REDACTED_USER,2026-09-14T04:30:07.000000225Z,5554176,false
" 66837"," 1",/System/Library/PrivateFrameworks/CommerceKit.framework/Versions/A/Resources/commerce,/System/Library/PrivateFrameworks/CommerceKit.framework/Versions/A/Resources/commerce,/System/Library/PrivateFrameworks/CommerceKit.framework/Versions/A/Resources/commerce,"{
 ""MD5"": ""8cc8130df6eac589aa877a7d770f2e76"",
 ""SHA1"": ""dbc22ac5a61ca32407c7ce837a532ba6cb0495a7"",
 ""SHA256"": ""9bc08b5318f38023254c42b120e8259199dac4ae10150329ab5c696527f94c2f""
}",REDACTED_USER,2026-09-14T04:30:16.000000297Z,4669440,false
" 66838"," 1",/System/Library/Frameworks/CoreTelephony.framework/Support/CommCenter,/System/Library/Frameworks/CoreTelephony.framework/Support/CommCenter -L,/System/Library/Frameworks/CoreTelephony.framework/Support/CommCenter,"{
 ""MD5"": ""4f12f6bff14f8db7856087c8d4b96e8e"",
 ""SHA1"": ""fa7cf6f2859ab227759c2fc8a3ffcb1e4368e88d"",
 ""SHA256"": ""f56ebd63c8fb86462a0daf8fdd5e689e457d26134ef60273449b1a587a62b696""
}",REDACTED_USER,2026-09-14T04:30:20.000000329Z,13434880,false
" 66839"," 1",/System/Library/CoreServices/Siri.app/Contents/MacOS/Siri,/System/Library/CoreServices/Siri.app/Contents/MacOS/Siri launchd,/System/Library/CoreServices/Siri.app/Contents/MacOS/Siri,"{
 ""MD5"": ""775ecab8a8b5e89108f9d37b47e1312c"",
 ""SHA1"": ""06fc13ce9f96ef7644f22bcc4ada14523a195b2f"",
 ""SHA256"": ""43b85c046c96a37ea0ce5edeb1561738255fcd620d84e6c45492598cf67132b8""
}",REDACTED_USER,2026-09-14T04:30:23.000000374Z,10272768,false
" 66840"," 1",/usr/libexec/nfcd,/usr/libexec/nfcd,/usr/libexec/nfcd,"{
 ""MD5"": ""ea5b979d61cde1dedde82b61c9a13314"",
 ""SHA1"": ""be6bfbb33abd89fe9adf423857d744d76656ff5f"",
 ""SHA256"": ""c06ae14557adecaa2c61f092c67acd4d46b7552917ef333d178c21e34ffa3ba1""
}",_applepay,2026-09-14T04:30:27.000000388Z,6291456,false
" 66843"," 1",/usr/libexec/replayd,/usr/libexec/replayd,/usr/libexec/replayd,"{
 ""MD5"": ""a09aa84bef557d08ab677214f511d1d5"",
 ""SHA1"": ""d14b665d578a332d6da1fad37d933c8b347e53a8"",
 ""SHA256"": ""4df6f74677349cc2381dc612dd3ffd31a802286b4052d8acb33290c929dccdce""
}",REDACTED_USER,2026-09-14T04:30:40.000000461Z,9125888,false
" 66848"," 1",/usr/libexec/powerexperienced,/usr/libexec/powerexperienced,/usr/libexec/powerexperienced,"{
 ""MD5"": ""e50eec14beec209a152de197ec32b97e"",
 ""SHA1"": ""fe9a2450f57269f5e0ebd683e71f25455d83802d"",
 ""SHA256"": ""c6cca55668067ef927587aa6e5530ec0c61f46d77536db366d233c73c8146df1""
}",root,2026-09-14T04:31:09.000000047Z,5177344,false
" 66849"," 1",/System/Library/CoreServices/Siri.app/Contents/XPCServices/SiriNCService.xpc/Contents/MacOS/SiriNCService,/System/Library/CoreServices/Siri.app/Contents/XPCServices/SiriNCService.xpc/Contents/MacOS/SiriNCService,/System/Library/CoreServices/Siri.app/Contents/XPCServices/SiriNCService.xpc/Contents/MacOS/SiriNCService,"{
 ""MD5"": ""7fc87fc0a5b12f3b6737f389aa4b7ba5"",
 ""SHA1"": ""caed0b6b272612a70d092505b24936cda1a2c090"",
 ""SHA256"": ""dd5c41a4e0b068aa5e26541dc91426741e56a5ad762680b54bb449d08c3bdbb8""
}",REDACTED_USER,2026-09-14T04:31:26.000000562Z,8978432,false
" 66850"," 1",/System/Library/PrivateFrameworks/CoreFollowUp.framework/Versions/A/Support/followupd,/System/Library/PrivateFrameworks/CoreFollowUp.framework/Versions/A/Support/followupd,/System/Library/PrivateFrameworks/CoreFollowUp.framework/Versions/A/Support/followupd,"{
 ""MD5"": ""c682e07f0dc769f8367bc00d9b49501e"",
 ""SHA1"": ""c9497fa15b3ac40dce249007190627afe85304da"",
 ""SHA256"": ""fab13ca14df500e9412ba8bc5ec2eb1b6a8e16820cbc757c5eca0ee732a74ad7""
}",REDACTED_USER,2026-09-14T04:31:29.000000234Z,3801088,false
" 66853"," 1",/System/Library/Frameworks/ImageIO.framework/Versions/A/XPCServices/ImageIOXPCService.xpc/Contents/MacOS/ImageIOXPCService,/System/Library/Frameworks/ImageIO.framework/Versions/A/XPCServices/ImageIOXPCService.xpc/Contents/MacOS/ImageIOXPCService,/System/Library/Frameworks/ImageIO.framework/Versions/A/XPCServices/ImageIOXPCService.xpc/Contents/MacOS/ImageIOXPCService,"{
 ""MD5"": ""4ace096c5c091e59ebaaec71cb57b4b8"",
 ""SHA1"": ""330e756492fc94a1501dc08c00f6244405ec060e"",
 ""SHA256"": ""385c3e725f6f79291165c11977b49e286e888871c18b7ffc9609513072d37c1f""
}",REDACTED_USER,2026-09-14T04:31:30.000000529Z,2719744,false
" 66854"," 1",/System/Library/PrivateFrameworks/CoreSuggestions.framework/Versions/A/Support/reversetemplated,/System/Library/PrivateFrameworks/CoreSuggestions.framework/Versions/A/Support/reversetemplated,/System/Library/PrivateFrameworks/CoreSuggestions.framework/Versions/A/Support/reversetemplated,"{
 ""MD5"": ""839f1d8aea6610af92192a08d680a691"",
 ""SHA1"": ""7a9f5ba14a3b6455284714fad381a3f3c7e9d617"",
 ""SHA256"": ""3068e99e481f73b797a5267700901ad168a8cb491c60934ab4da1b5a4f5598d0""
}",REDACTED_USER,2026-09-14T04:31:32.000000179Z,5734400,false
" 66859"," 1",/usr/libexec/naturallanguaged,/usr/libexec/naturallanguaged,/usr/libexec/naturallanguaged,"{
 ""MD5"": ""485d56312fe6af9ede6d141ad171491f"",
 ""SHA1"": ""a3dcebc57775dc588ce0f6a0ac82f37b5c4e9386"",
 ""SHA256"": ""f5250b252d47c7518c8743e22158c819eaef97ba36e168272c65aebe4deb61da""
}",REDACTED_USER,2026-09-14T04:33:41.000000147Z,16449536,false
" 66862"," 1",/usr/libexec/PowerUIAgent,/usr/libexec/PowerUIAgent,/usr/libexec/PowerUIAgent,"{
 ""MD5"": ""4d26a3de9396a054fbc1978dc26aa738"",
 ""SHA1"": ""6d655777397b513b4ac36b1688d3c0403f29c3b9"",
 ""SHA256"": ""281b74e1ff5e1c6b9074159129cf5ad8143a192aea0fa406a529ef0115957a92""
}",root,2026-09-14T04:34:09.000000387Z,6684672,false
" 66866"," 1",/System/Library/PrivateFrameworks/GeoServices.framework/Versions/A/XPCServices/com.apple.geod.xpc/Contents/MacOS/com.apple.geod,/System/Library/PrivateFrameworks/GeoServices.framework/Versions/A/XPCServices/com.apple.geod.xpc/Contents/MacOS/com.apple.geod,/System/Library/PrivateFrameworks/GeoServices.framework/Versions/A/XPCServices/com.apple.geod.xpc/Contents/MacOS/com.apple.geod,"{
 ""MD5"": ""058cec5746c97161492af6948636991b"",
 ""SHA1"": ""7cc8764aef504e07eaf80820720ab7d4ea9e611c"",
 ""SHA256"": ""4d6d399e0dc344f77ef52dc7efa1a0db2ddd4acac72e8fcca7dceba3c2fc2c2c""
}",_locationd,2026-09-14T04:35:07.000000994Z,9863168,false
" 66883"," 1",/System/Library/Frameworks/ManagedAppDistribution.framework/Support/managedappdistributionagent,/System/Library/Frameworks/ManagedAppDistribution.framework/Support/managedappdistributionagent,/System/Library/Frameworks/ManagedAppDistribution.framework/Support/managedappdistributionagent,"{
 ""MD5"": ""f4c28f33a5a2adf1b840f7c9e87b416c"",
 ""SHA1"": ""44d13ba9d6afb660b518dd58156cb7d0dd33d435"",
 ""SHA256"": ""0eb9c16ffde512787dfd28a10281771fde95779c54221b11aa74be3488ff4d8f""
}",REDACTED_USER,2026-09-14T04:36:57.000000765Z,8798208,false
" 66884"," 1",/System/Library/CoreServices/TimeMachine/backupd-helper,/System/Library/CoreServices/TimeMachine/backupd-helper -launchd,/System/Library/CoreServices/TimeMachine/backupd-helper,"{
 ""MD5"": ""365f11272cfce2fb0b8007589992fa73"",
 ""SHA1"": ""afe0aa273c114d4ad9b7ec8325d0c00ef504d5f8"",
 ""SHA256"": ""9478204dfb7384bcbd017cc779f4a73b7b1a14dafefb1ca2e9df29f6dfee8312""
}",root,2026-09-14T04:36:57.000000863Z,3768320,false
" 66888"," 1",/System/Library/PrivateFrameworks/CoreParsec.framework/parsecd,/System/Library/PrivateFrameworks/CoreParsec.framework/parsecd,/System/Library/PrivateFrameworks/CoreParsec.framework/parsecd,"{
 ""MD5"": ""9e814fd3a1ecec70f6b9f731f9d9f6e4"",
 ""SHA1"": ""e72df16f75c6b68a77aaaade8fc732f8c0ccb3ed"",
 ""SHA256"": ""8b555ea5174c498360c6f7d8c3cf95bbf791c409cede2c3b686fc668371bb461""
}",REDACTED_USER,2026-09-14T04:37:09.000000824Z,12140544,false
" 66889"," 1",/usr/libexec/proactived,/usr/libexec/proactived,/usr/libexec/proactived,"{
 ""MD5"": ""2ba40ab54d342514208dca6e5b961931"",
 ""SHA1"": ""115eec88de22725e143c68b788f6e56c208e89c0"",
 ""SHA256"": ""227b1c4382be167800f0faf50e96b0637018054e8aeb9d8125d29705e6fb214b""
}",REDACTED_USER,2026-09-14T04:37:09.000000847Z,9060352,false
" 66891"," 1",/System/Library/PrivateFrameworks/iTunesCloud.framework/Support/itunescloudd,/System/Library/PrivateFrameworks/iTunesCloud.framework/Support/itunescloudd,/System/Library/PrivateFrameworks/iTunesCloud.framework/Support/itunescloudd,"{
 ""MD5"": ""209f25b7a199c50c614a1207a5012f84"",
 ""SHA1"": ""281ce5ab5045ea74b235dfe37324d96c2c4f703c"",
 ""SHA256"": ""6d8d9db601c545819dd378e665b3db484eb21e8ba4b29e34567e58ea7f56098b""
}",REDACTED_USER,2026-09-14T04:37:10.000000024Z,11239424,false
" 66892"," 1",/System/Library/PrivateFrameworks/CoreParsec.framework/parsec-fbf,/System/Library/PrivateFrameworks/CoreParsec.framework/parsec-fbf,/System/Library/PrivateFrameworks/CoreParsec.framework/parsec-fbf,"{
 ""MD5"": ""9ed66ed7fbe3cd71af3ae008d3d86238"",
 ""SHA1"": ""e49f9fec9175268f8fbf0245d5a307d34ff83045"",
 ""SHA256"": ""0638fc1d0514b6ebfe3db3456cf6e13291402a72261617842faf1599be3caf0c""
}",REDACTED_USER,2026-09-14T04:37:10.000000028Z,5160960,false
" 66897"," 1",/usr/libexec/sysmond,/usr/libexec/sysmond,/usr/libexec/sysmond,"{
 ""MD5"": ""35173852d39332731259e248e2175539"",
 ""SHA1"": ""d8d21f13af015621a12b7c6a63011380d040a7bf"",
 ""SHA256"": ""c5bad9df8ba236acae76b65642b8011a517249b93011f4e136178ed18a4df406""
}",root,2026-09-14T04:37:56.000000262Z,1835008,false
" 66909"," 1",/usr/libexec/amfid,/usr/libexec/amfid,/usr/libexec/amfid,"{
 ""MD5"": ""6ed4b7b1e01c4e7ea4a3316663498840"",
 ""SHA1"": ""c366a6d15ecbda8421874696163e87cc19ef7b2e"",
 ""SHA256"": ""71ca97a157a9aa39cb70d5ae2184cab6d4f9e61970a4130f6302c2fbc0f317a0""
}",root,2026-09-14T04:39:47.000000232Z,4063232,false
" 66924"," 1",/usr/libexec/AssetCache/AssetCache,/usr/libexec/AssetCache/AssetCache,/usr/libexec/AssetCache/AssetCache,"{
 ""MD5"": ""66a70ed4a4f7626589a6cce35b97753c"",
 ""SHA1"": ""ce8dd2e446040a65dee9082bf8d280575bca71d5"",
 ""SHA256"": ""cb453b9cd851ad7b4d8cb3cdb0dc1c10664b91c0e3ba6a6daa51c876674f9ce8""
}",_assetcache,2026-09-14T04:42:46.000000767Z,4538368,false
" 66930"," 1",/System/Library/PrivateFrameworks/CoreRecents.framework/Versions/A/Support/recentsd,/System/Library/PrivateFrameworks/CoreRecents.framework/Versions/A/Support/recentsd,/System/Library/PrivateFrameworks/CoreRecents.framework/Versions/A/Support/recentsd,"{
 ""MD5"": ""89fc687081032c797b67d530fa89e01e"",
 ""SHA1"": ""9044c4e3dddb029ee7205172f500356987affeac"",
 ""SHA256"": ""c27a3c1e6f5c4ce313a559403a21ed83b2f54bfda8b6521acdf829f5ee88f6da""
}",REDACTED_USER,2026-09-14T04:43:17.000000901Z,6569984,false
" 66931"," 1",/usr/libexec/tipsd,/usr/libexec/tipsd,/usr/libexec/tipsd,"{
 ""MD5"": ""81aace96f6a7dd984b97e0f570919068"",
 ""SHA1"": ""5dd9d7d62c8be455ffb1da3d582db5c7a710ceea"",
 ""SHA256"": ""a1a447ed46199d5e325ce1f9fe4c1195a2b0645509921f0295ff29edcc7d45ea""
}",REDACTED_USER,2026-09-14T04:43:18.000000291Z,9682944,false
" 66938"," 1",/usr/libexec/inputanalyticsd,/usr/libexec/inputanalyticsd,/usr/libexec/inputanalyticsd,"{
 ""MD5"": ""f78431e5017ed796ae9f1ee114c94205"",
 ""SHA1"": ""3f4cb9a350f6989002e76b35ba67ddb45afad6b3"",
 ""SHA256"": ""7a20efc7945ca97dff71fbf9ea9d719dce618be8226ea17deb21267737f76346""
}",REDACTED_USER,2026-09-14T04:44:30.000000933Z,5079040,false
" 66945"," 1",/usr/libexec/audioanalyticsd,/usr/libexec/audioanalyticsd,/usr/libexec/audioanalyticsd,"{
 ""MD5"": ""8d17b2c4247ff8e1d07b1d1335f1f086"",
 ""SHA1"": ""22a750cebe1deb303e69ca146ca000a62880121e"",
 ""SHA256"": ""4bedce79ad5100b31741b4bc192d2710ef71619a565052c368678960e4931b38""
}",root,2026-09-14T04:46:27.000000082Z,6340608,false
" 66946"," 1",/System/Library/PrivateFrameworks/Categories.framework/Versions/A/XPCServices/CategoriesService.xpc/Contents/MacOS/CategoriesService,/System/Library/PrivateFrameworks/Categories.framework/Versions/A/XPCServices/CategoriesService.xpc/Contents/MacOS/CategoriesService,/System/Library/PrivateFrameworks/Categories.framework/Versions/A/XPCServices/CategoriesService.xpc/Contents/MacOS/CategoriesService,"{
 ""MD5"": ""3c030fac16613cc026e224263b479e61"",
 ""SHA1"": ""d114d900307e4244b57ad826b83b5ca112c86951"",
 ""SHA256"": ""27ceeda21421275d88595acc435740f713a361857491bc599db669ab456e73f0""
}",root,2026-09-14T04:46:27.000000135Z,6782976,false
" 66954"," 1",/System/Library/Services/AppleSpell.service/Contents/MacOS/AppleSpell,/System/Library/Services/AppleSpell.service/Contents/MacOS/AppleSpell,/System/Library/Services/AppleSpell.service/Contents/MacOS/AppleSpell,"{
 ""MD5"": ""6dd663fe4b54810998e0e25139a5aed6"",
 ""SHA1"": ""f321f38ba93b50c0d3034112472b4af4167af249"",
 ""SHA256"": ""f1be940285b35d5b16450ca8c343b9e12a3541e03bc3af862af0f9e59c0410a8""
}",REDACTED_USER,2026-09-14T04:47:12.000000609Z,152092672,false
" 66982"," 1",/usr/libexec/seputil,/usr/libexec/seputil --daemonize-reseed,/usr/libexec/seputil,"{
 ""MD5"": ""6331744c2b8f1550d5a35158ed7bc08b"",
 ""SHA1"": ""6a7131601730d70bcb6a4e73cb2b7689213a6a20"",
 ""SHA256"": ""a8160da6b3f6d0597e9e250ed6d0499b21c4991f58b3d5248522ec368d8d64ea""
}",root,2026-09-14T04:50:27.000000829Z,1802240,false
" 66988"," 1",/System/Volumes/Preboot/Cryptexes/App/System/Applications/Safari.app/Contents/XPCServices/com.apple.Safari.SandboxBroker.xpc/Contents/MacOS/com.apple.Safari.SandboxBroker,/System/Volumes/Preboot/Cryptexes/App/System/Applications/Safari.app/Contents/XPCServices/com.apple.Safari.SandboxBroker.xpc/Contents/MacOS/com.apple.Safari.SandboxBroker,/System/Volumes/Preboot/Cryptexes/App/System/Applications/Safari.app/Contents/XPCServices/com.apple.Safari.SandboxBroker.xpc/Contents/MacOS/com.apple.Safari.SandboxBroker,"{
 ""MD5"": ""8eeec8d1a9522f4720c7d8a4d22d2268"",
 ""SHA1"": ""7cc2a9d4cebf74407fc801221737abdc43285e4b"",
 ""SHA256"": ""bd6d7b1714312310f737c56be76010ab768f941f68df1c9e4672455e5ffac9a3""
}",REDACTED_USER,2026-09-14T04:51:46.000000045Z,8650752,false
" 67009"," 1",/System/Library/PrivateFrameworks/SiriAnalytics.framework/Versions/A/XPCServices/SAExtensionOrchestrator.xpc/Contents/MacOS/SAExtensionOrchestrator,/System/Library/PrivateFrameworks/SiriAnalytics.framework/Versions/A/XPCServices/SAExtensionOrchestrator.xpc/Contents/MacOS/SAExtensionOrchestrator,/System/Library/PrivateFrameworks/SiriAnalytics.framework/Versions/A/XPCServices/SAExtensionOrchestrator.xpc/Contents/MacOS/SAExtensionOrchestrator,"{
 ""MD5"": ""6029dbec0777cedfcfabebaeb2e3c74d"",
 ""SHA1"": ""4c8a3def721be5a950e534c13b794cd2db8ac195"",
 ""SHA256"": ""fcb710da74825507cd7764a48a588d76b3542706896dedd6ad80080fb52bbe6a""
}",REDACTED_USER,2026-09-14T04:56:00.000000015Z,7307264,false
" 67010"," 1",/System/Library/Frameworks/ExtensionFoundation.framework/Versions/A/XPCServices/extensionkitservice.xpc/Contents/MacOS/extensionkitservice,/System/Library/Frameworks/ExtensionFoundation.framework/Versions/A/XPCServices/extensionkitservice.xpc/Contents/MacOS/extensionkitservice,/System/Library/Frameworks/ExtensionFoundation.framework/Versions/A/XPCServices/extensionkitservice.xpc/Contents/MacOS/extensionkitservice,"{
 ""MD5"": ""feb9199bb020aa5c251db14cd577c3d2"",
 ""SHA1"": ""d9d98b016d049024131a8f38e297dce26b483790"",
 ""SHA256"": ""aae3728f76d34e6e5383ca051e7b35fc69ebaf0a43d5e63c9fd26d82c0247133""
}",REDACTED_USER,2026-09-14T04:56:00.000000159Z,6111232,false
" 67011"," 1",/System/Library/ExtensionKit/Extensions/BiomeSELFIngestor.appex/Contents/MacOS/BiomeSELFIngestor,/System/Library/ExtensionKit/Extensions/BiomeSELFIngestor.appex/Contents/MacOS/BiomeSELFIngestor -LaunchArguments eyJ0eXBlIjoxLCJlbmhhbmNlZFNlY3VyaXR5IjpmYWxzZSwic2VydmljZU5hbWUiOiJjb20uYXBwbGUubGlnaHRob3VzZS5CaW9tZVNFTEZJbmdlc3RvciJ9,/System/Library/ExtensionKit/Extensions/BiomeSELFIngestor.appex/Contents/MacOS/BiomeSELFIngestor,"{
 ""MD5"": ""b165178ff6d6e14f83b7df3337f60051"",
 ""SHA1"": ""ed0e3e771e08474664e9781eb1116bb9fd299180"",
 ""SHA256"": ""d5e356abb252c25777a29bd73bd9028f313dcbb72683eadc300487d9d4047e52""
}",REDACTED_USER,2026-09-14T04:56:00.000000279Z,6127616,false
" 67012"," 1",/System/Library/ExtensionKit/Extensions/IFTranscriptSELFIngestor.appex/Contents/MacOS/IFTranscriptSELFIngestor,/System/Library/ExtensionKit/Extensions/IFTranscriptSELFIngestor.appex/Contents/MacOS/IFTranscriptSELFIngestor -LaunchArguments eyJ0eXBlIjoxLCJlbmhhbmNlZFNlY3VyaXR5IjpmYWxzZSwic2VydmljZU5hbWUiOiJjb20uYXBwbGUubGlnaHRob3VzZS5JRlRyYW5zY3JpcHRTRUxGSW5nZXN0b3IifQ==,/System/Library/ExtensionKit/Extensions/IFTranscriptSELFIngestor.appex/Contents/MacOS/IFTranscriptSELFIngestor,"{
 ""MD5"": ""9386510619a93a9d55047c3be6901deb"",
 ""SHA1"": ""9da0d67b18b2b15e7544a58417ed818e861d8871"",
 ""SHA256"": ""963ee75f55f4d8fc5122e7de3b2d4b6e6b7e5327183aa201f34a579f23296047""
}",REDACTED_USER,2026-09-14T04:56:00.00000048Z,6078464,false
" 67013"," 1",/System/Library/ExtensionKit/Extensions/IFTelemetrySELFIngestor.appex/Contents/MacOS/IFTelemetrySELFIngestor,/System/Library/ExtensionKit/Extensions/IFTelemetrySELFIngestor.appex/Contents/MacOS/IFTelemetrySELFIngestor -LaunchArguments eyJ0eXBlIjoxLCJlbmhhbmNlZFNlY3VyaXR5IjpmYWxzZSwic2VydmljZU5hbWUiOiJjb20uYXBwbGUubGlnaHRob3VzZS5JRlRlbGVtZXRyeVNFTEZJbmdlc3RvciJ9,/System/Library/ExtensionKit/Extensions/IFTelemetrySELFIngestor.appex/Contents/MacOS/IFTelemetrySELFIngestor,"{
 ""MD5"": ""fe2481cd4ac8a2162e34cdf22607b0db"",
 ""SHA1"": ""4e014c66bf2335a0cd335de0209c13ade4b49180"",
 ""SHA256"": ""f4bbfc36cc8e226a5b73f0662753de360bd1ab396ee68ea8ec2b3b9b6fcea2b0""
}",REDACTED_USER,2026-09-14T04:56:00.000000633Z,5898240,false
" 67014"," 1",/System/Library/ExtensionKit/Extensions/GMSSELFIngestor.appex/Contents/MacOS/GMSSELFIngestor,/System/Library/ExtensionKit/Extensions/GMSSELFIngestor.appex/Contents/MacOS/GMSSELFIngestor -LaunchArguments eyJ0eXBlIjoxLCJlbmhhbmNlZFNlY3VyaXR5IjpmYWxzZSwic2VydmljZU5hbWUiOiJjb20uYXBwbGUuc2lyaS5HTVNTRUxGSW5nZXN0b3IifQ==,/System/Library/ExtensionKit/Extensions/GMSSELFIngestor.appex/Contents/MacOS/GMSSELFIngestor,"{
 ""MD5"": ""feb49470b2bb257c0ae9937380d5ebd1"",
 ""SHA1"": ""e8dcc4a260a742ee3cde8a6ad386c90840ea5fbc"",
 ""SHA256"": ""f92f4bf742d98c15f2575a712ba112bf664bc4ab2ad770c1df7b04f085baba16""
}",REDACTED_USER,2026-09-14T04:56:00.000000735Z,6750208,false
" 67035"," 1",/usr/libexec/textunderstandingd,/usr/libexec/textunderstandingd,/usr/libexec/textunderstandingd,"{
 ""MD5"": ""3748831c810db68c144abe75a581d0c5"",
 ""SHA1"": ""bed34b030ed0c0ed0826e263fdd5720f3350a9f2"",
 ""SHA256"": ""1e6ff6ed3b23ead8e1ced282c9e49169e961ebbbd73a18c80ae66b27e3d4dc03""
}",REDACTED_USER,2026-09-14T05:00:51.00000089Z,6373376,false
" 67036"," 1",/System/Library/PrivateFrameworks/EmailDaemon.framework/Versions/A/maild,/System/Library/PrivateFrameworks/EmailDaemon.framework/Versions/A/maild,/System/Library/PrivateFrameworks/EmailDaemon.framework/Versions/A/maild,"{
 ""MD5"": ""31d098bb21d9a5ca474af3c3c7da38e6"",
 ""SHA1"": ""1532a6c6d1d31c3be86bf46261d7e01b6a3ef95c"",
 ""SHA256"": ""5b798802b0cff8e0ed535bdd736b206ecc21035a83d8053f6ff9c8cfb45154ee""
}",REDACTED_USER,2026-09-14T05:00:51.000000989Z,8978432,false
" 67037"," 1",/System/Library/PrivateFrameworks/PowerLog.framework/Versions/A/XPCServices/PerfPowerTelemetryClientRegistrationService.xpc/Contents/MacOS/PerfPowerTelemetryClientRegistrationService,/System/Library/PrivateFrameworks/PowerLog.framework/Versions/A/XPCServices/PerfPowerTelemetryClientRegistrationService.xpc/Contents/MacOS/PerfPowerTelemetryClientRegistrationService,/System/Library/PrivateFrameworks/PowerLog.framework/Versions/A/XPCServices/PerfPowerTelemetryClientRegistrationService.xpc/Contents/MacOS/PerfPowerTelemetryClientRegistrationService,"{
 ""MD5"": ""131f8a0e1416e60c1215399c9b3adc1d"",
 ""SHA1"": ""26cc5687d60b22c1aea803218af52cd8062327fd"",
 ""SHA256"": ""afd86d6cd68c67e892f5b16a18e8c90fd1ac309550038a27790682e1170d806b""
}",root,2026-09-14T05:00:52.000000042Z,3227648,false
" 67038"," 1",/System/Library/PrivateFrameworks/GenerativeExperiencesRuntime.framework/Versions/A/generativeexperiencesd,/System/Library/PrivateFrameworks/GenerativeExperiencesRuntime.framework/Versions/A/generativeexperiencesd,/System/Library/PrivateFrameworks/GenerativeExperiencesRuntime.framework/Versions/A/generativeexperiencesd,"{
 ""MD5"": ""b8fce754b12557e74fa119dfeb348210"",
 ""SHA1"": ""f9eb8dd9428cc2699297310768ebb58f964d6b7e"",
 ""SHA256"": ""c53630a09ed08a97b716bfd2c57a6620fa5fbd7811344abe047dc8de440cd211""
}",REDACTED_USER,2026-09-14T05:00:52.000000519Z,13287424,false
" 67039"," 1",/System/Library/PrivateFrameworks/ModelCatalogRuntime.framework/Versions/A/modelcatalogd,/System/Library/PrivateFrameworks/ModelCatalogRuntime.framework/Versions/A/modelcatalogd,/System/Library/PrivateFrameworks/ModelCatalogRuntime.framework/Versions/A/modelcatalogd,"{
 ""MD5"": ""fdecf5391d0f55c245b672ea3804852b"",
 ""SHA1"": ""1d2c01b4b23eafe95f4232f5cdcf3aa442d61f51"",
 ""SHA256"": ""e61b49a0d07955a301d3288735c8dc9866ed7feaf7f763211750c5697a17a619""
}",root,2026-09-14T05:00:52.000000848Z,7749632,false
" 67044"," 1",/usr/libexec/ospredictiond,/usr/libexec/ospredictiond,/usr/libexec/ospredictiond,"{
 ""MD5"": ""7071c4346b4619508b682de0fc26c63b"",
 ""SHA1"": ""74c3a1232f9398682e9c91e9cb9540e74276a76b"",
 ""SHA256"": ""2dc202b105274716676ff16a368eb2ab5c0ff0123fa51fbc3253bb38e3301713""
}",root,2026-09-14T05:01:16.000000643Z,6799360,false
" 67056"," 1",/usr/sbin/systemsoundserverd,/usr/sbin/systemsoundserverd,/usr/sbin/systemsoundserverd,"{
 ""MD5"": ""b8bdfca5667dc7d553d2bbb783dc4caa"",
 ""SHA1"": ""e6f0c14cfc02b76a97074ebcb14bb8312520d4f5"",
 ""SHA256"": ""2bab5753676f67a5cb545133794a74c3bbab8d784d46a06c00197124f66a68e0""
}",root,2026-09-14T05:01:37.00000055Z,5980160,false
" 67066"," 1",/System/Library/CoreServices/Dock.app/Contents/XPCServices/DockHelper.xpc/Contents/MacOS/DockHelper,/System/Library/CoreServices/Dock.app/Contents/XPCServices/DockHelper.xpc/Contents/MacOS/DockHelper,/System/Library/CoreServices/Dock.app/Contents/XPCServices/DockHelper.xpc/Contents/MacOS/DockHelper,"{
 ""MD5"": ""9dc82fd59f11f4f44e2f2c9598252b09"",
 ""SHA1"": ""caf8e6da211e2042561c7ac73b662ed4eb9ac7c6"",
 ""SHA256"": ""ff9fb13893208d663e2f5fe3c82adc849a7046969b76ec2c55a7b90d2f939e5a""
}",REDACTED_USER,2026-09-14T05:01:44.000000992Z,17055744,false
" 67089"," 1",/System/Library/PrivateFrameworks/BackgroundTaskManagement.framework/Support/BackgroundTaskManagementAgent.app/Contents/MacOS/BackgroundTaskManagementAgent,/System/Library/PrivateFrameworks/BackgroundTaskManagement.framework/Support/BackgroundTaskManagementAgent.app/Contents/MacOS/BackgroundTaskManagementAgent,/System/Library/PrivateFrameworks/BackgroundTaskManagement.framework/Support/BackgroundTaskManagementAgent.app/Contents/MacOS/BackgroundTaskManagementAgent,"{
 ""MD5"": ""755c1eba2e5d60e98b9911bd615b5329"",
 ""SHA1"": ""79ae6d9c48efea59366eb15c2ee7259329d57410"",
 ""SHA256"": ""376106d90394a46f8b90a9ef92686d1dd04b58321af2c5a45b493bf5bfaac43b""
}",REDACTED_USER,2026-09-14T05:01:59.000000012Z,9830400,false
" 67095"," 1",/System/Library/PrivateFrameworks/OnDeviceStorage.framework/Support/amsondevicestoraged,/System/Library/PrivateFrameworks/OnDeviceStorage.framework/Support/amsondevicestoraged,/System/Library/PrivateFrameworks/OnDeviceStorage.framework/Support/amsondevicestoraged,"{
 ""MD5"": ""9d217f47970fef459bbf871530f5f185"",
 ""SHA1"": ""41e2424866a9f6c66e9e653540e55a8aa4559325"",
 ""SHA256"": ""b470bb06510b0969678eb579dfadd4ce52d13034bcdd33e8e52a425d6ea6a421""
}",REDACTED_USER,2026-09-14T05:02:00.000000518Z,8388608,false
" 671"," 1",/usr/libexec/syspolicyd,/usr/libexec/syspolicyd,/usr/libexec/syspolicyd,"{
 ""MD5"": ""569063bf0ba87f0d49eb2f2b3ba660c0"",
 ""SHA1"": ""fe8050b84a145a09f46dbbd223c31e373024b811"",
 ""SHA256"": ""2d2beff05a276305f51d2970f9259d751db5a6713fdeb39ab70ee6ed134878fe""
}",root,2026-08-27T19:48:09.000000473Z,9158656,false
" 67100"," 1",/Applications/Adobe Acrobat DC/Adobe Acrobat.app/Contents/Helpers/AdobeResourceSynchronizer.app/Contents/MacOS/AdobeResourceSynchronizer,/Applications/Adobe Acrobat DC/Adobe Acrobat.app/Contents/Helpers/AdobeResourceSynchronizer.app/Contents/MacOS/AdobeResourceSynchronizer -c,/Applications/Adobe Acrobat DC/Adobe Acrobat.app/Contents/Helpers/AdobeResourceSynchronizer.app/Contents/MacOS/AdobeResourceSynchronizer,"{
 ""MD5"": ""3fafb376b590b47787f63a784cd1c17b"",
 ""SHA1"": ""756d290737903cea354c3dff72da4b5d24a85283"",
 ""SHA256"": ""01b30e5ddb8860dc01b83d33e66122d46cf64b6f77cdc713555c7bc87300d16e""
}",REDACTED_USER,2026-09-14T05:02:02.000000455Z,26984448,false
" 67110"," 1",/System/Library/Frameworks/QuickLookThumbnailing.framework/Support/com.apple.quicklook.ThumbnailsAgent,/System/Library/Frameworks/QuickLookThumbnailing.framework/Support/com.apple.quicklook.ThumbnailsAgent,/System/Library/Frameworks/QuickLookThumbnailing.framework/Support/com.apple.quicklook.ThumbnailsAgent,"{
 ""MD5"": ""c79cfebcaef44d7e808499885b4312f0"",
 ""SHA1"": ""387881d29ac260fc928c44eac5dec367b128cfa6"",
 ""SHA256"": ""102e0ef786ff09adc6028f0a6ea50bd8446f0919994a1bec4efd59707c8c77bf""
}",REDACTED_USER,2026-09-14T05:02:12.000000269Z,6668288,false
" 67111"," 1",/usr/libexec/storagekitd,/usr/libexec/storagekitd,/usr/libexec/storagekitd,"{
 ""MD5"": ""0e136247fc59f4385f323eb07374f54a"",
 ""SHA1"": ""442e5a7b0e550ec49672bcdd26693e6bf510e89c"",
 ""SHA256"": ""8f28a1118260c7962f32c9b6bcc5cfce26a566e81803ea8f8748fb157508d6bb""
}",root,2026-09-14T05:02:12.000000356Z,9011200,false
" 67115"," 1",/System/Library/PrivateFrameworks/CacheDelete.framework/deleted,/System/Library/PrivateFrameworks/CacheDelete.framework/deleted,/System/Library/PrivateFrameworks/CacheDelete.framework/deleted,"{
 ""MD5"": ""a6eac162d6b552f7eb04b0f66a791d70"",
 ""SHA1"": ""af25971707f7d0e476fb639c479ec7f6da4e34d3"",
 ""SHA256"": ""7eed0a94af5ce5cf40bff4dae665c5ce0bd02b84b0aea95cfafdee32e99fcad4""
}",REDACTED_USER,2026-09-14T05:02:13.000000124Z,9420800,false
" 67116"," 1",/System/Library/PrivateFrameworks/CacheDelete.framework/deleted_helper,/System/Library/PrivateFrameworks/CacheDelete.framework/deleted_helper,/System/Library/PrivateFrameworks/CacheDelete.framework/deleted_helper,"{
 ""MD5"": ""45ef7cba4655d8ec086bbaaf86ee92d0"",
 ""SHA1"": ""1df76203c629d79a32cc8289e1c902edb720b152"",
 ""SHA256"": ""214f63a7f4886a840472112eca1dca0a3022caaf2849dbec2228250103288737""
}",root,2026-09-14T05:02:13.000000393Z,2359296,false
" 67117"," 1",/usr/libexec/triald_system,/usr/libexec/triald_system,/usr/libexec/triald_system,"{
 ""MD5"": ""e6eee39e537dec4b201ff4ef463ac0f6"",
 ""SHA1"": ""34013c2eefa8cf898a9d00e6b5fca463a3a54f0a"",
 ""SHA256"": ""eda7d0b3d11ec34cf3e25dc46db13d7d24095cc91508e08e72ab8bf223cbb2f3""
}",root,2026-09-14T05:02:14.000000116Z,6504448,false
" 67118"," 1",/System/Library/PrivateFrameworks/PackageKit.framework/Resources/system_installd,/System/Library/PrivateFrameworks/PackageKit.framework/Resources/system_installd,/System/Library/PrivateFrameworks/PackageKit.framework/Versions/A/Resources/system_installd,"{
 ""MD5"": ""60eba2ff2f14878eb0ab7657ca53ff33"",
 ""SHA1"": ""5f01f5030b056c74defa1644343328c3a6c41c2a"",
 ""SHA256"": ""da07cee0ca1737dc17d429bb2c9b02f3a7abffab7007d4e51ab6a125fbbf5cea""
}",root,2026-09-14T05:02:14.000000122Z,3276800,false
" 67119"," 1",/System/Library/PrivateFrameworks/GeoServices.framework/geodMachServiceBridge,/System/Library/PrivateFrameworks/GeoServices.framework/geodMachServiceBridge,/System/Library/PrivateFrameworks/GeoServices.framework/geodMachServiceBridge,"{
 ""MD5"": ""39f22108ad0d46aa74ccf05bccef3b7e"",
 ""SHA1"": ""059c749ec3939bd9cf25de9bb69bae570571ca8f"",
 ""SHA256"": ""01f3612de20d4314b5e386d6d7eac60c31797238ba809e05020f35a9cbc6b3cf""
}",REDACTED_USER,2026-09-14T05:02:14.000000125Z,2605056,false
" 67120"," 1",/System/Library/PrivateFrameworks/PackageKit.framework/Resources/installd,/System/Library/PrivateFrameworks/PackageKit.framework/Resources/installd,/System/Library/PrivateFrameworks/PackageKit.framework/Versions/A/Resources/installd,"{
 ""MD5"": ""e5e04a79a9dddcc5f293ae00c1a17f74"",
 ""SHA1"": ""a33f139aea92102cc6cccc2a60a97d83c05e06c2"",
 ""SHA256"": ""8148da647edafa7d3c5d161d0572cec841e126abfc4e2c0dbe5fb3a27e829255""
}",root,2026-09-14T05:02:14.000000139Z,3244032,false
" 67121"," 1",/System/Library/PrivateFrameworks/CloudKitDaemon.framework/Support/cloudd,/System/Library/PrivateFrameworks/CloudKitDaemon.framework/Support/cloudd --system,/System/Library/PrivateFrameworks/CloudKitDaemon.framework/Support/cloudd,"{
 ""MD5"": ""9cb9462c86e5a6815ca0ba0db59e3fcc"",
 ""SHA1"": ""09bac17d1d24f0678b3087c46b6c41851191c336"",
 ""SHA256"": ""81d2b6bf04faf56e5c87e8dbd7a0eb86c284f848b69038823cdb9ff836babc20""
}",root,2026-09-14T05:02:14.00000016Z,6586368,false
" 67123"," 1",/System/Library/CoreServices/osanalyticshelper,/System/Library/CoreServices/osanalyticshelper server-init,/System/Library/CoreServices/osanalyticshelper,"{
 ""MD5"": ""51f09b53e0a92db47b62541439488947"",
 ""SHA1"": ""0d4c9a64e86e2f14c6f1f81d0528f19e2604d725"",
 ""SHA256"": ""48738ddc2ec14d7066209040b68ce8ae10960283319fa99563e2d5f9bfbef846""
}",root,2026-09-14T05:02:14.00000042Z,4603904,false
" 67131"," 1",/System/Library/PrivateFrameworks/iCloudNotification.framework/iCloudNotificationAgent,/System/Library/PrivateFrameworks/iCloudNotification.framework/iCloudNotificationAgent,/System/Library/PrivateFrameworks/iCloudNotification.framework/iCloudNotificationAgent,"{
 ""MD5"": ""d850d3972a6d4c6e91be75aa9cd79f02"",
 ""SHA1"": ""d6df14f435716cf4c17ede15c4814d2f0a22a92f"",
 ""SHA256"": ""bbe51c9aee6519f4e6d1867f8ac1b28de06818bb0312ce3b1aa5274da4c6a7f0""
}",REDACTED_USER,2026-09-14T05:02:22.000000566Z,6701056,false
" 67132"," 1",/usr/libexec/appleaccountd,/usr/libexec/appleaccountd,/usr/libexec/appleaccountd,"{
 ""MD5"": ""d459483c97704d0343f7bae634d13f58"",
 ""SHA1"": ""5e070693184f8f022e7d492072c41246289c93a6"",
 ""SHA256"": ""406646884e96997c7d10399359825a36a71b233998b336ac4c8e29ee9d43500a""
}",REDACTED_USER,2026-09-14T05:02:22.000000645Z,10174464,false
" 67133"," 1",/System/Library/PrivateFrameworks/IntelligenceFlowContextRuntime.framework/Versions/A/intelligencecontextd,/System/Library/PrivateFrameworks/IntelligenceFlowContextRuntime.framework/Versions/A/intelligencecontextd,/System/Library/PrivateFrameworks/IntelligenceFlowContextRuntime.framework/Versions/A/intelligencecontextd,"{
 ""MD5"": ""e38ff9a7f9f15a810f4342183bd203c9"",
 ""SHA1"": ""ceaf553cf5f4155cf0cc474ba666e50d2f79285b"",
 ""SHA256"": ""43bfa07fb17f490342dd9c9998c616a5c5e3648f1437392dd32b853ba072cbeb""
}",REDACTED_USER,2026-09-14T05:02:42.000000593Z,9666560,false
" 67135"," 1",/System/Library/Frameworks/CoreServices.framework/Versions/A/Frameworks/Metadata.framework/Versions/A/Support/managedcorespotlightd,/System/Library/Frameworks/CoreServices.framework/Versions/A/Frameworks/Metadata.framework/Versions/A/Support/managedcorespotlightd,/System/Library/Frameworks/CoreServices.framework/Versions/A/Frameworks/Metadata.framework/Versions/A/Support/managedcorespotlightd,"{
 ""MD5"": ""617701517ab29423c8c165a1745f0a90"",
 ""SHA1"": ""65151bf1e953172518bd56c5e158b94ce51f0107"",
 ""SHA256"": ""86a821abb6450b38a422b08e6350d712c9760d9847d66973e479968cb3613e88""
}",REDACTED_USER,2026-09-14T05:02:43.000000815Z,8421376,false
" 67137"," 1",/System/Applications/Utilities/Terminal.app/Contents/MacOS/Terminal,/System/Applications/Utilities/Terminal.app/Contents/MacOS/Terminal,/System/Applications/Utilities/Terminal.app/Contents/MacOS/Terminal,"{
 ""MD5"": ""316f717af3da547019c1e4fd792b24d6"",
 ""SHA1"": ""65a62a82b060d0575296b23283a1246f71e9d77e"",
 ""SHA256"": ""c5f23927d33d886d3a3e39b4ef76381b1971a9cc74523f7ebf5e60affaf8fa8b""
}",REDACTED_USER,2026-09-14T05:02:45.000000426Z,34717696,false
" 67138"," 67137",login,login -pf REDACTED_USER,/usr/bin/login,"{
 ""MD5"": ""37b70171a372f8994080f0b68e82dc69"",
 ""SHA1"": ""55b7a814f3baea60e796ab3ff28533bfad1dcae9"",
 ""SHA256"": ""032a8038755030c0023f8fe5387628dffebcdcb2a449d02883860a9e1438675d""
}",root,2026-09-14T05:02:45.00000069Z,5144576,false
" 67140"," 67138",-zsh,-zsh,/bin/zsh,"{
 ""MD5"": ""1c50cd3402611644eccbcee7d5284589"",
 ""SHA1"": ""95f7d2b76c248d1dc8c84c37e3e5cddc93246b6c"",
 ""SHA256"": ""3fbc7a357f2cc9ee90b975f76c27744c19a051a5922fe59c5c8a3ac7a981ffc5""
}",REDACTED_USER,2026-09-14T05:02:45.000000745Z,622592,false
" 67152"," 67140",./velociraptor,./velociraptor --config server.config.yaml frontend,/Users/REDACTED_USER/velociraptor/velociraptor,"{
 ""MD5"": ""8928e773fab70f5e4735d5d6e1e5e5e3"",
 ""SHA1"": ""a4251c7d088a04ca4bda30eb2386c7ad60b5deb5"",
 ""SHA256"": ""3ec2df0c19726b92e27c51ec4b6239aee3e4e40425de39781859eb200987070e""
}",REDACTED_USER,2026-09-14T05:04:38.000000058Z,18202624,false
" 67154"," 67152",/Users/REDACTED_USER/velociraptor/velociraptor,/Users/REDACTED_USER/velociraptor/velociraptor --config server.config.yaml frontend,/Users/REDACTED_USER/velociraptor/velociraptor,"{
 ""MD5"": ""8928e773fab70f5e4735d5d6e1e5e5e3"",
 ""SHA1"": ""a4251c7d088a04ca4bda30eb2386c7ad60b5deb5"",
 ""SHA256"": ""3ec2df0c19726b92e27c51ec4b6239aee3e4e40425de39781859eb200987070e""
}",REDACTED_USER,2026-09-14T05:04:38.000000253Z,77905920,false
" 67166"," 1",/System/Library/Frameworks/AppKit.framework/Versions/C/XPCServices/ThemeWidgetControlViewService.xpc/Contents/MacOS/ThemeWidgetControlViewService,/System/Library/Frameworks/AppKit.framework/Versions/C/XPCServices/ThemeWidgetControlViewService.xpc/Contents/MacOS/ThemeWidgetControlViewService,/System/Library/Frameworks/AppKit.framework/Versions/C/XPCServices/ThemeWidgetControlViewService.xpc/Contents/MacOS/ThemeWidgetControlViewService,"{
 ""MD5"": ""c55f18ee5633874dcea197c5f0858da8"",
 ""SHA1"": ""4e484b3dd581020f11d0a23063808671feff424e"",
 ""SHA256"": ""319e29140e0a1e5e2e9af4d441fa55d181445bbde9b7005ad1a9c4fe2ed7aaf0""
}",REDACTED_USER,2026-09-14T05:04:45.000000823Z,11190272,false
" 67167"," 67137",login,login -pf REDACTED_USER,/usr/bin/login,"{
 ""MD5"": ""37b70171a372f8994080f0b68e82dc69"",
 ""SHA1"": ""55b7a814f3baea60e796ab3ff28533bfad1dcae9"",
 ""SHA256"": ""032a8038755030c0023f8fe5387628dffebcdcb2a449d02883860a9e1438675d""
}",root,2026-09-14T05:06:07.000000015Z,5144576,false
" 67168"," 67167",-zsh,-zsh,/bin/zsh,"{
 ""MD5"": ""1c50cd3402611644eccbcee7d5284589"",
 ""SHA1"": ""95f7d2b76c248d1dc8c84c37e3e5cddc93246b6c"",
 ""SHA256"": ""3fbc7a357f2cc9ee90b975f76c27744c19a051a5922fe59c5c8a3ac7a981ffc5""
}",REDACTED_USER,2026-09-14T05:06:07.000000053Z,622592,false
" 67187"," 1",/System/Library/PrivateFrameworks/CloudTelemetry.framework/Versions/A/XPCServices/CloudTelemetryService.xpc/Contents/MacOS/CloudTelemetryService,/System/Library/PrivateFrameworks/CloudTelemetry.framework/Versions/A/XPCServices/CloudTelemetryService.xpc/Contents/MacOS/CloudTelemetryService,/System/Library/PrivateFrameworks/CloudTelemetry.framework/Versions/A/XPCServices/CloudTelemetryService.xpc/Contents/MacOS/CloudTelemetryService,"{
 ""MD5"": ""3526db4742748542a3dcea1cf62498cd"",
 ""SHA1"": ""69a01a31892f96f98406dbdc7adb016e6dbf2f14"",
 ""SHA256"": ""277394fc240fa1223508062176781273ddae770b10cfa176c06a771b941e49bc""
}",root,2026-09-14T05:08:47.000000677Z,7782400,false
" 67188"," 1",/System/Library/PrivateFrameworks/XprotectFramework.framework/Versions/A/XPCServices/XProtectBridgeService.xpc/Contents/MacOS/XProtectBridgeService,/System/Library/PrivateFrameworks/XprotectFramework.framework/Versions/A/XPCServices/XProtectBridgeService.xpc/Contents/MacOS/XProtectBridgeService,/System/Library/PrivateFrameworks/XprotectFramework.framework/Versions/A/XPCServices/XProtectBridgeService.xpc/Contents/MacOS/XProtectBridgeService,"{
 ""MD5"": ""0c79cab30cf78d8c28ae73278b17e67d"",
 ""SHA1"": ""6e1d62e55f6bff5591d8dcecb4b09100eaac1a85"",
 ""SHA256"": ""eeffa8db6eb9aa1421f7482d596e4a88ab3842862431f6af5c990d4b6bbf3d65""
}",root,2026-09-14T05:08:47.000000708Z,3129344,false
" 67195"," 67168",sudo,sudo ./velociraptor --config client.config.yaml client -v,/usr/bin/sudo,"{
 ""MD5"": ""4fb70671991c9065753c1927ed52e3cd"",
 ""SHA1"": ""a1f3dff82fb0ffb71320905ec9c2416278446870"",
 ""SHA256"": ""f4a543ca644b3d37db613017dd8eaa3454b81e8ca97ff7c988a652416b86eaec""
}",root,2026-09-14T05:10:14.000000546Z,6078464,false
" 67199"," 67195",sudo,sudo ./velociraptor --config client.config.yaml client -v,/usr/bin/sudo,"{
 ""MD5"": ""4fb70671991c9065753c1927ed52e3cd"",
 ""SHA1"": ""a1f3dff82fb0ffb71320905ec9c2416278446870"",
 ""SHA256"": ""f4a543ca644b3d37db613017dd8eaa3454b81e8ca97ff7c988a652416b86eaec""
}",root,2026-09-14T05:10:41.000000177Z,327680,false
" 67200"," 67199",./velociraptor,./velociraptor --config client.config.yaml client -v,/Users/REDACTED_USER/velociraptor/velociraptor,"{
 ""MD5"": ""8928e773fab70f5e4735d5d6e1e5e5e3"",
 ""SHA1"": ""a4251c7d088a04ca4bda30eb2386c7ad60b5deb5"",
 ""SHA256"": ""3ec2df0c19726b92e27c51ec4b6239aee3e4e40425de39781859eb200987070e""
}",root,2026-09-14T05:10:41.000000178Z,41713664,false
" 67213"," 1",/System/Library/PrivateFrameworks/AppleCredentialManager.framework/AppleCredentialManagerDaemon,/System/Library/PrivateFrameworks/AppleCredentialManager.framework/AppleCredentialManagerDaemon,/System/Library/PrivateFrameworks/AppleCredentialManager.framework/AppleCredentialManagerDaemon,"{
 ""MD5"": ""1d6d8b82a16973c00bad1c6d832a35f7"",
 ""SHA1"": ""28bee5bf95e657590743d9c48a01830d6454a422"",
 ""SHA256"": ""700b9184607f7c001099c222fbf079185da312b2c0351ce371cf43e7f6190156""
}",root,2026-09-14T05:14:09.000000955Z,5603328,false
" 67215"," 1",/System/Library/CoreServices/Software Update.app/Contents/Resources/softwareupdated,/System/Library/CoreServices/Software Update.app/Contents/Resources/softwareupdated,/System/Library/CoreServices/Software Update.app/Contents/Resources/softwareupdated,"{
 ""MD5"": ""14e931826b401d841131842f9518bc85"",
 ""SHA1"": ""7d873cb12145e9c75c70e7569b766afbe762483d"",
 ""SHA256"": ""24d16706a50b472802c079ce6d8df82323e0cf586f92b9e2291bb73413b6d15e""
}",_softwareupdate,2026-09-14T05:14:10.000000123Z,6406144,false
" 67216"," 1",/System/Library/Frameworks/LocalAuthentication.framework/Support/coreautha.bundle/Contents/MacOS/coreautha,/System/Library/Frameworks/LocalAuthentication.framework/Support/coreautha.bundle/Contents/MacOS/coreautha,/System/Library/Frameworks/LocalAuthentication.framework/Support/coreautha.bundle/Contents/MacOS/coreautha,"{
 ""MD5"": ""6259c6e9cc03784e0317eade5d2920a7"",
 ""SHA1"": ""246fbeb462a753a9007ccf3e3d8c92b912c072cd"",
 ""SHA256"": ""975d4bf773148bf1d84093eab5d5822d0ebc890ab552322be2362660c837cd79""
}",REDACTED_USER,2026-09-14T05:14:10.00000037Z,11796480,false
" 67217"," 1",/System/Library/CoreServices/TextInputSwitcher.app/Contents/MacOS/TextInputSwitcher,/System/Library/CoreServices/TextInputSwitcher.app/Contents/MacOS/TextInputSwitcher,/System/Library/CoreServices/TextInputSwitcher.app/Contents/MacOS/TextInputSwitcher,"{
 ""MD5"": ""3ce53c1debc43b1bcc317fd992fab70c"",
 ""SHA1"": ""871329835bfe856ad65e045c88c1a46b053afcee"",
 ""SHA256"": ""1a01dd990c0caa4c7d27a30b0bdb5ae18ced941f79f82528f882617edc1ef8dd""
}",REDACTED_USER,2026-09-14T05:14:10.000000399Z,15745024,false
" 67218"," 1",/System/Library/PrivateFrameworks/MobileSoftwareUpdate.framework/Support/softwareupdated,/System/Library/PrivateFrameworks/MobileSoftwareUpdate.framework/Support/softwareupdated,/System/Library/PrivateFrameworks/MobileSoftwareUpdate.framework/Support/softwareupdated,"{
 ""MD5"": ""6be3dc4b7c17670ea7fb9a3a49b6e99c"",
 ""SHA1"": ""a09ee3aeaecc593c3c945553b2d09df239776627"",
 ""SHA256"": ""ff8fc4960a50f470e4f21ee990a1f7ae41c68a5e2408e6109dd90911ffb30594""
}",_softwareupdate,2026-09-14T05:14:10.000000498Z,5603328,false
" 67219"," 1",/System/Library/PrivateFrameworks/MobileSoftwareUpdate.framework/Versions/A/XPCServices/com.apple.MobileSoftwareUpdate.CleanupPreparePathService.xpc/Contents/MacOS/com.apple.MobileSoftwareUpdate.CleanupPreparePathService,/System/Library/PrivateFrameworks/MobileSoftwareUpdate.framework/Versions/A/XPCServices/com.apple.MobileSoftwareUpdate.CleanupPreparePathService.xpc/Contents/MacOS/com.apple.MobileSoftwareUpdate.CleanupPreparePathService,/System/Library/PrivateFrameworks/MobileSoftwareUpdate.framework/Versions/A/XPCServices/com.apple.MobileSoftwareUpdate.CleanupPreparePathService.xpc/Contents/MacOS/com.apple.MobileSoftwareUpdate.CleanupPreparePathService,"{
 ""MD5"": ""08be7db9b052be7458dd51a75d41eb9d"",
 ""SHA1"": ""6a067dee130a5687deb732f5b83e2e7cc2225709"",
 ""SHA256"": ""52df953438a8437aa1fd53b1413e026307a10c2aa96ff04f55bf0c55635d6009""
}",root,2026-09-14T05:14:10.000000585Z,3981312,false
" 67234"," 1",/usr/libexec/mlhostd,/usr/libexec/mlhostd,/usr/libexec/mlhostd,"{
 ""MD5"": ""96259d5a28c381aa646915e7128f3646"",
 ""SHA1"": ""4d200a1c4cffceaa2cef54431a6a7da4afe3781d"",
 ""SHA256"": ""1295ba99e593d005d945b94ce6b4d3594c903762b50193e0d9a4c1fd253b9207""
}",REDACTED_USER,2026-09-14T05:14:12.000000064Z,9420800,false
" 67235"," 1",/usr/libexec/gamed,/usr/libexec/gamed,/usr/libexec/gamed,"{
 ""MD5"": ""029fc6885e53bd1fb9f7deb00dc34b15"",
 ""SHA1"": ""00970c3432803305d81084f80de3513395408134"",
 ""SHA256"": ""a5b4f3774237d563058b3ab11dabe8f39b9fd9d2b65204a81537e6434415d307""
}",REDACTED_USER,2026-09-14T05:14:12.000000068Z,16400384,false
" 67236"," 1",/System/Library/Frameworks/NetFS.framework/Versions/A/XPCServices/PlugInLibraryService.xpc/Contents/MacOS/PlugInLibraryService,/System/Library/Frameworks/NetFS.framework/Versions/A/XPCServices/PlugInLibraryService.xpc/Contents/MacOS/PlugInLibraryService,/System/Library/Frameworks/NetFS.framework/Versions/A/XPCServices/PlugInLibraryService.xpc/Contents/MacOS/PlugInLibraryService,"{
 ""MD5"": ""6834a4d5f2a3369efcff3c85de4f6017"",
 ""SHA1"": ""d3ca8f6f2f234b76661551851e0a86ef15f392cf"",
 ""SHA256"": ""7ec0d3e46377a840c2dcd18e44821621a3abf814e94f7d406e1233c83b78a1d7""
}",REDACTED_USER,2026-09-14T05:14:12.000000517Z,1982464,false
" 67237"," 1",/System/Library/PrivateFrameworks/ManagedBackgroundAssets.framework/Versions/A/XPCServices/Managed Background Assets Helper Service.xpc/Contents/MacOS/Managed Background Assets Helper Service,/System/Library/PrivateFrameworks/ManagedBackgroundAssets.framework/Versions/A/XPCServices/Managed Background Assets Helper Service.xpc/Contents/MacOS/Managed Background Assets Helper Service,/System/Library/PrivateFrameworks/ManagedBackgroundAssets.framework/Versions/A/XPCServices/Managed Background Assets Helper Service.xpc/Contents/MacOS/Managed Background Assets Helper Service,"{
 ""MD5"": ""361b34687f59d8a0843d8e33ee72f9ed"",
 ""SHA1"": ""9a5736efb9d0e2f8e70191242cbced7cc64f26f4"",
 ""SHA256"": ""655b91a92e93aebb92e5e045deee4ebef58aa37b5d053b360d1f320dc76a52fc""
}",REDACTED_USER,2026-09-14T05:14:12.000000547Z,5439488,false
" 67238"," 1",/System/Library/Frameworks/ExtensionFoundation.framework/Versions/A/XPCServices/extensionkitservice.xpc/Contents/MacOS/extensionkitservice,/System/Library/Frameworks/ExtensionFoundation.framework/Versions/A/XPCServices/extensionkitservice.xpc/Contents/MacOS/extensionkitservice,/System/Library/Frameworks/ExtensionFoundation.framework/Versions/A/XPCServices/extensionkitservice.xpc/Contents/MacOS/extensionkitservice,"{
 ""MD5"": ""feb9199bb020aa5c251db14cd577c3d2"",
 ""SHA1"": ""d9d98b016d049024131a8f38e297dce26b483790"",
 ""SHA256"": ""aae3728f76d34e6e5383ca051e7b35fc69ebaf0a43d5e63c9fd26d82c0247133""
}",REDACTED_USER,2026-09-14T05:14:13.000000184Z,7716864,false
" 67241"," 1",/System/Library/PrivateFrameworks/IntlPreferences.framework/Support/localizationswitcherd,/System/Library/PrivateFrameworks/IntlPreferences.framework/Support/localizationswitcherd,/System/Library/PrivateFrameworks/IntlPreferences.framework/Support/localizationswitcherd,"{
 ""MD5"": ""409b0879d5212866b9bbe75709a39725"",
 ""SHA1"": ""ad1ab940f4e85691a1085b67cd107033295ad78c"",
 ""SHA256"": ""abaa3c66c740e76ddec8958e1b726bef4168845855992637156c296d84391b2c""
}",REDACTED_USER,2026-09-14T05:16:37.000000542Z,6684672,false
" 67242"," 1",/usr/libexec/rapportd,/usr/libexec/rapportd --system,/usr/libexec/rapportd,"{
 ""MD5"": ""b8084a3714d6effe787191bab4b176a2"",
 ""SHA1"": ""d4db75f3c681dfb262b24277db3123738456cff1"",
 ""SHA256"": ""d780dd360f255e9a1a675c941f9c1122c051ab10b9c196c86a85153150f7e320""
}",root,2026-09-14T05:16:37.000000578Z,3899392,false
" 67243"," 1",/System/Library/Frameworks/VideoToolbox.framework/Versions/A/XPCServices/VTDecoderXPCService.xpc/Contents/MacOS/VTDecoderXPCService,/System/Library/Frameworks/VideoToolbox.framework/Versions/A/XPCServices/VTDecoderXPCService.xpc/Contents/MacOS/VTDecoderXPCService,/System/Library/Frameworks/VideoToolbox.framework/Versions/A/XPCServices/VTDecoderXPCService.xpc/Contents/MacOS/VTDecoderXPCService,"{
 ""MD5"": ""f2a03994aa28bc6902a98dd6ce5083e2"",
 ""SHA1"": ""c64ca4da2c4d0e751b6076a92ab53bb3e571d8c8"",
 ""SHA256"": ""87806187a67fa19ceeb15a661acc4b2c26398bb969d96ecefddad90d5987d32c""
}",REDACTED_USER,2026-09-14T05:16:37.000000903Z,7176192,false
" 67244"," 1",/System/Library/PrivateFrameworks/MapsSync.framework/mapssyncd,/System/Library/PrivateFrameworks/MapsSync.framework/mapssyncd,/System/Library/PrivateFrameworks/MapsSync.framework/mapssyncd,"{
 ""MD5"": ""5ff13c585eaf9116bfebad751714c300"",
 ""SHA1"": ""0e8502c7e6807a305a88b6a93b03e9240dc1438f"",
 ""SHA256"": ""7d1d3dcc3cc41d14a3a4a583fb719f85b06fc5cfc5fe7e59b8993dd5c5c4719e""
}",REDACTED_USER,2026-09-14T05:16:37.000000912Z,7323648,false
" 67245"," 1",/System/Library/PrivateFrameworks/AppSSO.framework/Support/AppSSOAgent.app/Contents/MacOS/AppSSOAgent,/System/Library/PrivateFrameworks/AppSSO.framework/Support/AppSSOAgent.app/Contents/MacOS/AppSSOAgent,/System/Library/PrivateFrameworks/AppSSO.framework/Support/AppSSOAgent.app/Contents/MacOS/AppSSOAgent,"{
 ""MD5"": ""57763185b2215b0b724fdfef8967e3c5"",
 ""SHA1"": ""aeea214ac28eb718b9addc41aceac0eb4a65e9a4"",
 ""SHA256"": ""a0d6a4db86daf3d3af13ddbf165171ef5407b974943c3c3d13de356a2b70d15a""
}",REDACTED_USER,2026-09-14T05:16:38.000000165Z,12730368,false
" 67246"," 1",/System/Library/Frameworks/GSS.framework/Helpers/GSSCred,/System/Library/Frameworks/GSS.framework/Helpers/GSSCred,/System/Library/Frameworks/GSS.framework/Helpers/GSSCred,"{
 ""MD5"": ""7e7cc063cff245eb7528bf9b81f2f8a8"",
 ""SHA1"": ""643ea8b28f9eb72ae1ef7891dce479383e80c462"",
 ""SHA256"": ""6879e1fc944af3238b8c60bbfbefd9d57931b635f43db2eca9ade364048319bc""
}",root,2026-09-14T05:16:38.000000227Z,5668864,false
" 67247"," 1",/System/Library/PrivateFrameworks/AppSSO.framework/Support/AppSSODaemon,/System/Library/PrivateFrameworks/AppSSO.framework/Support/AppSSODaemon,/System/Library/PrivateFrameworks/AppSSO.framework/Support/AppSSODaemon,"{
 ""MD5"": ""73dd75dd79b7660aa77764f2826df66b"",
 ""SHA1"": ""700e169ff8286893444fb553b13f906056d72eb6"",
 ""SHA256"": ""1b2862091b817d9b0baa64314605ff8a7912b558a708fc1dfa09e379892a6532""
}",root,2026-09-14T05:16:38.000000239Z,10092544,false
" 67248"," 1",/System/Library/Frameworks/ApplicationServices.framework/Versions/A/Frameworks/HIServices.framework/Versions/A/XPCServices/com.apple.hiservices-xpcservice.xpc/Contents/MacOS/com.apple.hiservices-xpcservice,/System/Library/Frameworks/ApplicationServices.framework/Versions/A/Frameworks/HIServices.framework/Versions/A/XPCServices/com.apple.hiservices-xpcservice.xpc/Contents/MacOS/com.apple.hiservices-xpcservice,/System/Library/Frameworks/ApplicationServices.framework/Versions/A/Frameworks/HIServices.framework/Versions/A/XPCServices/com.apple.hiservices-xpcservice.xpc/Contents/MacOS/com.apple.hiservices-xpcservice,"{
 ""MD5"": ""61003885567167561519e5d2c37aaec6"",
 ""SHA1"": ""b7a824df63bea35cc62a702ca991914bec879562"",
 ""SHA256"": ""c0caaa75734b9779278c57eedbbb0c72ffb3d67bea38b15afdde4a19c173a353""
}",root,2026-09-14T05:16:39.000000352Z,2932736,false
" 67249"," 1",/System/Cryptexes/App/usr/libexec/AuthenticationServicesAgent,/System/Cryptexes/App/usr/libexec/AuthenticationServicesAgent,/System/Volumes/Preboot/Cryptexes/App/usr/libexec/AuthenticationServicesAgent,"{
 ""MD5"": ""ca980a086d8bd1360de74aa3a4083946"",
 ""SHA1"": ""bb9d610652ebb22f852d77a51b0c998aaabcf190"",
 ""SHA256"": ""f14b4c777650adc7300df03eb912e5318b3e1c197e03f2756b086921c14a68a8""
}",REDACTED_USER,2026-09-14T05:16:39.000000401Z,8978432,false
" 67250"," 1",/usr/libexec/keychainsharingmessagingd,/usr/libexec/keychainsharingmessagingd,/usr/libexec/keychainsharingmessagingd,"{
 ""MD5"": ""cfd2ebde46c376990a8685fd02151e87"",
 ""SHA1"": ""44605c42b33b45f00b642d3fbf1fe4b39adcd816"",
 ""SHA256"": ""a1ca3a9c4d54840617799b8badfa1b01df000d633f393e1a96e944101bbd10d4""
}",REDACTED_USER,2026-09-14T05:16:39.000000897Z,4030464,false
" 67258"," 1",/System/Cryptexes/App/usr/libexec/PasswordBreachAgent,/System/Cryptexes/App/usr/libexec/PasswordBreachAgent,/System/Volumes/Preboot/Cryptexes/App/usr/libexec/PasswordBreachAgent,"{
 ""MD5"": ""6fbd168fedf98cc70098a34875cbd083"",
 ""SHA1"": ""2727a3f83b84a90a7e4f5b105771879901b4b438"",
 ""SHA256"": ""b7e4fea9c34789ff15edbc5bb67639671558effe9f8fc3383fa5e9689afa8aee""
}",REDACTED_USER,2026-09-14T05:17:39.000000579Z,5062656,false
" 67259"," 1",/System/Library/Frameworks/WebKit.framework/Versions/A/XPCServices/com.apple.WebKit.WebContent.xpc/Contents/MacOS/com.apple.WebKit.WebContent,/System/Library/Frameworks/WebKit.framework/Versions/A/XPCServices/com.apple.WebKit.WebContent.xpc/Contents/MacOS/com.apple.WebKit.WebContent,/System/Volumes/Preboot/Cryptexes/Incoming/OS/System/Library/Frameworks/WebKit.framework/Versions/A/XPCServices/com.apple.WebKit.WebContent.xpc/Contents/MacOS/com.apple.WebKit.WebContent,"{
 ""MD5"": ""49150f71d2298fd45fd8d180f8563305"",
 ""SHA1"": ""c50ee39a4e9ce9c853a7137bd2b123550d52460e"",
 ""SHA256"": ""049d5c5db2b78c8fe4290dbd6347a6b1f00f22dbf2715d4a046e8392131a9a75""
}",REDACTED_USER,2026-09-14T05:17:39.000000833Z,263684096,false
" 67260"," 1",/System/Library/Frameworks/WebKit.framework/Versions/A/XPCServices/com.apple.WebKit.WebContent.xpc/Contents/MacOS/com.apple.WebKit.WebContent,/System/Library/Frameworks/WebKit.framework/Versions/A/XPCServices/com.apple.WebKit.WebContent.xpc/Contents/MacOS/com.apple.WebKit.WebContent,/System/Volumes/Preboot/Cryptexes/Incoming/OS/System/Library/Frameworks/WebKit.framework/Versions/A/XPCServices/com.apple.WebKit.WebContent.xpc/Contents/MacOS/com.apple.WebKit.WebContent,"{
 ""MD5"": ""49150f71d2298fd45fd8d180f8563305"",
 ""SHA1"": ""c50ee39a4e9ce9c853a7137bd2b123550d52460e"",
 ""SHA256"": ""049d5c5db2b78c8fe4290dbd6347a6b1f00f22dbf2715d4a046e8392131a9a75""
}",REDACTED_USER,2026-09-14T05:17:42.000000831Z,4243456,false
" 67280"," 1",/usr/libexec/keybagd,/usr/libexec/keybagd -t 15,/usr/libexec/keybagd,"{
 ""MD5"": ""50c1480928fd4e4f766e1548c55b9c67"",
 ""SHA1"": ""35ece6b3d1d3da27a6171503ba41c39e038d97df"",
 ""SHA256"": ""6f1541ba11ee5a97d958119146fa20430dcbd0c9c3db66c021b68085c59b8bab""
}",root,2026-09-14T05:20:49.000000467Z,2703360,false
" 67288"," 1",/usr/libexec/countryd,/usr/libexec/countryd,/usr/libexec/countryd,"{
 ""MD5"": ""5aef0fb8af29da9d47b779d838c315d8"",
 ""SHA1"": ""27a6109b6361ecb8ec4fa4759408732fc2257846"",
 ""SHA256"": ""bdddf286f36004bf9ea1313da7cffcaa0cd5bd1ae53faa30f6a4e5b1678cd9e9""
}",root,2026-09-14T05:32:22.000000709Z,5046272,false
" 67289"," 1",/usr/libexec/seserviced,/usr/libexec/seserviced,/usr/libexec/seserviced,"{
 ""MD5"": ""8df036d4a7fee41df133e6d652dfec85"",
 ""SHA1"": ""9e8c0cfb2e32a680d62f65abb747acd8c1c08b40"",
 ""SHA256"": ""cb2ea0d89a4c9dc4dacc03e511217c6c09b6a66d95897d88629b0d778eac99b5""
}",REDACTED_USER,2026-09-14T05:32:22.000000925Z,4112384,false
" 67290"," 1",/usr/libexec/swtransparencyd,/usr/libexec/swtransparencyd,/usr/libexec/swtransparencyd,"{
 ""MD5"": ""edf20bdc9cc8061cd604d00342002cb7"",
 ""SHA1"": ""7e2b635ce9f607e9db6efa30a28643f5bb3a03bb"",
 ""SHA256"": ""c241b324877d2071c9ea334b416dd75c1242554e2f82e546e58099c4aae81e0d""
}",REDACTED_USER,2026-09-14T05:32:22.000000946Z,8454144,false
" 67292"," 1",/System/Library/PrivateFrameworks/MessagesBlastDoorSupport.framework/Versions/A/XPCServices/MessagesBlastDoorService.xpc/Contents/MacOS/MessagesBlastDoorService,/System/Library/PrivateFrameworks/MessagesBlastDoorSupport.framework/Versions/A/XPCServices/MessagesBlastDoorService.xpc/Contents/MacOS/MessagesBlastDoorService,/System/Library/PrivateFrameworks/MessagesBlastDoorSupport.framework/Versions/A/XPCServices/MessagesBlastDoorService.xpc/Contents/MacOS/MessagesBlastDoorService,"{
 ""MD5"": ""5c26a598b01e02852091b2ec5cfcb2da"",
 ""SHA1"": ""62e87c6a7f21d28258336ec8137ee1c07b798d46"",
 ""SHA256"": ""2582e353545e7718750ed30f1b0e650aa964f58ff66351a11ba4c13e8597bd89""
}",REDACTED_USER,2026-09-14T05:32:23.000000119Z,671744,false
" 67293"," 1",/System/Library/PrivateFrameworks/CloudTelemetry.framework/Versions/A/XPCServices/CloudTelemetryService.xpc/Contents/MacOS/CloudTelemetryService,/System/Library/PrivateFrameworks/CloudTelemetry.framework/Versions/A/XPCServices/CloudTelemetryService.xpc/Contents/MacOS/CloudTelemetryService,/System/Library/PrivateFrameworks/CloudTelemetry.framework/Versions/A/XPCServices/CloudTelemetryService.xpc/Contents/MacOS/CloudTelemetryService,"{
 ""MD5"": ""3526db4742748542a3dcea1cf62498cd"",
 ""SHA1"": ""69a01a31892f96f98406dbdc7adb016e6dbf2f14"",
 ""SHA256"": ""277394fc240fa1223508062176781273ddae770b10cfa176c06a771b941e49bc""
}",REDACTED_USER,2026-09-14T05:32:25.00000029Z,7798784,false
" 673"," 1",Core Audio Driver (MSTeamsAudioDevice.driver),Core Audio Driver (MSTeamsAudioDevice.driver),/System/Library/Frameworks/CoreAudio.framework/Versions/A/XPCServices/com.apple.audio.Core-Audio-Driver-Service.helper.xpc/Contents/MacOS/com.apple.audio.Core-Audio-Driver-Service.helper,"{
 ""MD5"": ""98e1f2b8175bbf75345ca9d11290d10f"",
 ""SHA1"": ""8a1eb9d3d35dfacc5cee3abb0d0e6063ecc1eb18"",
 ""SHA256"": ""dbf8dc83e16c480bb5a1716de2cacfba03d9d2371c48995805d77d2e75b58756""
}",_coreaudiod,2026-08-27T19:48:09.000000487Z,2965504,false
" 67300"," 1",/usr/libexec/transparencyd,/usr/libexec/transparencyd,/usr/libexec/transparencyd,"{
 ""MD5"": ""0d3b9ef963b609dd49047d908eb2ecef"",
 ""SHA1"": ""51623694e4d5ebee468f3a583b18a8029533a560"",
 ""SHA256"": ""afab22d2fab82d5826cfe61baac6291022364ce59dfed8099b7e6285ebbc5da6""
}",REDACTED_USER,2026-09-14T05:32:39.0000005Z,13467648,false
" 67301"," 1",/System/Library/PrivateFrameworks/ProtectedCloudStorage.framework/Helpers/ProtectedCloudKeySyncing,/System/Library/PrivateFrameworks/ProtectedCloudStorage.framework/Helpers/ProtectedCloudKeySyncing,/System/Library/PrivateFrameworks/ProtectedCloudStorage.framework/Helpers/ProtectedCloudKeySyncing,"{
 ""MD5"": ""f7c13b30897dd4372d6e2c64f8fc38c4"",
 ""SHA1"": ""d0ae0ac624c1344d6cf5ce39364a3c3be4975073"",
 ""SHA256"": ""6051723a87518065dceba09cc6f738292fe7bae42b1a20e5315b3f61a961f792""
}",REDACTED_USER,2026-09-14T05:32:40.000000632Z,5013504,false
" 67302"," 1",/usr/libexec/mobileactivationd,/usr/libexec/mobileactivationd,/usr/libexec/mobileactivationd,"{
 ""MD5"": ""8e5783def07708360b73815803352521"",
 ""SHA1"": ""1484be0458ff1dd62348095fb8eb486b91a61a37"",
 ""SHA256"": ""39bf1fd0f26a6471952f779542dbc9349e3013a38a4cbbd4d258ab695ed5eb4c""
}",root,2026-09-14T05:32:40.000000941Z,4685824,false
" 67303"," 1",/usr/libexec/assessmentagent,/usr/libexec/assessmentagent,/usr/libexec/assessmentagent,"{
 ""MD5"": ""8f4e72eb4288e8116022dfa6d6fffe95"",
 ""SHA1"": ""9552d208549aebc0fa097a13cf2bbf2c71b7a45b"",
 ""SHA256"": ""acb9b8b2533a5d0d4ed85f5520538a37883794312313c2b97fc7782f246b60d4""
}",REDACTED_USER,2026-09-14T05:32:41.00000062Z,4587520,false
" 67304"," 1",/usr/libexec/feedbackd,/usr/libexec/feedbackd,/usr/libexec/feedbackd,"{
 ""MD5"": ""684b3742e0a26abe4e3aecc7b2b8c027"",
 ""SHA1"": ""f27fb3af89c6b6a196be985e645da88c600fcea4"",
 ""SHA256"": ""c6d9ad4d5ba7aa4080d7a66c0d2736c170ca44b3a27370e2305b8f8ded6320f0""
}",REDACTED_USER,2026-09-14T05:32:42.000000629Z,5308416,false
" 67309"," 1",/System/Library/Frameworks/FinderSync.framework/Versions/A/XPCServices/IsExtensionEnabled.xpc/Contents/MacOS/IsExtensionEnabled,/System/Library/Frameworks/FinderSync.framework/Versions/A/XPCServices/IsExtensionEnabled.xpc/Contents/MacOS/IsExtensionEnabled,/System/Library/Frameworks/FinderSync.framework/Versions/A/XPCServices/IsExtensionEnabled.xpc/Contents/MacOS/IsExtensionEnabled,"{
 ""MD5"": ""81aa4bd843972e642fd47eb2766bb91c"",
 ""SHA1"": ""ad7f903687fb17d31491afd886f33c3adb707833"",
 ""SHA256"": ""afc6fdb30f887add79019bf8926520258215c1b85023a7bfad733a7276b5616a""
}",REDACTED_USER,2026-09-14T05:35:18.000000091Z,16285696,false
" 67311"," 1",/System/Library/PrivateFrameworks/CloudSubscriptionFeatures.framework/FeatureAccessAgent,/System/Library/PrivateFrameworks/CloudSubscriptionFeatures.framework/FeatureAccessAgent,/System/Library/PrivateFrameworks/CloudSubscriptionFeatures.framework/FeatureAccessAgent,"{
 ""MD5"": ""e9fdd49b8200d7af2f0ca4f8d7ac3d00"",
 ""SHA1"": ""0cb4e0389dacc69c70713e45cda18cbdc31ddf44"",
 ""SHA256"": ""1488c5a946a7fc80873cdaab26b22b51c8736762645dd2e950795cce321d5392""
}",REDACTED_USER,2026-09-14T05:35:37.000000288Z,6455296,false
" 67329"," 1",/System/Library/CoreServices/ReportCrash,/System/Library/CoreServices/ReportCrash agent,/System/Library/CoreServices/ReportCrash,"{
 ""MD5"": ""07b96051f9542b6c4008c9e3a9e8a8df"",
 ""SHA1"": ""60e424d30d7e153890e25fc61820e537901c9806"",
 ""SHA256"": ""7fa814d53509ae5dd32e302cb805ddad7cc2893fee222cdec596492ad35cbda5""
}",REDACTED_USER,2026-09-14T05:37:28.000000785Z,2818048,false
" 67331"," 1",/System/Library/PrivateFrameworks/CoreSymbolication.framework/coresymbolicationd,/System/Library/PrivateFrameworks/CoreSymbolication.framework/coresymbolicationd,/System/Library/PrivateFrameworks/CoreSymbolication.framework/coresymbolicationd,"{
 ""MD5"": ""e03f8c9f55bb3bb292ab9f1c6aa4de30"",
 ""SHA1"": ""d5a2e8db9d532ea5a04043749116f9d1fa08a2ea"",
 ""SHA256"": ""7a0275f7fbd125155af9ef589c060928c5bd2582e49987a342245198c36b084d""
}",root,2026-09-14T05:37:29.000000305Z,1867776,false
" 67352"," 1",/System/Library/PrivateFrameworks/IntelligencePlatformCore.framework/Versions/A/intelligenceplatformd,/System/Library/PrivateFrameworks/IntelligencePlatformCore.framework/Versions/A/intelligenceplatformd,/System/Library/PrivateFrameworks/IntelligencePlatformCore.framework/Versions/A/intelligenceplatformd,"{
 ""MD5"": ""62a6a4797139310b5666e65fdf49f117"",
 ""SHA1"": ""be2db5b47a2f2af9407965f43f4bef70dd2052c8"",
 ""SHA256"": ""c2e1284c232ba5cd56a3bfbbf11a520cae9819e15cb20aebdc1fe4a0a5fbf40d""
}",REDACTED_USER,2026-09-14T05:42:42.000000065Z,6782976,false
" 67366"," 1",/System/Library/PrivateFrameworks/CascadeSets.framework/Versions/A/XPCServices/SetStoreUpdateService.xpc/Contents/MacOS/SetStoreUpdateService,/System/Library/PrivateFrameworks/CascadeSets.framework/Versions/A/XPCServices/SetStoreUpdateService.xpc/Contents/MacOS/SetStoreUpdateService,/System/Library/PrivateFrameworks/CascadeSets.framework/Versions/A/XPCServices/SetStoreUpdateService.xpc/Contents/MacOS/SetStoreUpdateService,"{
 ""MD5"": ""f4286af943b691bc1685c516c2b9d21b"",
 ""SHA1"": ""a204ae843b1e9caa65085c72ca35c0d5b82af739"",
 ""SHA256"": ""4d0c248f2b5008ae8fd05093a184082e623416171347d76b36666772509f8063""
}",REDACTED_USER,2026-09-14T05:44:00.000000884Z,9060352,false
" 67367"," 1",/System/Library/CoreServices/liquiddetectiond.app/liquiddetectiond,/System/Library/CoreServices/liquiddetectiond.app/liquiddetectiond,/System/Library/CoreServices/liquiddetectiond.app/liquiddetectiond,"{
 ""MD5"": ""41ecc2c1286b593e65019cfe51a1a096"",
 ""SHA1"": ""6fcf514320aa6c186a3e25fb6c321a3d833d2f01"",
 ""SHA256"": ""f4ad2d2127a6010b533010d94882378d91e4982f6a51bbf128c1f6095748dd19""
}",root,2026-09-14T05:44:35.00000012Z,2195456,false
" 67369"," 1",/usr/libexec/frauddefensed,/usr/libexec/frauddefensed,/usr/libexec/frauddefensed,"{
 ""MD5"": ""0daf3c6aeda182e65f971835c5e1c729"",
 ""SHA1"": ""f746788c5605a79bd6a4141e9f9726d39a4c57ad"",
 ""SHA256"": ""984d3d5a5436afc4d750d10a7a68a7efc064dbaf97500ef1c7c6b611f5c50187""
}",REDACTED_USER,2026-09-14T05:44:50.000000685Z,12632064,false
" 67440"," 1",/System/Library/PrivateFrameworks/AOSKit.framework/Versions/A/XPCServices/com.apple.iCloudHelper.xpc/Contents/MacOS/com.apple.iCloudHelper,/System/Library/PrivateFrameworks/AOSKit.framework/Versions/A/XPCServices/com.apple.iCloudHelper.xpc/Contents/MacOS/com.apple.iCloudHelper,/System/Library/PrivateFrameworks/AOSKit.framework/Versions/A/XPCServices/com.apple.iCloudHelper.xpc/Contents/MacOS/com.apple.iCloudHelper,"{
 ""MD5"": ""baf1d913b19e30931fe99051f927313e"",
 ""SHA1"": ""3576e92410178366c34285c1dbb4296b884e3ae3"",
 ""SHA256"": ""9f902a2bf8700ad430688e4313649eaba4259f85f70ec475c10110ecdda951ca""
}",REDACTED_USER,2026-09-14T05:57:20.000000191Z,5259264,false
" 67448"," 1",/System/Library/Frameworks/CoreServices.framework/Versions/A/Frameworks/Metadata.framework/Versions/A/Support/mdworker_shared,/System/Library/Frameworks/CoreServices.framework/Versions/A/Frameworks/Metadata.framework/Versions/A/Support/mdworker_shared -s mdworker -c MDSImporterWorker -m com.apple.mdworker.shared,/System/Library/Frameworks/CoreServices.framework/Versions/A/Frameworks/Metadata.framework/Versions/A/Support/mdworker_shared,"{
 ""MD5"": ""a7d5c9be831f3931a6a14cef0accbd28"",
 ""SHA1"": ""19ca6c856d80cfc6b83800c821b3129f40b135c7"",
 ""SHA256"": ""136013efa46b151fb7910b6aa2cef99af168d7968764218b2d8e01ed63cd3935""
}",REDACTED_USER,2026-09-14T05:58:30.000000811Z,15171584,false
" 67449"," 1",/System/Library/Frameworks/CoreServices.framework/Versions/A/Frameworks/Metadata.framework/Versions/A/Support/mdworker_shared,/System/Library/Frameworks/CoreServices.framework/Versions/A/Frameworks/Metadata.framework/Versions/A/Support/mdworker_shared -s mdworker -c MDSImporterWorker -m com.apple.mdworker.shared,/System/Library/Frameworks/CoreServices.framework/Versions/A/Frameworks/Metadata.framework/Versions/A/Support/mdworker_shared,"{
 ""MD5"": ""a7d5c9be831f3931a6a14cef0accbd28"",
 ""SHA1"": ""19ca6c856d80cfc6b83800c821b3129f40b135c7"",
 ""SHA256"": ""136013efa46b151fb7910b6aa2cef99af168d7968764218b2d8e01ed63cd3935""
}",REDACTED_USER,2026-09-14T05:58:30.000000816Z,12943360,false
" 676"," 1",/usr/libexec/audiomxd,/usr/libexec/audiomxd,/usr/libexec/audiomxd,"{
 ""MD5"": ""a8efacce22b29a7d12cfedca770e853d"",
 ""SHA1"": ""48c4078105b1f434817cf85423247762be633721"",
 ""SHA256"": ""9262670df1da84e8452a7b53f78face376cd350f7b08ac85f30c4acefa3775b8""
}",_audiomxd,2026-08-27T19:48:09.000000528Z,3719168,false
" 684"," 1",/usr/libexec/audioclocksyncd,/usr/libexec/audioclocksyncd,/usr/libexec/audioclocksyncd,"{
 ""MD5"": ""ca38d1e3cb4a93303fbda0d623cc23f1"",
 ""SHA1"": ""17ae9ad697b32030b578ac1eab129392572e625f"",
 ""SHA256"": ""8f524d3af7a7192f4efa3ca18cd23ab1b098ccf7d0b290530a60c9b8cb5c6717""
}",root,2026-08-27T19:48:09.000000778Z,2572288,false
" 686"," 1",/usr/sbin/distnoted,/usr/sbin/distnoted agent,/usr/sbin/distnoted,"{
 ""MD5"": ""bdfc6332efdc373bbcfcff26b1c5acad"",
 ""SHA1"": ""5c76ffa37daee4590c126b8790ac737bd4ed0304"",
 ""SHA256"": ""1fcd1f4a6cbf830b92aef1866a250a0887a4b9706233868bc9e3a1c770f6abc1""
}",_cmiodalassistants,2026-08-27T19:48:09.000000808Z,1556480,false
" 690"," 1",/usr/libexec/com.apple.cmio.videodriverkithostextension.systemextension/Contents/MacOS/com.apple.cmio.videodriverkithostextension,/usr/libexec/com.apple.cmio.videodriverkithostextension.systemextension/Contents/MacOS/com.apple.cmio.videodriverkithostextension,/usr/libexec/com.apple.cmio.videodriverkithostextension.systemextension/Contents/MacOS/com.apple.cmio.videodriverkithostextension,"{
 ""MD5"": ""d0550d5f84ca26ce78b187d4852db386"",
 ""SHA1"": ""dc7e53059d4e330456b31f5b4c7fa9b574b4663f"",
 ""SHA256"": ""27f805acdaa316b84d77057b139c27ee905f0a6ee7ece42c6ec83f349bd59c56""
}",_cmiodalassistants,2026-08-27T19:48:09.000000918Z,2736128,false
" 691"," 1",/usr/sbin/appleh13camerad,/usr/sbin/appleh13camerad,/usr/sbin/appleh13camerad,"{
 ""MD5"": ""215839d7b6161d3dd6ef905f9a74cf6f"",
 ""SHA1"": ""4836a9ff96a65f09942e053e954c1a01d72a5c38"",
 ""SHA256"": ""724b63d71b8522223c270cc26d679c5286cf5178aa421fc0aa36a3057f082a5f""
}",_cmiodalassistants,2026-08-27T19:48:09.000000924Z,4440064,false
" 692"," 1",/System/Library/DriverExtensions/com.apple.DriverKit-AppleBCMWLAN.dext/com.apple.DriverKit-AppleBCMWLAN,/System/Library/DriverExtensions/com.apple.DriverKit-AppleBCMWLAN.dext/com.apple.DriverKit-AppleBCMWLAN com.apple.bcmwlan 0x100000cb2 com.apple.DriverKit-AppleBCMWLAN,/System/Library/DriverExtensions/com.apple.DriverKit-AppleBCMWLAN.dext/com.apple.DriverKit-AppleBCMWLAN,"{
 ""MD5"": ""cf5caf69962e1b8f9df002be71e1b1c9"",
 ""SHA1"": ""519061646151b1d08d4380039a6d5bfd6d9d8a2c"",
 ""SHA256"": ""f3c1821216ef041784cb6d712cf53b7cdd8d9b4740fbcec36ae5540a7e366af1""
}",_driverkit,2026-08-27T19:48:09.000000926Z,41385984,false
" 694"," 1",/System/Library/DriverExtensions/com.apple.DriverKit-IOUserDockChannelSerial.dext/com.apple.DriverKit-IOUserDockChannelSerial,/System/Library/DriverExtensions/com.apple.DriverKit-IOUserDockChannelSerial.dext/com.apple.DriverKit-IOUserDockChannelSerial com.apple.IOUserDockChannelSerial 0x100000deb com.apple.DriverKit-IOUserDockChannelSerial,/System/Library/DriverExtensions/com.apple.DriverKit-IOUserDockChannelSerial.dext/com.apple.DriverKit-IOUserDockChannelSerial,"{
 ""MD5"": ""2a4aebbb1d8dc79e94ba6013ae9bc3bc"",
 ""SHA1"": ""13e1ed800cdacec08c3e2f667e4a11e016a04bc9"",
 ""SHA256"": ""24a2c759c4acf97093e3d9e501468dc6debb112f7104a702d6a025ecff5af8b4""
}",_driverkit,2026-08-27T19:48:09.000000961Z,688128,false
" 696"," 1",/System/Library/DriverExtensions/com.apple.AppleUserHIDDrivers.dext/com.apple.AppleUserHIDDrivers,/System/Library/DriverExtensions/com.apple.AppleUserHIDDrivers.dext/com.apple.AppleUserHIDDrivers com.apple.driverkit.AppleUserHIDDrivers 0x100000dfc com.apple.AppleUserHIDDrivers,/System/Library/DriverExtensions/com.apple.AppleUserHIDDrivers.dext/com.apple.AppleUserHIDDrivers,"{
 ""MD5"": ""7226eb5f6181803524f6b927b8ab3ebe"",
 ""SHA1"": ""c0eb216f9cba1de7dccfa8ffcb0be41a8cab8276"",
 ""SHA256"": ""d6bfdccb667d9c78f23eb14375d25d3d163060ab2c412962e78c7197e9ea5765""
}",_driverkit,2026-08-27T19:48:09.000000974Z,1097728,false
" 705"," 1",Core Audio Driver (ParrotAudioPlugin.driver),Core Audio Driver (ParrotAudioPlugin.driver),/System/Library/Frameworks/CoreAudio.framework/Versions/A/XPCServices/com.apple.audio.Core-Audio-Driver-Service.helper.xpc/Contents/MacOS/com.apple.audio.Core-Audio-Driver-Service.helper,"{
 ""MD5"": ""98e1f2b8175bbf75345ca9d11290d10f"",
 ""SHA1"": ""8a1eb9d3d35dfacc5cee3abb0d0e6063ecc1eb18"",
 ""SHA256"": ""dbf8dc83e16c480bb5a1716de2cacfba03d9d2371c48995805d77d2e75b58756""
}",_coreaudiod,2026-08-27T19:48:10.000000119Z,1769472,false
" 709"," 1",/System/Library/CoreServices/Software Update.app/Contents/Resources/suhelperd,/System/Library/CoreServices/Software Update.app/Contents/Resources/suhelperd,/System/Library/CoreServices/Software Update.app/Contents/Resources/suhelperd,"{
 ""MD5"": ""7589967e8d8dd6fdadfa56586092763e"",
 ""SHA1"": ""95d6f66b42bf552ef51867c03a454d84c8408ebe"",
 ""SHA256"": ""6fe400be89b01c559118d2e81d7b34783f5515d58ec03e19a8b41c82a35cd01e""
}",root,2026-08-27T19:48:10.000000174Z,3391488,false
" 711"," 1",/usr/sbin/distnoted,/usr/sbin/distnoted agent,/usr/sbin/distnoted,"{
 ""MD5"": ""bdfc6332efdc373bbcfcff26b1c5acad"",
 ""SHA1"": ""5c76ffa37daee4590c126b8790ac737bd4ed0304"",
 ""SHA256"": ""1fcd1f4a6cbf830b92aef1866a250a0887a4b9706233868bc9e3a1c770f6abc1""
}",_softwareupdate,2026-08-27T19:48:10.000000182Z,1540096,false
" 719"," 1",/usr/sbin/distnoted,/usr/sbin/distnoted agent,/usr/sbin/distnoted,"{
 ""MD5"": ""bdfc6332efdc373bbcfcff26b1c5acad"",
 ""SHA1"": ""5c76ffa37daee4590c126b8790ac737bd4ed0304"",
 ""SHA256"": ""1fcd1f4a6cbf830b92aef1866a250a0887a4b9706233868bc9e3a1c770f6abc1""
}",_audiomxd,2026-08-27T19:48:10.000000586Z,1523712,false
" 7302"," 1",/System/Library/CoreServices/UserNotificationCenter.app/Contents/MacOS/UserNotificationCenter,/System/Library/CoreServices/UserNotificationCenter.app/Contents/MacOS/UserNotificationCenter,/System/Library/CoreServices/UserNotificationCenter.app/Contents/MacOS/UserNotificationCenter,"{
 ""MD5"": ""f8c2ba19b241e75171b4cba15d6ba10e"",
 ""SHA1"": ""6d8e1b2843749a4227fcdc86afc49b2d8c125086"",
 ""SHA256"": ""82427449c2af145da032894b1c38bc73aae66ae3309ee9a0eb07995cf97b6bf5""
}",REDACTED_USER,2026-08-29T08:23:16.000000787Z,5849088,false
" 733"," 1",/usr/libexec/searchpartyd,/usr/libexec/searchpartyd,/usr/libexec/searchpartyd,"{
 ""MD5"": ""8efdc9dabc781eda469cd3b442afd687"",
 ""SHA1"": ""f9737954ef02a867a3002ee46a2a2180fd7e5f47"",
 ""SHA256"": ""6ac73df1f5a2b1c2f1e2632e8fe5790025c8d082c23cd2e1e57e1daca545740c""
}",root,2026-08-27T19:48:11.000000438Z,5439488,false
" 741"," 1",/usr/sbin/distnoted,/usr/sbin/distnoted agent,/usr/sbin/distnoted,"{
 ""MD5"": ""bdfc6332efdc373bbcfcff26b1c5acad"",
 ""SHA1"": ""5c76ffa37daee4590c126b8790ac737bd4ed0304"",
 ""SHA256"": ""1fcd1f4a6cbf830b92aef1866a250a0887a4b9706233868bc9e3a1c770f6abc1""
}",_accessoryupdater,2026-08-27T19:48:13.000000378Z,1540096,false
" 751"," 537",/usr/sbin/systemstats,/usr/sbin/systemstats --logger-helper /private/var/db/systemstats,/usr/sbin/systemstats,"{
 ""MD5"": ""679cc498c077bc5e449da696cb0307cb"",
 ""SHA1"": ""e8adf760d016fd9aac8d88bdd468f796f98236f6"",
 ""SHA256"": ""d45e873be9e5516f8433f71cba4200ebfae063fe144ea8a35bc632bb720658d0""
}",root,2026-08-27T19:48:14.00000063Z,2277376,false
" 775"," 1",/usr/libexec/cameracaptured,/usr/libexec/cameracaptured,/usr/libexec/cameracaptured,"{
 ""MD5"": ""f76cb2a99a5b079d72d85090455cd2e2"",
 ""SHA1"": ""a72fa75ec0a04f4283898dcb114cb4fe542c906c"",
 ""SHA256"": ""addb71c63c1b5b85cafe1acceb3eca19075bac3f9dab2c7a12e39c09cb2e8dd9""
}",_cmiodalassistants,2026-08-27T19:48:19.000000968Z,2654208,false
" 777"," 1",/System/Library/Frameworks/CoreMediaIO.framework/Versions/A/Resources/UVCAssistant.systemextension/Contents/MacOS/UVCAssistant,/System/Library/Frameworks/CoreMediaIO.framework/Versions/A/Resources/UVCAssistant.systemextension/Contents/MacOS/UVCAssistant,/System/Library/Frameworks/CoreMediaIO.framework/Versions/A/Resources/UVCAssistant.systemextension/Contents/MacOS/UVCAssistant,"{
 ""MD5"": ""0a73f8794dbf5099a0faec9af8884268"",
 ""SHA1"": ""e0278a66630d51adab1bc3debe2469f8893d443e"",
 ""SHA256"": ""ed1b8a8f9900f4beeaa71104ad78aff44ba258b76bb0c9611a253d25f8bb691d""
}",_cmiodalassistants,2026-08-27T19:48:19.000000977Z,2998272,false
" 785"," 1",/usr/sbin/distnoted,/usr/sbin/distnoted agent,/usr/sbin/distnoted,"{
 ""MD5"": ""bdfc6332efdc373bbcfcff26b1c5acad"",
 ""SHA1"": ""5c76ffa37daee4590c126b8790ac737bd4ed0304"",
 ""SHA256"": ""1fcd1f4a6cbf830b92aef1866a250a0887a4b9706233868bc9e3a1c770f6abc1""
}",_locationd,2026-08-27T19:48:19.000000984Z,1556480,false
" 807"," 1",/System/Library/CoreServices/appleeventsd,/System/Library/CoreServices/appleeventsd --server,/System/Library/CoreServices/appleeventsd,"{
 ""MD5"": ""6ba6f66d7db069b09a095cd75a918f06"",
 ""SHA1"": ""78b153ca3c77af61cacb5c8e40e19822acb8b56e"",
 ""SHA256"": ""7a4bf711efb1b40c18e322238d7372b851515683466a7ca44ec92e41a0ba5e6a""
}",_appleevents,2026-08-27T19:48:20.000000055Z,2621440,false
" 836"," 1",/usr/sbin/distnoted,/usr/sbin/distnoted agent,/usr/sbin/distnoted,"{
 ""MD5"": ""bdfc6332efdc373bbcfcff26b1c5acad"",
 ""SHA1"": ""5c76ffa37daee4590c126b8790ac737bd4ed0304"",
 ""SHA256"": ""1fcd1f4a6cbf830b92aef1866a250a0887a4b9706233868bc9e3a1c770f6abc1""
}",_nsurlsessiond,2026-08-27T19:48:20.000000584Z,1556480,false
" 837"," 1",/System/Library/Frameworks/CoreServices.framework/Versions/A/Frameworks/Metadata.framework/Versions/A/Support/mds_stores,/System/Library/Frameworks/CoreServices.framework/Versions/A/Frameworks/Metadata.framework/Versions/A/Support/mds_stores,/System/Library/Frameworks/CoreServices.framework/Versions/A/Frameworks/Metadata.framework/Versions/A/Support/mds_stores,"{
 ""MD5"": ""041a0f3501492263a1442103252ff0a4"",
 ""SHA1"": ""c5f28e043a616336223c1578dc78a68bb219e03e"",
 ""SHA256"": ""11476cdf0a7a009eade618cd218c028f94658d1a8e511e19e064a4eebf68fbe5""
}",_mds_stores,2026-08-27T19:48:20.000000595Z,27082752,false
" 892"," 1",/usr/sbin/distnoted,/usr/sbin/distnoted agent,/usr/sbin/distnoted,"{
 ""MD5"": ""bdfc6332efdc373bbcfcff26b1c5acad"",
 ""SHA1"": ""5c76ffa37daee4590c126b8790ac737bd4ed0304"",
 ""SHA256"": ""1fcd1f4a6cbf830b92aef1866a250a0887a4b9706233868bc9e3a1c770f6abc1""
}",_spotlight,2026-08-27T19:48:21.000000092Z,1622016,false
" 896"," 1",/usr/sbin/distnoted,/usr/sbin/distnoted agent,/usr/sbin/distnoted,"{
 ""MD5"": ""bdfc6332efdc373bbcfcff26b1c5acad"",
 ""SHA1"": ""5c76ffa37daee4590c126b8790ac737bd4ed0304"",
 ""SHA256"": ""1fcd1f4a6cbf830b92aef1866a250a0887a4b9706233868bc9e3a1c770f6abc1""
}",REDACTED_USER,2026-08-27T19:48:21.000000392Z,3719168,false
" 904"," 1",/usr/libexec/rosetta/oahd,/usr/libexec/rosetta/oahd,/usr/libexec/rosetta/oahd,"{
 ""MD5"": ""f078d09b114f38e66992fba72b3498ef"",
 ""SHA1"": ""74297d3577bf8a5565ab15483788f43cd49eab23"",
 ""SHA256"": ""5042bb4897888ca5ae55799aada91c51960f9d20fef02be8b87ce9be7937197c""
}",_oahd,2026-08-27T19:48:21.000000634Z,1114112,false
" 911"," 1",/System/Library/DriverExtensions/IOUserBluetoothSerialDriver.dext/IOUserBluetoothSerialDriver,/System/Library/DriverExtensions/IOUserBluetoothSerialDriver.dext/IOUserBluetoothSerialDriver com.apple.IOUserBluetoothSerialDriver 0x100000f7f com.apple.IOUserBluetoothSerialDriver,/System/Library/DriverExtensions/IOUserBluetoothSerialDriver.dext/IOUserBluetoothSerialDriver,"{
 ""MD5"": ""64574c76bb10551095db30b167028ca4"",
 ""SHA1"": ""e6b08ed5780590f717b13e89ea060d053b5ce919"",
 ""SHA256"": ""23c611fac29ea18be3b9f138c240115291a425fd690a9e14ccbce6677cd4cd20""
}",_driverkit,2026-08-27T19:48:21.00000078Z,688128,false
" 912"," 1",/System/Library/DriverExtensions/IOUserBluetoothSerialDriver.dext/IOUserBluetoothSerialDriver,/System/Library/DriverExtensions/IOUserBluetoothSerialDriver.dext/IOUserBluetoothSerialDriver com.apple.IOUserBluetoothSerialDriver 0x100000f81 com.apple.IOUserBluetoothSerialDriver,/System/Library/DriverExtensions/IOUserBluetoothSerialDriver.dext/IOUserBluetoothSerialDriver,"{
 ""MD5"": ""64574c76bb10551095db30b167028ca4"",
 ""SHA1"": ""e6b08ed5780590f717b13e89ea060d053b5ce919"",
 ""SHA256"": ""23c611fac29ea18be3b9f138c240115291a425fd690a9e14ccbce6677cd4cd20""
}",_driverkit,2026-08-27T19:48:21.000000791Z,704512,false
" 913"," 1",/System/Library/DriverExtensions/IOUserBluetoothSerialDriver.dext/IOUserBluetoothSerialDriver,/System/Library/DriverExtensions/IOUserBluetoothSerialDriver.dext/IOUserBluetoothSerialDriver com.apple.IOUserBluetoothSerialDriver 0x100000f83 com.apple.IOUserBluetoothSerialDriver,/System/Library/DriverExtensions/IOUserBluetoothSerialDriver.dext/IOUserBluetoothSerialDriver,"{
 ""MD5"": ""64574c76bb10551095db30b167028ca4"",
 ""SHA1"": ""e6b08ed5780590f717b13e89ea060d053b5ce919"",
 ""SHA256"": ""23c611fac29ea18be3b9f138c240115291a425fd690a9e14ccbce6677cd4cd20""
}",_driverkit,2026-08-27T19:48:21.000000802Z,704512,false
" 927"," 1",/usr/libexec/gamepolicyd,/usr/libexec/gamepolicyd,/usr/libexec/gamepolicyd,"{
 ""MD5"": ""e5eac5a25b4f801985cb6265ba9f764e"",
 ""SHA1"": ""4d6908607de75524035b335e03c8368f91078ac6"",
 ""SHA256"": ""c6a5efce2ec90d2ad96f91c2de438924b125dd9cf3a4c3b4c325fe7358d42814""
}",root,2026-08-27T19:48:22.000000364Z,8830976,false
" 942"," 1",/System/Library/Frameworks/LocalAuthentication.framework/Support/coreauthd,/System/Library/Frameworks/LocalAuthentication.framework/Support/coreauthd,/System/Library/Frameworks/LocalAuthentication.framework/Support/coreauthd,"{
 ""MD5"": ""62da1f308883ed16d5f19ab4c029aff9"",
 ""SHA1"": ""02c7d0bb05aee4dfa59c2b8ac6d5053af17fdd95"",
 ""SHA256"": ""81a1073c4e928c4eb9fd968a1872c941a2b12c3e5e61f0fb6469e188cdcc9162""
}",root,2026-08-27T19:48:22.000000807Z,5357568,false
" 953"," 1",/usr/libexec/secd,/usr/libexec/secd,/usr/libexec/secd,"{
 ""MD5"": ""6f8ce2c858cbbeb55b725e8f9d8a3937"",
 ""SHA1"": ""57bdde808f0d180ca6a0e3dfb2ab9d4db3fd4e95"",
 ""SHA256"": ""5b60ac88c3b1ad47efc37606dbd0cf4b46a3040c4d701edc7cc8708820a7fd75""
}",REDACTED_USER,2026-08-27T19:48:23.000000521Z,7913472,false
" 973"," 1",/usr/libexec/UserEventAgent,/usr/libexec/UserEventAgent (Aqua),/usr/libexec/UserEventAgent,"{
 ""MD5"": ""332e02b2edf69aa301ca8ae5e9f30b0c"",
 ""SHA1"": ""645a45b24d9b9fe52161b0d8b3bc6445e5742e20"",
 ""SHA256"": ""c07598cce87ff688aeb358aa36bf721357459743d9a3b26f83ef020bcf4c5c83""
}",REDACTED_USER,2026-08-27T19:48:27.000000512Z,9256960,false
" 9751"," 1",/System/Library/PrivateFrameworks/ScreenTimeCore.framework/Versions/A/ScreenTimeAgent,/System/Library/PrivateFrameworks/ScreenTimeCore.framework/Versions/A/ScreenTimeAgent,/System/Library/PrivateFrameworks/ScreenTimeCore.framework/Versions/A/ScreenTimeAgent,"{
 ""MD5"": ""69dd7bfca51f3db04d13282888b027cd"",
 ""SHA1"": ""099a25a3609b66f1bf3617279d44813ab63cdbdb"",
 ""SHA256"": ""9dc2153293fadbd6df4544fe9f81c7453bdcc40a03a42097708aac4d135d1b31""
}",REDACTED_USER,2026-08-29T18:30:19.000000193Z,9420800,false
" 976"," 1",/System/Library/CoreServices/WindowManager.app/Contents/MacOS/WindowManager,/System/Library/CoreServices/WindowManager.app/Contents/MacOS/WindowManager,/System/Library/CoreServices/WindowManager.app/Contents/MacOS/WindowManager,"{
 ""MD5"": ""22ddb68eb60414366c326411557a0e9f"",
 ""SHA1"": ""b780f83453eb855b68e5a4af7da6bf899510f040"",
 ""SHA256"": ""58340cf77ec4eac1c58157695b56c31553b40f7e8644cd716a035d19a7a08bf8""
}",REDACTED_USER,2026-08-27T19:48:27.000000536Z,16646144,false
" 979"," 1",/System/Library/Frameworks/Accounts.framework/Versions/A/Support/accountsd,/System/Library/Frameworks/Accounts.framework/Versions/A/Support/accountsd,/System/Library/Frameworks/Accounts.framework/Versions/A/Support/accountsd,"{
 ""MD5"": ""b590bfe77d2ec9013c72731df1b72d81"",
 ""SHA1"": ""5b0d607fcec65b058deb9aa2e34f96e02ab7a9a2"",
 ""SHA256"": ""6f4369f5f62a1636ca948a70981a2a7e47b4a6593a5cfa4c811f71a024ddcde7""
}",REDACTED_USER,2026-08-27T19:48:27.000000552Z,8716288,false
" 981"," 1",/usr/sbin/universalaccessd,/usr/sbin/universalaccessd launchd -s,/usr/sbin/universalaccessd,"{
 ""MD5"": ""5d3d1f997e20d84a0059c151991df265"",
 ""SHA1"": ""45c2e85f945656e5b8313f5ed5f3460e911ff954"",
 ""SHA256"": ""67a6e3a0304e956a9ec7275575c77b784eb015b9075f9f96eed14d407d9dacdd""
}",REDACTED_USER,2026-08-27T19:48:27.000000565Z,6275072,false
" 983"," 1",/usr/libexec/pboard,/usr/libexec/pboard,/usr/libexec/pboard,"{
 ""MD5"": ""a764bbe083ed05e61225be89e1e661aa"",
 ""SHA1"": ""a690878076ee996eaca70fc69daf76d76ab7010e"",
 ""SHA256"": ""715eb3315141b767d77d90565703edc87e83a8c7b581edde9022c20cf1d06f8e""
}",REDACTED_USER,2026-08-27T19:48:27.000000604Z,7946240,false
" 985"," 1",/System/Library/PrivateFrameworks/BiomeStreams.framework/Support/BiomeAgent,/System/Library/PrivateFrameworks/BiomeStreams.framework/Support/BiomeAgent,/System/Library/PrivateFrameworks/BiomeStreams.framework/Support/BiomeAgent,"{
 ""MD5"": ""fde087158afa8057b0fca1bcf276bcdc"",
 ""SHA1"": ""3462b53e5a5ebe0d7b6fb9318bc220beb53d1a32"",
 ""SHA256"": ""930e1c1e9d8bbe7e549e75b536f9ff53750c4f6e8d17eb882758fdafb316ebfd""
}",REDACTED_USER,2026-08-27T19:48:27.000000645Z,11632640,false
" 986"," 1",/usr/libexec/containermanagerd,/usr/libexec/containermanagerd --runmode=agent --user-container-mode=current --bundle-container-mode=proxy --system-container-mode=none,/usr/libexec/containermanagerd,"{
 ""MD5"": ""4fc15484156d4f286c24432b8d36fe53"",
 ""SHA1"": ""a5fe19a8ba7b6013ebd436bdd57ff0aa24a3f83c"",
 ""SHA256"": ""15600d88b5a1e03a532b8f554a88367cc20f3ec7d0ef9eaf9ae7cc57fe97652e""
}",REDACTED_USER,2026-08-27T19:48:27.000000649Z,5242880,false
" 987"," 1",/usr/libexec/lsd,/usr/libexec/lsd,/usr/libexec/lsd,"{
 ""MD5"": ""9bbbc22d26e014e0947658cefba067a1"",
 ""SHA1"": ""dafe4f666b938affcca20e7276217ff03e91b9e0"",
 ""SHA256"": ""0a29d597019c5f3368063f9401e4ecdac60012d44e00bbc17d0ce0cca7c6262a""
}",REDACTED_USER,2026-08-27T19:48:27.000000657Z,8241152,false
" 9882"," 1",/System/Library/PrivateFrameworks/SocialLayer.framework/sociallayerd.app/Contents/MacOS/sociallayerd,/System/Library/PrivateFrameworks/SocialLayer.framework/sociallayerd.app/Contents/MacOS/sociallayerd,/System/Library/PrivateFrameworks/SocialLayer.framework/sociallayerd.app/Contents/MacOS/sociallayerd,"{
 ""MD5"": ""2590e72218127c0a159f3cbe6c60755d"",
 ""SHA1"": ""d128c22b2697b0c4d84dda5dd0df89c1016f4dfa"",
 ""SHA256"": ""bf39b84ae5d3fa49f00c17543f997256cb5d035fa89a3c69289cc2ed271674fe""
}",REDACTED_USER,2026-08-29T18:49:38.000000315Z,4440064,false
" 992"," 1",/usr/libexec/nsurlsessiond,/usr/libexec/nsurlsessiond,/usr/libexec/nsurlsessiond,"{
 ""MD5"": ""76a9652d24f8e9d7690120f5bd4c9359"",
 ""SHA1"": ""e9b9d4c24e6314c53675c6776580d56fad9a60e1"",
 ""SHA256"": ""f785b136923ab4f1bb818f3032c6b5c4e84e22737a8702a8ed7f63161f6d9aca""
}",REDACTED_USER,2026-08-27T19:48:27.000000803Z,13090816,false
" 994"," 1",/usr/libexec/rapportd,/usr/libexec/rapportd,/usr/libexec/rapportd,"{
 ""MD5"": ""b8084a3714d6effe787191bab4b176a2"",
 ""SHA1"": ""d4db75f3c681dfb262b24277db3123738456cff1"",
 ""SHA256"": ""d780dd360f255e9a1a675c941f9c1122c051ab10b9c196c86a85153150f7e320""
}",REDACTED_USER,2026-08-27T19:48:27.000000813Z,10485760,false
" 995"," 1",/usr/sbin/usernoted,/usr/sbin/usernoted,/usr/sbin/usernoted,"{
 ""MD5"": ""3909648bfb9f88c979198014aed59c7e"",
 ""SHA1"": ""9d28a9315bca2a111782ca447fb88992c99c86c1"",
 ""SHA256"": ""398b69236d94d01d62efdd3be142b35629292b1fe950e4d5168a94ce8c7ef8b0""
}",REDACTED_USER,2026-08-27T19:48:27.000000819Z,9322496,false
" 997"," 1",/System/Library/CoreServices/lockoutagent,/System/Library/CoreServices/lockoutagent,/System/Library/CoreServices/lockoutagent,"{
 ""MD5"": ""26e3bd99f45732b33134b5b9acd51e0d"",
 ""SHA1"": ""5056c602bd9e8091677f4c3bc3876a8e5d92d0dd"",
 ""SHA256"": ""e68c230c979b69e80aaa1f37288e49a629a3e78e8f332dbf8882dd365c13c649""
}",REDACTED_USER,2026-08-27T19:48:27.000000848Z,4161536,false
